-- MySQL dump 10.13  Distrib 8.0.32, for Win64 (x86_64)
--
-- Host: 43.201.70.136    Database: cadang
-- ------------------------------------------------------
-- Server version	8.0.32

/*!40101 SET @OLD_CHARACTER_SET_CLIENT=@@CHARACTER_SET_CLIENT */;
/*!40101 SET @OLD_CHARACTER_SET_RESULTS=@@CHARACTER_SET_RESULTS */;
/*!40101 SET @OLD_COLLATION_CONNECTION=@@COLLATION_CONNECTION */;
/*!50503 SET NAMES utf8 */;
/*!40103 SET @OLD_TIME_ZONE=@@TIME_ZONE */;
/*!40103 SET TIME_ZONE='+00:00' */;
/*!40014 SET @OLD_UNIQUE_CHECKS=@@UNIQUE_CHECKS, UNIQUE_CHECKS=0 */;
/*!40014 SET @OLD_FOREIGN_KEY_CHECKS=@@FOREIGN_KEY_CHECKS, FOREIGN_KEY_CHECKS=0 */;
/*!40101 SET @OLD_SQL_MODE=@@SQL_MODE, SQL_MODE='NO_AUTO_VALUE_ON_ZERO' */;
/*!40111 SET @OLD_SQL_NOTES=@@SQL_NOTES, SQL_NOTES=0 */;

--
-- Table structure for table `data`
--

DROP TABLE IF EXISTS `data`;
/*!40101 SET @saved_cs_client     = @@character_set_client */;
/*!50503 SET character_set_client = utf8mb4 */;
CREATE TABLE `data` (
  `id` int unsigned NOT NULL AUTO_INCREMENT,
  `caffe_daily` int unsigned NOT NULL,
  `caffe_goal` int unsigned NOT NULL,
  `caffe_success` tinyint(1) NOT NULL,
  `cal_daily` int unsigned NOT NULL,
  `reg_date` date NOT NULL DEFAULT (curdate()),
  `money_daily` int unsigned NOT NULL,
  `sugar_daily` int unsigned NOT NULL,
  `sugar_goal` int unsigned NOT NULL,
  `sugar_success` tinyint(1) NOT NULL,
  `user_id` int unsigned NOT NULL,
  PRIMARY KEY (`id`),
  UNIQUE KEY `user_id` (`user_id`,`reg_date`),
  UNIQUE KEY `user_id_2` (`user_id`,`reg_date`),
  CONSTRAINT `data_ibfk_1` FOREIGN KEY (`user_id`) REFERENCES `user` (`id`) ON DELETE CASCADE
) ENGINE=InnoDB AUTO_INCREMENT=371 DEFAULT CHARSET=utf8mb4 COLLATE=utf8mb4_0900_ai_ci;
/*!40101 SET character_set_client = @saved_cs_client */;

--
-- Dumping data for table `data`
--

LOCK TABLES `data` WRITE;
/*!40000 ALTER TABLE `data` DISABLE KEYS */;
INSERT INTO `data` VALUES (1,0,400,1,0,'2023-02-13',0,0,25,1,1),(2,442,400,0,0,'2023-02-13',15600,102,25,0,2),(3,0,400,1,0,'2023-02-13',0,0,25,1,3),(4,4687,400,0,4585,'2023-02-13',198900,654,25,0,4),(5,0,400,1,0,'2023-02-13',0,0,25,1,5),(7,0,400,1,0,'2023-02-12',0,0,25,1,1),(8,4823,400,0,3190,'2023-02-12',49900,689,25,0,2),(9,0,400,1,0,'2023-02-12',0,0,25,1,3),(10,0,400,1,0,'2023-02-12',0,0,25,1,4),(11,0,400,1,0,'2023-02-12',0,0,25,1,5),(13,10,400,1,169,'2023-02-01',4500,8,25,1,2),(14,0,400,1,0,'2023-02-02',0,0,25,1,2),(15,0,400,1,0,'2023-02-03',0,0,25,1,2),(16,0,400,1,0,'2023-02-04',0,0,25,1,2),(17,0,400,1,0,'2023-02-05',0,0,25,1,2),(18,0,400,1,0,'2023-02-06',0,0,25,1,2),(19,0,400,1,0,'2023-02-07',0,0,25,1,2),(20,161,400,1,459,'2023-02-08',3800,64,25,0,2),(21,0,400,1,0,'2023-02-09',0,0,25,1,2),(25,0,400,1,0,'2023-01-01',0,0,25,1,2),(26,0,400,1,0,'2023-01-02',0,0,25,1,2),(27,0,400,1,0,'2023-01-03',0,0,25,1,2),(28,0,400,1,0,'2023-01-04',0,0,25,1,2),(29,0,400,1,0,'2023-01-05',0,0,25,1,2),(30,0,400,1,0,'2023-01-06',0,0,25,1,2),(31,0,400,1,0,'2023-01-07',0,0,25,1,2),(32,0,400,1,0,'2023-01-08',0,0,25,1,2),(33,0,400,1,0,'2023-01-09',0,0,25,1,2),(34,0,400,1,0,'2023-01-10',0,0,25,1,2),(35,0,400,1,0,'2023-01-11',0,0,25,1,2),(36,0,400,1,0,'2023-01-12',0,0,25,1,2),(37,0,400,1,0,'2023-01-13',0,0,25,1,2),(38,0,400,1,0,'2023-01-14',0,0,25,1,2),(39,0,400,1,0,'2023-01-15',0,0,25,1,2),(40,0,400,1,0,'2023-01-16',0,0,25,1,2),(41,0,400,1,0,'2023-01-17',0,0,25,1,2),(42,0,400,1,0,'2023-01-18',0,0,25,1,2),(43,0,400,1,0,'2023-01-19',0,0,25,1,2),(44,0,400,1,0,'2023-01-20',0,0,25,1,2),(45,0,400,1,0,'2023-01-21',0,0,25,1,2),(46,0,400,1,0,'2023-01-22',0,0,25,1,2),(47,0,400,1,0,'2023-01-23',0,0,25,1,2),(48,0,400,1,0,'2023-01-24',0,0,25,1,2),(49,0,400,1,0,'2023-01-25',0,0,25,1,2),(50,217,400,1,204,'2023-01-26',3700,58,25,0,2),(51,0,400,1,0,'2023-01-27',0,0,25,1,2),(52,0,400,1,0,'2023-01-28',0,0,25,1,2),(53,0,400,1,0,'2023-01-29',0,0,25,1,2),(54,0,400,1,0,'2023-01-30',0,0,25,1,2),(55,0,400,1,0,'2023-01-31',0,0,25,1,2),(56,0,400,1,0,'2022-12-01',0,0,25,1,2),(57,0,400,1,0,'2022-12-02',0,0,25,1,2),(58,0,400,1,0,'2022-12-03',0,0,25,1,2),(59,0,400,1,0,'2022-12-04',0,0,25,1,2),(60,0,400,1,0,'2022-12-05',0,0,25,1,2),(61,0,400,1,0,'2022-12-06',0,0,25,1,2),(62,0,400,1,0,'2022-12-07',0,0,25,1,2),(63,0,400,1,0,'2022-12-08',0,0,25,1,2),(64,0,400,1,0,'2022-12-09',0,0,25,1,2),(65,0,400,1,0,'2022-12-10',0,0,25,1,2),(66,0,400,1,0,'2022-12-11',0,0,25,1,2),(67,0,400,1,0,'2022-12-12',0,0,25,1,2),(68,0,400,1,0,'2022-12-13',0,0,25,1,2),(69,0,400,1,0,'2022-12-14',0,0,25,1,2),(70,0,400,1,0,'2022-12-15',0,0,25,1,2),(71,0,400,1,0,'2022-12-16',0,0,25,1,2),(72,0,400,1,0,'2022-12-17',0,0,25,1,2),(73,0,400,1,0,'2022-12-18',0,0,25,1,2),(74,0,400,1,0,'2022-12-19',0,0,25,1,2),(75,0,400,1,0,'2022-12-20',0,0,25,1,2),(76,0,400,1,0,'2022-12-21',0,0,25,1,2),(77,0,400,1,0,'2022-12-22',0,0,25,1,2),(78,0,400,1,0,'2022-12-23',0,0,25,1,2),(79,0,400,1,0,'2022-12-24',0,0,25,1,2),(80,0,400,1,0,'2022-12-25',0,0,25,1,2),(81,0,400,1,0,'2022-12-26',0,0,25,1,2),(82,0,400,1,0,'2022-12-27',0,0,25,1,2),(83,0,400,1,0,'2022-12-28',0,0,25,1,2),(84,0,400,1,0,'2022-12-29',0,0,25,1,2),(85,0,400,1,0,'2022-12-30',0,0,25,1,2),(86,0,400,1,0,'2022-12-31',0,0,25,1,2),(87,0,400,1,0,'2023-02-13',0,0,25,1,7),(88,0,400,1,0,'2023-02-10',0,0,25,1,2),(89,0,400,1,0,'2023-02-11',0,0,25,1,2),(90,0,400,1,0,'2023-02-13',0,0,25,1,8),(91,0,400,1,0,'2023-02-14',0,0,25,1,1),(92,400,400,1,645,'2023-02-14',23900,77,100,1,2),(93,0,400,1,0,'2023-02-14',0,0,25,1,3),(94,14175,400,0,0,'2023-02-14',315000,0,25,1,4),(95,0,400,1,0,'2023-02-14',0,0,25,1,5),(97,0,400,1,0,'2023-02-14',0,0,25,1,7),(98,210,400,1,244,'2023-02-14',3400,20,25,1,8),(99,330,700,1,30,'2023-01-10',10000,25,100,1,8),(100,330,700,1,30,'2023-02-01',10000,25,100,1,8),(102,70,400,1,190,'2023-02-14',5500,31,25,0,9),(103,225,400,1,0,'2023-02-14',5000,0,25,1,10),(105,0,400,1,0,'2023-02-15',0,0,25,1,1),(106,0,400,1,0,'2023-02-15',0,0,100,1,2),(107,0,400,1,0,'2023-02-15',0,0,25,1,3),(108,11250,400,0,0,'2023-02-15',250000,0,25,1,4),(109,0,500,1,0,'2023-02-15',0,0,300,1,5),(111,0,400,1,0,'2023-02-15',0,0,25,1,7),(112,0,300,1,277,'2023-02-15',3500,67,100,1,8),(113,0,500,1,0,'2023-02-15',0,0,253,1,9),(114,83,400,1,415,'2023-02-15',6300,49,25,0,10),(116,0,400,1,0,'2023-02-15',0,0,25,1,12),(117,0,400,1,0,'2023-02-15',0,0,25,1,13),(118,0,500,1,0,'2023-02-07',0,0,150,1,9),(119,0,500,1,0,'2023-02-10',0,0,150,1,9),(131,0,500,1,0,'2023-02-08',0,0,150,1,9),(133,0,500,1,0,'2023-02-09',0,0,150,1,9),(136,0,500,1,0,'2023-02-06',0,0,150,1,9),(141,0,500,1,0,'2023-02-02',0,0,150,1,9),(144,341,500,1,394,'2023-02-13',2500,38,150,1,9),(147,0,400,1,0,'2023-02-16',0,0,25,1,1),(148,0,400,1,0,'2023-02-16',0,0,100,1,2),(149,948,1000,1,939,'2023-02-16',10900,111,251,1,3),(150,355,400,1,310,'2023-02-16',11400,32,25,0,4),(151,986,100,0,406,'2023-02-16',9300,47,200,1,5),(153,0,400,1,0,'2023-02-16',0,0,25,1,7),(154,0,300,1,0,'2023-02-16',0,0,100,1,8),(155,278,500,1,491,'2023-02-16',9600,37,400,1,9),(156,924,400,0,756,'2023-02-16',15600,95,150,1,10),(158,0,400,1,0,'2023-02-16',0,0,25,1,12),(159,0,400,1,0,'2023-02-16',0,0,25,1,13),(160,0,400,1,0,'2023-02-16',0,0,25,1,14),(178,688,400,0,763,'2023-02-16',21600,88,70,0,32),(179,0,400,1,0,'2023-02-01',0,0,70,1,32),(180,233,400,1,663,'2023-02-02',15000,88,70,0,32),(181,418,400,0,312,'2023-02-03',4700,15,70,1,32),(182,0,400,1,410,'2023-02-04',4000,63,70,1,32),(183,237,400,1,394,'2023-02-05',3700,54,70,1,32),(184,72,400,1,300,'2023-02-06',11700,53,70,1,32),(185,143,400,1,787,'2023-02-07',9400,77,70,0,32),(186,702,400,0,535,'2023-02-08',19600,75,70,0,32),(187,0,400,1,622,'2023-02-09',4900,47,70,1,32),(188,208,400,1,301,'2023-02-13',3900,34,70,1,32),(189,0,400,1,329,'2023-02-15',3400,70,70,1,32),(190,75,400,1,300,'2023-02-10',6300,18,70,1,32),(191,33,400,1,0,'2023-02-11',5100,0,70,1,32),(192,365,400,1,481,'2023-02-12',2500,49,70,1,32),(193,0,400,1,0,'2023-02-01',0,0,25,1,4),(194,0,400,1,0,'2023-02-16',0,0,25,1,33),(195,0,500,1,0,'2023-02-16',0,0,30,1,34),(197,154,400,1,350,'2023-02-08',5800,47,100,1,10),(198,0,400,1,0,'2023-02-07',0,0,100,1,10),(200,0,500,1,189,'2023-02-05',4000,44,350,1,9),(201,0,400,1,212,'2023-02-16',8300,41,25,0,37),(202,0,400,1,0,'2023-02-16',0,0,25,1,38),(203,0,400,1,0,'2023-02-17',0,0,25,1,1),(204,0,400,1,0,'2023-02-17',0,0,100,1,2),(205,0,1000,1,0,'2023-02-17',0,0,251,1,3),(206,150,400,1,346,'2023-02-17',20000,48,25,0,4),(207,0,100,1,0,'2023-02-17',0,0,200,1,5),(208,0,400,1,0,'2023-02-17',0,0,25,1,7),(209,0,400,1,0,'2023-02-17',0,0,100,1,8),(210,406,500,1,808,'2023-02-17',22800,182,400,1,9),(211,393,400,1,1167,'2023-02-17',31900,166,150,0,10),(212,0,400,1,0,'2023-02-17',0,0,25,1,12),(213,0,400,1,0,'2023-02-17',0,0,25,1,13),(214,0,400,1,0,'2023-02-17',0,0,25,1,14),(215,150,400,1,459,'2023-02-17',8000,41,70,1,32),(216,0,400,1,0,'2023-02-17',0,0,25,1,33),(218,341,400,1,394,'2023-02-17',2500,38,25,0,37),(219,0,400,1,0,'2023-02-17',0,0,25,1,38),(370,370,400,1,0,'2023-02-17',0,5,30,1,34);
/*!40000 ALTER TABLE `data` ENABLE KEYS */;
UNLOCK TABLES;

--
-- Table structure for table `drink`
--

DROP TABLE IF EXISTS `drink`;
/*!40101 SET @saved_cs_client     = @@character_set_client */;
/*!50503 SET character_set_client = utf8mb4 */;
CREATE TABLE `drink` (
  `id` int unsigned NOT NULL AUTO_INCREMENT,
  `image` varchar(255) NOT NULL,
  `drink_name` varchar(100) NOT NULL,
  `caffeine` int unsigned DEFAULT NULL,
  `cal` int unsigned DEFAULT NULL,
  `price` int unsigned NOT NULL,
  `shot` int unsigned DEFAULT NULL,
  `size` varchar(20) NOT NULL,
  `vol` int unsigned NOT NULL,
  `sugar` int unsigned DEFAULT NULL,
  `whip` tinyint(1) DEFAULT NULL,
  `franchise_id` int unsigned NOT NULL,
  PRIMARY KEY (`id`),
  KEY `franchise_id` (`franchise_id`),
  CONSTRAINT `drink_ibfk_1` FOREIGN KEY (`franchise_id`) REFERENCES `franchise` (`id`) ON DELETE CASCADE
) ENGINE=InnoDB AUTO_INCREMENT=1714 DEFAULT CHARSET=utf8mb4 COLLATE=utf8mb4_0900_ai_ci;
/*!40101 SET character_set_client = @saved_cs_client */;

--
-- Dumping data for table `drink`
--

LOCK TABLES `drink` WRITE;
/*!40000 ALTER TABLE `drink` DISABLE KEYS */;
INSERT INTO `drink` VALUES (1,'https://www.baristapaulbassett.co.kr/upload/product/A/thumbnail_1_202212190200191991.png','바닐라빈 카페라떼 (HOT)',225,250,6200,2,'Standard',360,22,NULL,1),(2,'https://www.baristapaulbassett.co.kr/upload/product/A/thumbnail_1_202212190200191991.png','바닐라빈 카페라떼 (HOT)',245,285,6800,3,'Grand',460,25,NULL,1),(3,'https://www.baristapaulbassett.co.kr/upload/product/A/thumbnail_1_202212190200357771.png','바닐라빈 카페라떼 (ICED)',225,190,6200,2,'Standard',360,14,NULL,1),(4,'https://www.baristapaulbassett.co.kr/upload/product/A/thumbnail_1_202212190200357771.png','바닐라빈 카페라떼 (ICED)',245,240,6800,3,'Grand',460,19,NULL,1),(5,'https://www.baristapaulbassett.co.kr/upload/product/A/thumbnail_1_201903211036218861.jpg','룽고 (ICED)',225,15,4900,2,'Standard',360,0,NULL,1),(6,'https://www.baristapaulbassett.co.kr/upload/product/A/thumbnail_1_201903211036218861.jpg','룽고 (ICED)',245,15,5500,3,'Grand',460,0,NULL,1),(7,'https://www.baristapaulbassett.co.kr/upload/product/A/thumbnail_1_201903211031182001.jpg','룽고 (HOT)',225,15,4900,2,'Standard',300,0,NULL,1),(8,'https://www.baristapaulbassett.co.kr/upload/product/A/thumbnail_1_201903211031182001.jpg','룽고 (HOT)',245,15,5500,3,'Grand',400,0,NULL,1),(9,'https://www.baristapaulbassett.co.kr/upload/product/A/thumbnail_1_201903211042263731.jpg','아메리카노 (ICED)',160,10,4700,2,'Standard',360,0,NULL,1),(10,'https://www.baristapaulbassett.co.kr/upload/product/A/thumbnail_1_201903211033328911.jpg','아메리카노 (HOT)',160,10,4700,2,'Standard',360,0,NULL,1),(11,'https://www.baristapaulbassett.co.kr/upload/product/A/thumbnail_1_201903211021531581.jpg','리스트레토 (HOT)',150,10,4400,1,'Original',26,0,NULL,1),(12,'https://www.baristapaulbassett.co.kr/upload/product/A/thumbnail_1_201912111105461651.jpg','에스프레소 (HOT)',225,15,4400,2,'Original',60,0,NULL,1),(13,'https://www.baristapaulbassett.co.kr/upload/product/A/thumbnail_2_201903250641135980.jpg','에스프레소 마키아토 (HOT)',113,35,4400,1,'Original',70,2,NULL,1),(14,'https://www.baristapaulbassett.co.kr/upload/product/A/thumbnail_1_202109010623162770.png','허니 에스프레소 콘 파나',113,105,4900,1,'Original',70,10,NULL,1),(15,'https://www.baristapaulbassett.co.kr/upload/product/A/thumbnail_1_202109010625062531.png','초콜릿 에스프레소 콘 파나',114,90,4900,1,'Original',70,8,NULL,1),(16,'https://www.baristapaulbassett.co.kr/upload/product/A/thumbnail_1_202109010625347481.png','시나몬 에스프레소 콘 파나',113,100,4900,1,'Original',70,10,NULL,1),(17,'https://www.baristapaulbassett.co.kr/upload/product/A/thumbnail_2_202110011203537381.png','플랫 화이트',225,120,5700,2,'Original',230,7,NULL,1),(18,'https://www.baristapaulbassett.co.kr/upload/product/A/thumbnail_1_201903211107237211.jpg','카페라떼 (ICED)',225,135,5700,2,'Standard',360,9,NULL,1),(19,'https://www.baristapaulbassett.co.kr/upload/product/A/thumbnail_1_201903211107237211.jpg','카페라떼 (ICED)',245,165,6300,3,'Grand',460,12,NULL,1),(20,'https://www.baristapaulbassett.co.kr/upload/product/A/thumbnail_1_201903211053056601.jpg','카페라떼 (HOT)',225,210,5700,2,'Standard',360,15,NULL,1),(21,'https://www.baristapaulbassett.co.kr/upload/product/A/thumbnail_1_201903211053056601.jpg','카페라떼 (HOT)',245,250,6300,3,'Grand',460,18,NULL,1),(22,'https://www.baristapaulbassett.co.kr/upload/product/A/thumbnail_1_201903211048508581.jpg','아이스크림 카페 라떼',225,335,7000,2,'Standard',360,33,NULL,1),(23,'https://www.baristapaulbassett.co.kr/upload/product/A/thumbnail_1_201903211048508581.jpg','아이스크림 카페 라떼',245,375,7600,3,'Grand',375,33,NULL,1),(24,'https://www.baristapaulbassett.co.kr/upload/product/A/thumbnail_2_202212120924422081.png','카푸치노',225,210,5700,2,'Standard',360,15,NULL,1),(25,'https://www.baristapaulbassett.co.kr/upload/product/A/thumbnail_2_202212120924422081.png','카푸치노',245,250,6300,3,'Grand',460,18,NULL,1),(26,'https://www.baristapaulbassett.co.kr/upload/product/A/thumbnail_1_201903211117123241.jpg','스페니쉬 카페 라떼 (ICED)',225,295,6200,2,'Standard',360,28,NULL,1),(27,'https://www.baristapaulbassett.co.kr/upload/product/A/thumbnail_1_201903211117123241.jpg','스페니쉬 카페 라떼 (ICED)',245,380,6800,3,'Grand',460,31,NULL,1),(28,'https://www.baristapaulbassett.co.kr/upload/product/A/thumbnail_1_201904110901351460.png','스페니쉬 카페 라떼 (HOT)',225,310,6200,2,'Standard',360,28,NULL,1),(29,'https://www.baristapaulbassett.co.kr/upload/product/A/thumbnail_1_201904110901351460.png','스페니쉬 카페 라떼 (HOT)',245,520,6800,3,'Grand',460,41,NULL,1),(30,'https://www.baristapaulbassett.co.kr/upload/product/A/thumbnail_1_202004211059081041.jpg','카라멜 마키아토 (ICED)',225,405,6200,2,'Standard',360,43,NULL,1),(31,'https://www.baristapaulbassett.co.kr/upload/product/A/thumbnail_1_202004211059081041.jpg','카라멜 마키아토 (ICED)',245,570,6200,3,'Grand',460,55,NULL,1),(32,'https://www.baristapaulbassett.co.kr/upload/product/A/thumbnail_1_201903211105284401.jpg','시나몬 카페라떼 (ICED)',225,185,6200,2,'Standard',360,22,NULL,1),(33,'https://www.baristapaulbassett.co.kr/upload/product/A/thumbnail_1_201903211105284401.jpg','시나몬 카페라떼 (ICED)',245,245,6800,3,'Grand',460,31,NULL,1),(34,'https://www.baristapaulbassett.co.kr/upload/product/A/thumbnail_1_201903211056181001.jpg','시나몬 카페라떼 (HOT)',225,260,6200,2,'Standard',360,31,NULL,1),(35,'https://www.baristapaulbassett.co.kr/upload/product/A/thumbnail_1_201903211056181001.jpg','시나몬 카페라떼 (HOT)',245,325,6800,3,'Grand',460,38,NULL,1),(36,'https://www.baristapaulbassett.co.kr/upload/product/A/thumbnail_1_201903211113523011.jpg','콜드브루',165,10,4900,0,'Standard',360,0,NULL,1),(37,'https://www.baristapaulbassett.co.kr/upload/product/A/thumbnail_1_201903211113523011.jpg','콜드브루',210,10,5500,0,'Grand',460,0,NULL,1),(38,'https://www.baristapaulbassett.co.kr/upload/product/A/thumbnail_1_201903211115239201.jpg','콜드브루 라떼',165,130,5700,0,'Standard',360,9,NULL,1),(39,'https://www.baristapaulbassett.co.kr/upload/product/A/thumbnail_1_201903211115239201.jpg','콜드브루 라떼',210,145,6300,0,'Grand',460,10,NULL,1),(40,'https://www.baristapaulbassett.co.kr/upload/product/A/thumbnail_1_202007211148507841.jpg','스페니쉬 크림 콜드브루',200,125,6200,0,'Standard',360,6,NULL,1),(41,'https://www.baristapaulbassett.co.kr/upload/product/A/thumbnail_1_202007211148507841.jpg','스페니쉬 크림 콜드브루',230,130,6800,0,'Grand',460,6,NULL,1),(42,'https://www.baristapaulbassett.co.kr/upload/product/B/thumbnail_1_202212141225593061.png','설향딸기 아이스크림 라떼',0,400,7500,0,'Standard',360,56,NULL,1),(43,'https://www.baristapaulbassett.co.kr/upload/product/B/thumbnail_1_202212141225593061.png','설향딸기 아이스크림 라떼',0,500,8100,0,'Grand',460,70,NULL,1),(44,'https://www.baristapaulbassett.co.kr/upload/product/B/thumbnail_1_202301020921233191.jpg','고흥유자 배숙 (ICED)',0,200,6500,0,'Standard',360,39,NULL,1),(45,'https://www.baristapaulbassett.co.kr/upload/product/B/thumbnail_1_202301020920584311.jpg','고흥유자 배숙 (HOT)',0,400,6500,0,'Standard',360,43,NULL,1),(46,'https://www.baristapaulbassett.co.kr/upload/product/B/thumbnail_1_202301031213507261.jpg','경산대추 생강차 (ICED)',0,180,6500,0,'Standard',360,38,NULL,1),(47,'https://www.baristapaulbassett.co.kr/upload/product/B/thumbnail_1_202301031211374351.jpg','경산대추 생강차 (HOT)',0,185,6500,0,'Standard',360,40,NULL,1),(48,'https://www.baristapaulbassett.co.kr/upload/product/B/thumbnail_1_202301031215127551.jpg','상주곶감 수정과 (ICED)',0,215,6500,0,'Standard',360,40,NULL,1),(49,'https://www.baristapaulbassett.co.kr/upload/product/B/thumbnail_2_201905081055325481.png','라떼 프라페',225,400,7000,2,'Standard',360,49,NULL,1),(50,'https://www.baristapaulbassett.co.kr/upload/product/B/thumbnail_1_201905081042462191.png','밀크 프라페',0,410,7000,0,'Standard',360,37,NULL,1),(51,'https://www.baristapaulbassett.co.kr/upload/product/B/thumbnail_1_201905081046442241.png','발로나 초콜릿 프라페',24,480,7000,0,'Standard',360,54,NULL,1),(52,'https://www.baristapaulbassett.co.kr/upload/product/B/thumbnail_1_202205240435078631.png','망고 프라페',0,365,7000,0,'Standard',360,72,NULL,1),(53,'https://www.baristapaulbassett.co.kr/upload/product/B/thumbnail_1_201911201154098521.png','제주 말차 라떼 (HOT)',95,215,6000,0,'Standard',360,28,NULL,1),(54,'https://www.baristapaulbassett.co.kr/upload/product/B/thumbnail_1_201911201154098521.png','제주 말차 라떼 (HOT)',155,315,6600,0,'Grand',460,42,NULL,1),(55,'https://www.baristapaulbassett.co.kr/upload/product/B/thumbnail_1_201911200957167281.png','제주 말차 라떼 (ICED)',95,175,6000,0,'Standard',360,25,NULL,1),(56,'https://www.baristapaulbassett.co.kr/upload/product/B/thumbnail_1_201911200957167281.png','제주 말차 라떼 (ICED)',155,295,6600,0,'Grand',460,39,NULL,1),(57,'https://www.baristapaulbassett.co.kr/upload/product/B/thumbnail_1_201903210556246751.jpg','스윗 밀크티 (HOT)',56,235,6000,0,'Standard',360,31,NULL,1),(58,'https://www.baristapaulbassett.co.kr/upload/product/B/thumbnail_1_201903210556246751.jpg','스윗 밀크티 (HOT)',74,310,6600,0,'Grand',460,41,NULL,1),(59,'https://www.baristapaulbassett.co.kr/upload/product/B/thumbnail_2_201904120720348180.jpg','스윗 밀크티 (ICED)',42,175,6000,0,'Standard',360,23,NULL,1),(60,'https://www.baristapaulbassett.co.kr/upload/product/B/thumbnail_2_201904120720348180.jpg','스윗 밀크티 (ICED)',56,235,6600,0,'Grand',460,31,NULL,1),(61,'https://www.baristapaulbassett.co.kr/upload/product/B/thumbnail_1_202106250856499561.png','펌킨 식혜',0,175,5500,0,'Standard',360,35,NULL,1),(62,'https://www.baristapaulbassett.co.kr/upload/product/B/thumbnail_1_202104260852504110.png','모히또 에이드',0,135,6600,0,'Grand',460,33,NULL,1),(63,'https://www.baristapaulbassett.co.kr/upload/product/B/thumbnail_1_201903210626327311.jpg','제주 한라봉 에이드',0,200,6600,0,'Grand',460,45,NULL,1),(64,'https://www.baristapaulbassett.co.kr/upload/product/B/thumbnail_1_202006180853040050.jpg','블루베리 식혜 ',0,190,5500,0,'Standard',360,43,NULL,1),(65,'https://www.baristapaulbassett.co.kr/upload/product/B/thumbnail_1_202211280232271511.png','로즈 베리 블렌딩티 (HOT)',0,190,6000,0,'Standard',360,39,NULL,1),(66,'https://www.baristapaulbassett.co.kr/upload/product/B/thumbnail_1_202211280232271511.png','로즈 베리 블렌딩티 (HOT)',0,255,6600,0,'Grand',460,52,NULL,1),(67,'https://www.baristapaulbassett.co.kr/upload/product/B/thumbnail_1_202211280238361141.png','로즈 베리 블렌딩티 (ICED)',0,190,6000,0,'Standard',360,39,NULL,1),(68,'https://www.baristapaulbassett.co.kr/upload/product/B/thumbnail_1_202211280238361141.png','로즈 베리 블렌딩티 (ICED)',0,255,6600,0,'Grand',460,52,NULL,1),(69,'https://www.baristapaulbassett.co.kr/upload/product/B/thumbnail_1_201903210128273811.jpg','제주 한라봉 티',0,155,5500,0,'Standard',360,37,NULL,1),(70,'https://www.baristapaulbassett.co.kr/upload/product/B/thumbnail_1_201903210115358961.jpg','포숑 애플티 (HOT)',80,0,6100,0,'Grand',460,0,NULL,1),(71,'https://www.baristapaulbassett.co.kr/upload/product/B/thumbnail_1_201903211143306621.jpg','포숑 애플티 (ICED)',60,0,6100,0,'Grand',460,0,NULL,1),(72,'https://www.baristapaulbassett.co.kr/upload/product/B/thumbnail_1_201903210117344521.jpg','포숑 얼그레이 (HOT)',85,0,6100,0,'Grand',460,0,NULL,1),(73,'https://www.baristapaulbassett.co.kr/upload/product/B/thumbnail_1_201903211145428441.jpg','포숑 얼그레이 (ICED)',75,0,6100,0,'Grand',460,0,NULL,1),(74,'https://www.baristapaulbassett.co.kr/upload/product/B/thumbnail_1_201903210119093081.jpg','포숑 캐모마일티 (HOT)',0,0,6100,0,'Grand',460,0,NULL,1),(75,'https://www.baristapaulbassett.co.kr/upload/product/B/thumbnail_1_201903211150536601.jpg','포숑 캐모마일티 (ICED)',0,0,6100,0,'Grand',460,0,NULL,1),(76,'https://www.baristapaulbassett.co.kr/upload/product/B/thumbnail_1_201904121034216800.jpg','포숑 페퍼민트티 (HOT)',0,0,6100,0,'Grand',460,0,NULL,1),(77,'https://www.baristapaulbassett.co.kr/upload/product/B/thumbnail_1_201903210113109981.jpg','포숑 페퍼민트티 (ICED)',0,0,6100,0,'Grand',460,0,NULL,1),(78,'https://www.baristapaulbassett.co.kr/upload/product/B/thumbnail_1_201911201001439141.png','밀크 초콜릿 (HOT)',10,340,6000,0,'Standard',360,43,NULL,1),(79,'https://www.baristapaulbassett.co.kr/upload/product/B/thumbnail_1_201911201001439141.png','밀크 초콜릿 (HOT)',15,485,6600,0,'Grand',460,62,NULL,1),(80,'https://www.baristapaulbassett.co.kr/upload/product/B/thumbnail_1_201911201000410161.png','밀크  초콜릿 (ICED)',10,270,6000,0,'Standard',360,35,NULL,1),(81,'https://www.baristapaulbassett.co.kr/upload/product/B/thumbnail_1_201911201000410161.png','밀크  초콜릿 (ICED)',20,450,6600,0,'Grand',460,59,NULL,1),(82,'https://www.baristapaulbassett.co.kr/upload/product/B/thumbnail_1_201911200959267741.png','다크 초콜릿 (HOT)',20,280,6000,0,'Standard',360,42,NULL,1),(83,'https://www.baristapaulbassett.co.kr/upload/product/B/thumbnail_1_201911200959267741.png','다크 초콜릿 (HOT)',25,375,6600,0,'Grand',460,53,NULL,1),(84,'https://www.baristapaulbassett.co.kr/upload/product/B/thumbnail_1_201911200958226391.png','다크 초콜릿 (ICED)',20,260,6000,0,'Standard',360,40,NULL,1),(85,'https://www.baristapaulbassett.co.kr/upload/product/B/thumbnail_1_201911200958226391.png','다크 초콜릿 (ICED)',25,365,6600,0,'Grand',460,50,NULL,1),(86,'https://www.baristapaulbassett.co.kr/upload/product/B/thumbnail_2_201903210633483561.jpg','플레인 요거트',0,200,5500,0,'Standard',360,14,NULL,1),(87,'https://www.baristapaulbassett.co.kr/upload/product/B/thumbnail_1_201903210631243151.jpg','스트로베리 요거트',0,305,5500,0,'Standard',360,43,NULL,1),(88,'https://www.baristapaulbassett.co.kr/upload/product/A/thumbnail_1_202212190200191991.png','디카페인 바닐라빈 카페라떼 (HOT)',11,250,6700,0,'Standard',360,22,NULL,1),(89,'https://www.baristapaulbassett.co.kr/upload/product/A/thumbnail_1_202212190200191991.png','디카페인 바닐라빈 카페라떼 (HOT)',17,285,7300,0,'Grand',460,25,NULL,1),(90,'https://www.baristapaulbassett.co.kr/upload/product/A/thumbnail_1_202212190200357771.png','디카페인 바닐라빈 카페라떼 (ICED)',11,190,6700,0,'Standard',360,14,NULL,1),(91,'https://www.baristapaulbassett.co.kr/upload/product/A/thumbnail_1_202212190200357771.png','디카페인 바닐라빈 카페라떼 (ICED)',17,240,7300,0,'Grand',460,19,NULL,1),(92,'https://www.baristapaulbassett.co.kr/upload/product/A/thumbnail_1_201903211042263731.jpg','디카페인 아메리카노 (ICED)',10,10,5200,0,'Standard',360,0,NULL,1),(93,'https://www.baristapaulbassett.co.kr/upload/product/A/thumbnail_1_201903211033328911.jpg','디카페인 아메리카노 (HOT)',10,10,5200,0,'Standard',360,0,NULL,1),(94,'https://www.baristapaulbassett.co.kr/upload/product/A/thumbnail_1_201903211107237211.jpg','디카페인 카페라떼 (ICED)',11,135,6200,0,'Standard',360,9,NULL,1),(95,'https://www.baristapaulbassett.co.kr/upload/product/A/thumbnail_1_201903211107237211.jpg','디카페인 카페라떼 (ICED)',17,165,6800,0,'Grand',460,12,NULL,1),(96,'https://www.baristapaulbassett.co.kr/upload/product/A/thumbnail_1_201903211053056601.jpg','디카페인 카페라떼 (HOT)',11,210,6200,0,'Standard',360,15,NULL,1),(97,'https://www.baristapaulbassett.co.kr/upload/product/A/thumbnail_1_201903211053056601.jpg','디카페인 카페라떼 (HOT)',17,250,6800,0,'Grand',460,18,NULL,1),(98,'https://www.baristapaulbassett.co.kr/upload/product/A/thumbnail_1_201903211048508581.jpg','디카페인 아이스크림 카페 라떼',11,335,7000,0,'Standard',360,33,NULL,1),(99,'https://www.baristapaulbassett.co.kr/upload/product/A/thumbnail_1_201903211048508581.jpg','디카페인 아이스크림 카페 라떼',17,375,7600,0,'Grand',375,33,NULL,1),(100,'https://www.baristapaulbassett.co.kr/upload/product/A/thumbnail_2_202212120924422081.png','디카페인 카푸치노',11,210,6200,0,'Standard',360,15,NULL,1),(101,'https://www.baristapaulbassett.co.kr/upload/product/A/thumbnail_2_202212120924422081.png','디카페인 카푸치노',17,250,6800,0,'Grand',460,18,NULL,1),(102,'https://www.baristapaulbassett.co.kr/upload/product/A/thumbnail_1_201903211117123241.jpg','스페니쉬 카페 라떼 (ICED)',11,295,6700,0,'Standard',360,28,NULL,1),(103,'https://www.baristapaulbassett.co.kr/upload/product/A/thumbnail_1_201903211117123241.jpg','스페니쉬 카페 라떼 (ICED)',17,380,7300,0,'Grand',460,31,NULL,1),(104,'https://www.baristapaulbassett.co.kr/upload/product/A/thumbnail_1_201904110901351460.png','스페니쉬 카페 라떼 (HOT)',11,310,6700,0,'Standard',360,28,NULL,1),(105,'https://www.baristapaulbassett.co.kr/upload/product/A/thumbnail_1_201904110901351460.png','스페니쉬 카페 라떼 (HOT)',17,520,7300,0,'Grand',460,41,NULL,1),(106,'https://www.baristapaulbassett.co.kr/upload/product/A/thumbnail_1_202004211059081041.jpg','카라멜 마키아토 (ICED)',11,405,6700,0,'Standard',360,43,NULL,1),(107,'https://www.baristapaulbassett.co.kr/upload/product/A/thumbnail_1_202004211059081041.jpg','카라멜 마키아토 (ICED)',17,570,6700,0,'Grand',460,55,NULL,1),(108,'https://www.baristapaulbassett.co.kr/upload/product/A/thumbnail_1_201903211105284401.jpg','시나몬 카페라떼 (ICED)',11,185,6700,0,'Standard',360,22,NULL,1),(109,'https://www.baristapaulbassett.co.kr/upload/product/A/thumbnail_1_201903211105284401.jpg','시나몬 카페라떼 (ICED)',17,245,7300,0,'Grand',460,31,NULL,1),(110,'https://www.baristapaulbassett.co.kr/upload/product/A/thumbnail_1_201903211056181001.jpg','시나몬 카페라떼 (HOT)',11,260,6700,0,'Standard',360,31,NULL,1),(111,'https://www.baristapaulbassett.co.kr/upload/product/A/thumbnail_1_201903211056181001.jpg','시나몬 카페라떼 (HOT)',17,325,7300,0,'Grand',460,38,NULL,1),(112,'https://www.baristapaulbassett.co.kr/upload/product/B/thumbnail_2_201905081055325481.png','라떼 프라페',11,400,7500,0,'Standard',360,49,NULL,1),(113,'https://composecoffee.com/files/thumbnails/208/384x530.crop.jpg?20221116113006','에스프레소 (1shot)',104,15,1500,1,'기본',30,0,0,2),(114,'https://composecoffee.com/files/thumbnails/208/384x530.crop.jpg?20221116113006','에스프레소 (2shot)',156,15,1500,2,'기본',45,0,0,2),(115,'https://composecoffee.com/files/thumbnails/210/384x530.crop.jpg?20220903132917','아메리카노 (HOT)',156,15,1500,2,'기본',567,0,0,2),(116,'https://composecoffee.com/files/thumbnails/451/038/384x530.crop.jpg?20220903133230','아메리카노 (ICE)',156,15,1500,2,'기본',567,0,0,2),(117,'https://composecoffee.com/files/thumbnails/214/384x530.crop.jpg?20220905175844','카푸치노',208,192,2700,2,'기본',567,13,0,2),(118,'https://composecoffee.com/files/thumbnails/212/384x530.crop.jpg?20220903133448','카페라떼 (HOT)',208,204,2700,2,'기본',567,13,0,2),(119,'https://composecoffee.com/files/thumbnails/459/038/384x530.crop.jpg?20220903134125','카페라떼 (ICE)',208,155,2700,2,'기본',567,10,0,2),(120,'https://composecoffee.com/files/thumbnails/216/384x530.crop.jpg?20220905104534','바닐라라떼 (HOT)',208,258,3000,2,'기본',567,29,0,2),(121,'https://composecoffee.com/files/thumbnails/593/038/384x530.crop.jpg?20220905100635','바닐라라떼 (ICE)',208,2,3000,2,'기본',567,25,0,2),(122,'https://composecoffee.com/files/thumbnails/218/384x530.crop.jpg?20220905104041','헤이즐넛라떼 (HOT)',208,259,3000,2,'기본',567,30,0,2),(123,'https://composecoffee.com/files/thumbnails/602/038/384x530.crop.jpg?20220905103016','헤이즐넛라떼 (ICE)',208,203,3000,2,'기본',567,26,0,2),(124,'https://composecoffee.com/files/thumbnails/220/384x530.crop.jpg?20220905104720','카라멜마끼아또 (HOT)',208,343,3300,2,'기본',567,38,0,2),(125,'https://composecoffee.com/files/thumbnails/619/038/384x530.crop.jpg?20220905104928','카라멜마끼아또 (ICE)',208,285,3300,2,'기본',567,35,0,2),(126,'https://composecoffee.com/files/thumbnails/222/384x530.crop.jpg?20220905104802','카페모카 (HOT)',208,388,3300,2,'기본',567,34,1,2),(127,'https://composecoffee.com/files/thumbnails/609/038/384x530.crop.jpg?20220905103810','카페모카 (ICE)',208,332,3300,2,'기본',567,30,1,2),(128,'https://composecoffee.com/files/thumbnails/225/384x530.crop.jpg?20220905105035','돌체라떼 (HOT)',208,357,3500,2,'기본',567,62,0,2),(129,'https://composecoffee.com/files/thumbnails/623/038/384x530.crop.jpg?20220905105122','돌체라떼 (ICE)',208,268,3500,2,'기본',567,48,0,2),(130,'https://composecoffee.com/files/thumbnails/227/384x530.crop.jpg?20220820135251','흑당라떼 (ICE)',104,207,3800,1,'기본',567,42,0,2),(131,'https://composecoffee.com/files/thumbnails/237/384x530.crop.jpg?20220905105752','더치커피 (HOT)',198,8,3000,0,'기본',567,0,0,2),(132,'https://composecoffee.com/files/thumbnails/627/038/384x530.crop.jpg?20220905105950','더치커피 (ICE)',198,8,3000,0,'기본',567,0,0,2),(133,'https://composecoffee.com/files/thumbnails/658/034/384x530.crop.jpg?20220905110232','더치라떼 (HOT)',198,190,3500,0,'기본',567,13,0,2),(134,'https://composecoffee.com/files/thumbnails/633/038/384x530.crop.jpg?20220905110421','더치라떼 (ICE)',198,113,3500,0,'기본',567,7,0,2),(135,'https://composecoffee.com/files/thumbnails/229/384x530.crop.jpg?20220905110836','아인슈페너라떼 (ICE)',208,301,3900,2,'기본',567,34,0,2),(136,'https://composecoffee.com/files/thumbnails/241/384x530.crop.jpg?20220905110640','아인슈페너 (ICE)',198,190,3800,0,'기본',567,17,0,2),(137,'https://composecoffee.com/files/thumbnails/237/384x530.crop.jpg?20220905105752','디카페인 더치커피 (HOT)',9,8,3000,0,'기본',567,0,0,2),(138,'https://composecoffee.com/files/thumbnails/769/038/384x530.crop.jpg?20220905151613','디카페인 더치커피 (ICE)',9,8,3000,0,'기본',567,0,0,2),(139,'https://composecoffee.com/files/thumbnails/239/384x530.crop.jpg?20220905151743','디카페인 더치라떼 (HOT)',9,190,3500,0,'기본',567,13,0,2),(140,'https://composecoffee.com/files/thumbnails/775/038/384x530.crop.jpg?20220905151847','디카페인 더치라떼 (ICE)',9,113,3500,0,'기본',567,7,0,2),(141,'https://composecoffee.com/files/thumbnails/665/034/384x530.crop.jpg?20220905110920','달고나라떼 (ICE)',156,337,3900,2,'기본',567,49,0,2),(142,'https://composecoffee.com/files/thumbnails/247/384x530.crop.jpg?20220905130055','더블초코라떼 (HOT)',0,456,3500,0,'기본',567,41,1,2),(143,'https://composecoffee.com/files/thumbnails/724/038/384x530.crop.jpg?20220905130209','더블초코라떼 (ICE)',0,400,3500,0,'기본',567,35,1,2),(144,'https://composecoffee.com/files/thumbnails/249/384x530.crop.jpg?20220905130309','쿠키초코라떼 (HOT)',0,609,3500,0,'기본',567,57,1,2),(145,'https://composecoffee.com/files/thumbnails/730/038/384x530.crop.jpg?20220905130351','쿠키초코라떼 (ICE)',0,574,3500,0,'기본',567,55,1,2),(146,'https://composecoffee.com/files/thumbnails/253/384x530.crop.jpg?20220905131029','민트초코오레오라떼 (HOT)',0,588,3500,0,'기본',567,54,1,2),(147,'https://composecoffee.com/files/thumbnails/746/038/384x530.crop.jpg?20220905131113','민트초코오레오라떼 (ICE)',0,518,3500,0,'기본',567,49,1,2),(148,'https://composecoffee.com/files/thumbnails/251/384x530.crop.jpg?20220905130753','그린티라떼 (HOT)',0,398,3500,0,'기본',567,47,0,2),(149,'https://composecoffee.com/files/thumbnails/742/038/384x530.crop.jpg?20220905130835','그린티라떼 (ICE)',0,328,3500,0,'기본',567,42,0,2),(150,'https://composecoffee.com/files/thumbnails/243/384x530.crop.jpg?20220905131202','곡물라떼 (HOT)',0,516,3000,0,'기본',567,40,0,2),(151,'https://composecoffee.com/files/thumbnails/750/038/384x530.crop.jpg?20220923181313','곡물라떼 (ICE)',0,481,3000,0,'기본',567,37,0,2),(152,'https://composecoffee.com/files/thumbnails/245/384x530.crop.jpg?20220905130443','고구마라떼 (HOT)',0,411,3300,0,'기본',567,43,0,2),(153,'https://composecoffee.com/files/thumbnails/734/038/384x530.crop.jpg?20220905130533','고구마라떼 (ICE)',0,363,3300,0,'기본',567,37,0,2),(154,'https://composecoffee.com/files/thumbnails/257/384x530.crop.jpg?20220905130625','밀크티 (HOT)',0,314,3800,0,'기본',567,41,0,2),(155,'https://composecoffee.com/files/thumbnails/738/038/384x530.crop.jpg?20220905130712','밀크티 (ICE)',0,314,3800,0,'기본',567,41,0,2),(156,'https://composecoffee.com/files/thumbnails/255/384x530.crop.jpg?20220905111048','흑당밀크 (ICE)',0,333,3500,0,'기본',567,48,0,2),(157,'https://composecoffee.com/files/thumbnails/755/012/384x530.crop.jpg?20211119114710','딸기라떼 (ICE)',0,0,3500,0,'기본',567,0,1,2),(158,'https://composecoffee.com/files/thumbnails/315/384x530.crop.jpg?20210709103251','리얼초코자바칩프라페',0,575,3900,0,'기본',567,56,1,2),(159,'https://composecoffee.com/files/thumbnails/319/384x530.crop.jpg?20210709103323','민트초코오레오프라페',0,287,3900,0,'기본',567,57,1,2),(160,'https://composecoffee.com/files/thumbnails/317/384x530.crop.jpg?20210709103307','쿠키초코프라페',0,512,3900,0,'기본',567,50,1,2),(161,'https://composecoffee.com/files/thumbnails/321/384x530.crop.jpg?20210709103342','그린티프라페',0,519,3900,0,'기본',567,64,1,2),(162,'https://composecoffee.com/files/thumbnails/267/384x530.crop.jpg?20221110183319','딸기스무디',0,510,3500,0,'기본',567,104,0,2),(163,'https://composecoffee.com/files/thumbnails/269/384x530.crop.jpg?20221110183447','망고스무디',0,410,3500,0,'기본',567,61,0,2),(164,'https://composecoffee.com/files/thumbnails/271/384x530.crop.jpg?20221110183615','블루베리스무디',0,314,3500,0,'기본',567,54,0,2),(165,'https://composecoffee.com/files/thumbnails/279/384x530.crop.jpg?20221110184403','플레인요거트스무디',0,446,3800,0,'기본',567,81,0,2),(166,'https://composecoffee.com/files/thumbnails/273/384x530.crop.jpg?20221110183850','딸기요거트스무디',0,437,3800,0,'기본',567,82,0,2),(167,'https://composecoffee.com/files/thumbnails/275/384x530.crop.jpg?20210709100201','망고요거트스무디',0,456,3800,0,'기본',567,83,0,2),(168,'https://composecoffee.com/files/thumbnails/277/384x530.crop.jpg?20210709100223','블루베리요거트스무디',0,433,3800,0,'기본',567,81,0,2),(169,'https://composecoffee.com/files/thumbnails/480/018/384x530.crop.jpg?20220211113547','유자스무디',0,0,3500,0,'기본',567,0,0,2),(170,'https://composecoffee.com/files/thumbnails/235/384x530.crop.jpg?20220819151844','모카자바칩프라페',208,555,4400,2,'기본',567,53,1,2),(171,'https://composecoffee.com/files/thumbnails/283/384x530.crop.jpg?20220905115916','레몬에이드',0,179,3500,0,'기본',567,44,0,2),(172,'https://composecoffee.com/files/thumbnails/281/384x530.crop.jpg?20220905114122','자몽에이드',0,176,3500,0,'기본',567,42,0,2),(173,'https://composecoffee.com/files/thumbnails/285/384x530.crop.jpg?20220905115515','망고에이드',0,182,3500,0,'기본',567,39,0,2),(174,'https://composecoffee.com/files/thumbnails/287/384x530.crop.jpg?20220905115753','유자에이드',0,334,3500,0,'기본',567,74,0,2),(175,'https://composecoffee.com/files/thumbnails/291/384x530.crop.jpg?20220905112629','청포도에이드',0,220,3500,0,'기본',567,52,0,2),(176,'https://composecoffee.com/files/thumbnails/289/384x530.crop.jpg?20210709100622','블루레몬에이드',0,162,3500,0,'기본',567,40,0,2),(177,'https://composecoffee.com/files/thumbnails/293/384x530.crop.jpg?20220905120004','패션후르츠에이드',0,226,3500,0,'기본',567,55,0,2),(178,'https://composecoffee.com/files/thumbnails/295/384x530.crop.jpg?20220905120038','타트체리에이드',0,246,3500,0,'기본',567,51,0,2),(179,'https://composecoffee.com/files/thumbnails/485/018/384x530.crop.jpg?20221110182856','키위주스',0,224,3800,0,'기본',567,34,0,2),(180,'https://composecoffee.com/files/thumbnails/487/018/384x530.crop.jpg?20221110182606','복숭아주스',0,264,3800,0,'기본',567,44,0,2),(181,'https://composecoffee.com/files/thumbnails/489/018/384x530.crop.jpg?20221110183040','샤인머스켓케일 주스',0,234,3800,0,'기본',567,50,0,2),(182,'https://composecoffee.com/files/thumbnails/491/018/384x530.crop.jpg?20221110182946','오렌지당근 주스',0,234,3800,0,'기본',567,40,0,2),(183,'https://composecoffee.com/files/thumbnails/815/038/384x530.crop.jpg?20220905163733','허브티(페퍼민트) (HOT)',0,0,2500,0,'기본',567,0,0,2),(184,'https://composecoffee.com/files/thumbnails/797/038/384x530.crop.jpg?20220905163819','허브티(페퍼민트) (ICE)',0,0,2500,0,'기본',567,0,0,2),(185,'https://composecoffee.com/files/thumbnails/813/038/384x530.crop.jpg?20220905163733','허브티(캐모마일) (HOT)',0,0,2500,0,'기본',567,0,0,2),(186,'https://composecoffee.com/files/thumbnails/795/038/384x530.crop.jpg?20220905163852','허브티(캐모마일) (ICE)',0,0,2500,0,'기본',567,0,0,2),(187,'https://composecoffee.com/files/thumbnails/811/038/384x530.crop.jpg?20220905163733','허브티(로즈마리) (HOT)',0,0,2500,0,'기본',567,0,0,2),(188,'https://composecoffee.com/files/thumbnails/793/038/384x530.crop.jpg?20220905163918','허브티(로즈마리) (ICE)',0,0,2500,0,'기본',567,0,0,2),(189,'https://composecoffee.com/files/thumbnails/809/038/384x530.crop.jpg?20220905163734','홍차(얼그레이) (HOT)',0,0,2500,0,'기본',567,0,0,2),(190,'https://composecoffee.com/files/thumbnails/791/038/384x530.crop.jpg?20220905163956','홍차(얼그레이) (ICE)',0,0,2500,0,'기본',567,0,0,2),(191,'https://composecoffee.com/files/thumbnails/309/384x530.crop.jpg?20220905111544','허니자몽티 (HOT)',0,240,3500,0,'기본',567,49,0,2),(192,'https://composecoffee.com/files/thumbnails/678/038/384x530.crop.jpg?20220905112325','허니자몽티 (ICE)',0,240,3500,0,'기본',567,49,0,2),(193,'https://composecoffee.com/files/thumbnails/313/384x530.crop.jpg?20220905111437','허니유자티 (HOT)',0,283,3500,0,'기본',567,59,0,2),(194,'https://composecoffee.com/files/thumbnails/682/038/384x530.crop.jpg?20220905164902','허니유자티 (ICE)',0,283,3500,0,'기본',567,59,0,2),(195,'https://composecoffee.com/files/thumbnails/311/384x530.crop.jpg?20220905111629','허니레몬티 (HOT)',0,242,3500,0,'기본',567,50,0,2),(196,'https://composecoffee.com/files/thumbnails/680/038/384x530.crop.jpg?20220905112400','허니레몬티 (ICE)',0,242,3500,0,'기본',567,50,0,2),(197,'https://composecoffee.com/files/thumbnails/307/384x530.crop.jpg?20220905111731','복숭아티 (HOT)',0,199,3000,0,'기본',567,47,0,2),(198,'https://composecoffee.com/files/thumbnails/672/038/384x530.crop.jpg?20220905111833','복숭아티 (ICE)',0,199,3000,0,'기본',567,47,0,2),(199,'https://composecoffee.com/files/thumbnails/476/018/384x530.crop.jpg?20220905111950','자몽허니블랙티 (HOT)',0,256,3800,0,'기본',567,59,0,2),(200,'https://composecoffee.com/files/thumbnails/676/038/384x530.crop.jpg?20220905112034','자몽허니블랙티 (ICE)',0,242,3800,0,'기본',567,56,0,2),(201,'https://composecoffee.com/files/thumbnails/807/038/384x530.crop.jpg?20220905163734','홍차(블랙퍼스트) (HOT)',0,0,2500,0,'기본',567,0,0,2),(202,'https://composecoffee.com/files/thumbnails/789/038/384x530.crop.jpg?20220905164024','홍차(블랙퍼스트) (ICE)',0,0,2500,0,'기본',567,0,0,2),(203,'https://composecoffee.com/files/thumbnails/323/384x530.crop.jpg?20210709103422','플레인밀크쉐이크',0,560,3900,0,'기본',567,48,0,2),(204,'https://composecoffee.com/files/thumbnails/325/384x530.crop.jpg?20210709103438','팥절미밀크쉐이크',0,704,4200,0,'기본',567,78,0,2),(205,'https://composecoffee.com/files/thumbnails/327/384x530.crop.jpg?20210709103454','쿠키밀크쉐이크',0,672,4200,0,'기본',567,62,0,2),(206,'https://composecoffee.com/files/thumbnails/331/384x530.crop.jpg?20210709103531','베리베리밀크쉐이크',0,590,3900,0,'기본',567,64,0,2),(207,'https://composecoffee.com/files/thumbnails/478/018/384x530.crop.jpg?20220211113405','바나나밀크쉐이크',0,0,3900,0,'기본',567,0,0,2),(208,'https://composecoffee.com/files/thumbnails/231/384x530.crop.jpg?20220819144204','커피밀크쉐이크',0,565,4200,0,'기본',567,52,0,2),(209,'https://mcdn.twosome.co.kr/menu_image/P_MA_Z_TSPLC_MENU_REG/1000/1000/PITEM/10100001_01_01_20210611.jpg?width=600&height=600&q=100','아메리카노 (HOT)',154,15,4500,2,'Regular',355,0,0,3),(210,'https://mcdn.twosome.co.kr/menu_image/P_MA_Z_TSPLC_MENU_REG/1000/1000/PITEM/10100001_01_01_20210611.jpg?width=600&height=600&q=100','아메리카노 (HOT)',231,20,5000,3,'Large',473,0,0,3),(211,'https://mcdn.twosome.co.kr/menu_image/P_MA_Z_TSPLC_MENU_REG/1000/1000/PITEM/102.png?width=600&height=600&q=100','아메리카노 (ICE)',154,15,4500,2,'Regular',355,0,0,3),(212,'https://mcdn.twosome.co.kr/menu_image/P_MA_Z_TSPLC_MENU_REG/1000/1000/PITEM/102.png?width=600&height=600&q=100','아메리카노 (ICE)',231,20,5000,3,'Large',473,0,0,3),(213,'https://mcdn.twosome.co.kr/menu_image/P_MA_Z_TSPLC_MENU_REG/1000/1000/PITEM/102.png?width=600&height=600&q=100','아메리카노 (ICE)',308,25,5500,4,'Max',591,0,0,3),(214,'https://mcdn.twosome.co.kr/menu_image/P_MA_Z_TSPLC_MENU_REG/1000/1000/PITEM/10100001_01_01_20210611.jpg?width=600&height=600&q=100','디카페인 아메리카노 (HOT)',5,15,4500,0,'Regular',355,0,0,3),(215,'https://mcdn.twosome.co.kr/menu_image/P_MA_Z_TSPLC_MENU_REG/1000/1000/PITEM/10100001_01_01_20210611.jpg?width=600&height=600&q=100','디카페인 아메리카노 (HOT)',7,20,5000,0,'Large',473,0,0,3),(216,'https://mcdn.twosome.co.kr/menu_image/P_MA_Z_TSPLC_MENU_REG/1000/1000/PITEM/102.png?width=600&height=600&q=100','디카페인 아메리카노 (ICE)',5,15,4500,0,'Regular',355,0,0,3),(217,'https://mcdn.twosome.co.kr/menu_image/P_MA_Z_TSPLC_MENU_REG/1000/1000/PITEM/102.png?width=600&height=600&q=100','디카페인 아메리카노 (ICE)',7,20,5000,0,'Large',473,0,0,3),(218,'https://mcdn.twosome.co.kr/menu_image/P_MA_Z_TSPLC_MENU_REG/1000/1000/PITEM/102.png?width=600&height=600&q=100','디카페인 아메리카노 (ICE)',9,25,5500,0,'Max',591,0,0,3),(219,'https://mcdn.twosome.co.kr/menu_image/P_MA_Z_TSPLC_MENU_REG/1000/1000/PITEM/10100002_01_01_20210611.jpg?width=600&height=600&q=100','카페라떼 (HOT)',154,170,5000,2,'Regular',355,11,0,3),(220,'https://mcdn.twosome.co.kr/menu_image/P_MA_Z_TSPLC_MENU_REG/1000/1000/PITEM/10100002_01_01_20210611.jpg?width=600&height=600&q=100','카페라떼 (HOT)',231,230,5500,3,'Large',473,14,0,3),(221,'https://mcdn.twosome.co.kr/menu_image/P_MA_Z_TSPLC_MENU_REG/1000/1000/PITEM/104.png?width=600&height=600&q=100','카페라떼 (ICE)',154,120,5000,2,'Regular',355,7,0,3),(222,'https://mcdn.twosome.co.kr/menu_image/P_MA_Z_TSPLC_MENU_REG/1000/1000/PITEM/104.png?width=600&height=600&q=100','카페라떼 (ICE)',231,155,5500,3,'Large',473,9,0,3),(223,'https://mcdn.twosome.co.kr/menu_image/P_MA_Z_TSPLC_MENU_REG/1000/1000/PITEM/104.png?width=600&height=600&q=100','카페라뗴 (ICE)',308,180,6000,4,'Max',591,10,0,3),(224,'https://mcdn.twosome.co.kr/menu_image/P_MA_Z_TSPLC_MENU_REG/1000/1000/PITEM/10100002_01_01_20210611.jpg?width=600&height=600&q=100','디카페인 카페라떼 (HOT)',5,170,5000,0,'Regular',355,11,0,3),(225,'https://mcdn.twosome.co.kr/menu_image/P_MA_Z_TSPLC_MENU_REG/1000/1000/PITEM/10100002_01_01_20210611.jpg?width=600&height=600&q=100','디카페인 카페라떼 (HOT)',7,230,5500,0,'Large',473,14,0,3),(226,'https://mcdn.twosome.co.kr/menu_image/P_MA_Z_TSPLC_MENU_REG/1000/1000/PITEM/104.png?width=600&height=600&q=100','디카페인 카페라떼 (ICE)',5,120,5000,0,'Regular',355,7,0,3),(227,'https://mcdn.twosome.co.kr/menu_image/P_MA_Z_TSPLC_MENU_REG/1000/1000/PITEM/104.png?width=600&height=600&q=100','디카페인 카페라떼 (ICE)',7,155,5500,0,'Large',473,9,0,3),(228,'https://mcdn.twosome.co.kr/menu_image/P_MA_Z_TSPLC_MENU_REG/1000/1000/PITEM/104.png?width=600&height=600&q=100','디카페인 카페라뗴 (ICE)',9,180,6000,0,'Max',591,10,0,3),(229,'https://mcdn.twosome.co.kr/menu_image/P_MA_Z_TSPLC_MENU_REG/1000/1000/PITEM/174.png?width=600&height=600&q=100','카푸치노',231,190,5500,3,'Large',473,12,0,3),(230,'https://mcdn.twosome.co.kr/menu_image/P_MA_Z_TSPLC_MENU_REG/1000/1000/PITEM/174.png?width=600&height=600&q=100','카푸치노',154,145,5000,2,'Regular',355,9,0,3),(231,'https://mcdn.twosome.co.kr/menu_image/P_MA_Z_TSPLC_MENU_REG/1000/1000/PITEM/174.png?width=600&height=600&q=100','디카페인 카푸치노',5,190,5500,0,'Large',473,12,0,3),(232,'https://mcdn.twosome.co.kr/menu_image/P_MA_Z_TSPLC_MENU_REG/1000/1000/PITEM/174.png?width=600&height=600&q=100','디카페인 카푸치노',7,145,5000,0,'Regular',355,9,0,3),(233,'https://mcdn.twosome.co.kr/menu_image/P_MA_Z_TSPLC_MENU_REG/1000/1000/PITEM/105.png?width=600&height=600&q=100','바닐라카페라떼 (HOT)',154,225,5500,2,'Regular',355,30,0,3),(234,'https://mcdn.twosome.co.kr/menu_image/P_MA_Z_TSPLC_MENU_REG/1000/1000/PITEM/105.png?width=600&height=600&q=100','바닐라카페라떼 (HOT)',231,310,6000,3,'Large',473,40,0,3),(235,'https://mcdn.twosome.co.kr/menu_image/P_MA_Z_TSPLC_MENU_REG/1000/1000/PITEM/106.png?width=600&height=600&q=100','바닐라카페라떼 (ICE)',154,170,5500,2,'Regular',355,23,0,3),(236,'https://mcdn.twosome.co.kr/menu_image/P_MA_Z_TSPLC_MENU_REG/1000/1000/PITEM/106.png?width=600&height=600&q=100','바닐라카페라떼 (ICE)',231,215,6000,3,'Large',473,30,0,3),(237,'https://mcdn.twosome.co.kr/menu_image/P_MA_Z_TSPLC_MENU_REG/1000/1000/PITEM/106.png?width=600&height=600&q=100','바닐라카페라떼 (ICE)',308,250,6500,4,'Max',591,35,0,3),(238,'https://mcdn.twosome.co.kr/menu_image/P_MA_Z_TSPLC_MENU_REG/1000/1000/PITEM/105.png?width=600&height=600&q=100','디카페인 바닐라카페라떼 (HOT)',5,225,5500,0,'Regular',355,30,0,3),(239,'https://mcdn.twosome.co.kr/menu_image/P_MA_Z_TSPLC_MENU_REG/1000/1000/PITEM/105.png?width=600&height=600&q=100','디카페인 바닐라카페라떼 (HOT)',7,310,6000,0,'Large',473,40,0,3),(240,'https://mcdn.twosome.co.kr/menu_image/P_MA_Z_TSPLC_MENU_REG/1000/1000/PITEM/106.png?width=600&height=600&q=100','디카페인 바닐라카페라떼 (ICE)',5,170,5500,0,'Regular',355,23,0,3),(241,'https://mcdn.twosome.co.kr/menu_image/P_MA_Z_TSPLC_MENU_REG/1000/1000/PITEM/106.png?width=600&height=600&q=100','디카페인 바닐라카페라떼 (ICE)',7,215,6000,0,'Large',473,30,0,3),(242,'https://mcdn.twosome.co.kr/menu_image/P_MA_Z_TSPLC_MENU_REG/1000/1000/PITEM/106.png?width=600&height=600&q=100','디카페인 바닐라카페라떼 (ICE)',9,250,6500,0,'Max',591,35,0,3),(243,'https://mcdn.twosome.co.kr/menu_image/P_MA_Z_TSPLC_MENU_REG/1000/1000/PITEM/10100005_01_01_20210611.jpg?width=600&height=600&q=100','카페모카 (HOT)',160,280,5500,2,'Regular',355,31,1,3),(244,'https://mcdn.twosome.co.kr/menu_image/P_MA_Z_TSPLC_MENU_REG/1000/1000/PITEM/10100005_01_01_20210611.jpg?width=600&height=600&q=100','카페모카 (HOT)',216,375,6000,3,'Large',473,42,1,3),(245,'https://mcdn.twosome.co.kr/menu_image/P_MA_Z_TSPLC_MENU_REG/1000/1000/PITEM/108.png?width=600&height=600&q=100','카페모카 (ICE)',160,260,5500,2,'Regular',355,27,1,3),(246,'https://mcdn.twosome.co.kr/menu_image/P_MA_Z_TSPLC_MENU_REG/1000/1000/PITEM/108.png?width=600&height=600&q=100','카페모카 (ICE)',216,340,6000,3,'Large',473,36,1,3),(247,'https://mcdn.twosome.co.kr/menu_image/P_MA_Z_TSPLC_MENU_REG/1000/1000/PITEM/108.png?width=600&height=600&q=100','카페모카 (ICE)',308,375,6500,4,'Max',591,40,1,3),(248,'https://mcdn.twosome.co.kr/menu_image/P_MA_Z_TSPLC_MENU_REG/1000/1000/PITEM/10100005_01_01_20210611.jpg?width=600&height=600&q=100','디카페인 카페모카 (HOT)',5,280,5500,0,'Regular',355,31,1,3),(249,'https://mcdn.twosome.co.kr/menu_image/P_MA_Z_TSPLC_MENU_REG/1000/1000/PITEM/10100005_01_01_20210611.jpg?width=600&height=600&q=100','디카페인 카페모카 (HOT)',6,375,6000,0,'Large',473,42,1,3),(250,'https://mcdn.twosome.co.kr/menu_image/P_MA_Z_TSPLC_MENU_REG/1000/1000/PITEM/108.png?width=600&height=600&q=100','디카페인 카페모카 (ICE)',5,260,5500,0,'Regular',355,27,1,3),(251,'https://mcdn.twosome.co.kr/menu_image/P_MA_Z_TSPLC_MENU_REG/1000/1000/PITEM/108.png?width=600&height=600&q=100','디카페인 카페모카 (ICE)',6,340,6000,0,'Large',473,36,1,3),(252,'https://mcdn.twosome.co.kr/menu_image/P_MA_Z_TSPLC_MENU_REG/1000/1000/PITEM/108.png?width=600&height=600&q=100','디카페인 카페모카 (ICE)',9,375,6500,0,'Max',591,40,1,3),(253,'https://mcdn.twosome.co.kr/menu_image/P_MA_Z_TSPLC_MENU_REG/1000/1000/PITEM/10100007_01_01_20210614.jpg?width=600&height=600&q=100','카라멜마키아또 (HOT)',154,240,5900,2,'Regular',355,28,0,3),(254,'https://mcdn.twosome.co.kr/menu_image/P_MA_Z_TSPLC_MENU_REG/1000/1000/PITEM/10100007_01_01_20210614.jpg?width=600&height=600&q=100','카라멜마키아또 (HOT)',231,310,6400,3,'Large',473,36,0,3),(255,'https://mcdn.twosome.co.kr/menu_image/P_MA_Z_TSPLC_MENU_REG/1000/1000/PITEM/110.png?width=600&height=600&q=100','카라멜마키아또 (ICE)',154,205,5900,2,'Regular',355,24,0,3),(256,'https://mcdn.twosome.co.kr/menu_image/P_MA_Z_TSPLC_MENU_REG/1000/1000/PITEM/110.png?width=600&height=600&q=100','카라멜마키아또 (ICE)',231,260,6400,3,'Large',473,30,0,3),(257,'https://mcdn.twosome.co.kr/menu_image/P_MA_Z_TSPLC_MENU_REG/1000/1000/PITEM/110.png?width=600&height=600&q=100','카라멜마키아또 (ICE)',308,305,6900,4,'Max',591,36,0,3),(258,'https://mcdn.twosome.co.kr/menu_image/P_MA_Z_TSPLC_MENU_REG/1000/1000/PITEM/10100007_01_01_20210614.jpg?width=600&height=600&q=100','디카페인 카라멜마키아또 (HOT)',5,240,5900,0,'Regular',355,28,0,3),(259,'https://mcdn.twosome.co.kr/menu_image/P_MA_Z_TSPLC_MENU_REG/1000/1000/PITEM/10100007_01_01_20210614.jpg?width=600&height=600&q=100','디카페인 카라멜마키아또 (HOT)',7,310,6400,0,'Large',473,36,0,3),(260,'https://mcdn.twosome.co.kr/menu_image/P_MA_Z_TSPLC_MENU_REG/1000/1000/PITEM/110.png?width=600&height=600&q=100','디카페인 카라멜마키아또 (ICE)',5,205,5900,0,'Regular',355,24,0,3),(261,'https://mcdn.twosome.co.kr/menu_image/P_MA_Z_TSPLC_MENU_REG/1000/1000/PITEM/110.png?width=600&height=600&q=100','디카페인 카라멜마키아또 (ICE)',7,260,6400,0,'Large',473,30,0,3),(262,'https://mcdn.twosome.co.kr/menu_image/P_MA_Z_TSPLC_MENU_REG/1000/1000/PITEM/110.png?width=600&height=600&q=100','디카페인 카라멜마키아또 (ICE)',9,305,6900,0,'Max',591,36,0,3),(263,'https://mcdn.twosome.co.kr/menu_image/P_MA_Z_TSPLC_MENU_REG/1000/1000/PITEM/10100009_01_01_20210611.jpg?width=600&height=600&q=100','숏카페라떼 (HOT)',154,120,5000,2,'Short',296,7,0,3),(264,'https://mcdn.twosome.co.kr/menu_image/P_MA_Z_TSPLC_MENU_REG/1000/1000/PITEM/113.png?width=600&height=600&q=100','숏카페라떼 (ICE)',154,100,5000,2,'Short',296,7,0,3),(265,'https://mcdn.twosome.co.kr/menu_image/P_MA_Z_TSPLC_MENU_REG/1000/1000/PITEM/10100009_01_01_20210611.jpg?width=600&height=600&q=100','디카페인 숏카페라떼 (HOT)',5,120,5000,0,'Short',296,7,0,3),(266,'https://mcdn.twosome.co.kr/menu_image/P_MA_Z_TSPLC_MENU_REG/1000/1000/PITEM/113.png?width=600&height=600&q=100','디카페인 숏카페라떼 (ICE)',5,100,5000,0,'Short',296,7,0,3),(267,'https://mcdn.twosome.co.kr/menu_image/P_MA_Z_TSPLC_MENU_REG/1000/1000/PITEM/10100008_01_01_20210611.jpg?width=600&height=600&q=100','롱블랙 (HOT)',154,10,4500,2,'Short',237,0,0,3),(268,'https://mcdn.twosome.co.kr/menu_image/P_MA_Z_TSPLC_MENU_REG/1000/1000/PITEM/112.png?width=600&height=600&q=100','롱블랙 (ICE)',154,15,4500,2,'Short',296,0,0,3),(269,'https://mcdn.twosome.co.kr/menu_image/P_MA_Z_TSPLC_MENU_REG/1000/1000/PITEM/10100008_01_01_20210611.jpg?width=600&height=600&q=100','디카페인 롱블랙 (HOT)',5,10,4500,0,'Short',237,0,0,3),(270,'https://mcdn.twosome.co.kr/menu_image/P_MA_Z_TSPLC_MENU_REG/1000/1000/PITEM/112.png?width=600&height=600&q=100','디카페인 롱블랙 (ICE)',5,15,4500,0,'Short',296,0,0,3),(271,'https://mcdn.twosome.co.kr/menu_image/P_MA_Z_TSPLC_MENU_REG/1000/1000/PITEM/114.png?width=600&height=600&q=100','에스프레소 싱글',77,5,3700,1,'기본',29,0,0,3),(272,'https://mcdn.twosome.co.kr/menu_image/P_MA_Z_TSPLC_MENU_REG/1000/1000/PITEM/114.png?width=600&height=600&q=100','에스프레소 더블',154,10,4200,2,'기본',59,0,0,3),(273,'https://mcdn.twosome.co.kr/menu_image/P_MA_Z_TSPLC_MENU_REG/1000/1000/PITEM/114.png?width=600&height=600&q=100','디카페인 에스프레소 싱글',5,5,3700,0,'기본',29,0,0,3),(274,'https://mcdn.twosome.co.kr/menu_image/P_MA_Z_TSPLC_MENU_REG/1000/1000/PITEM/114.png?width=600&height=600&q=100','디카페인 에스프레소 더블',5,10,4200,0,'기본',59,0,0,3),(275,'https://mcdn.twosome.co.kr/menu_image/P_MA_Z_TSPLC_MENU_REG/1000/1000/PITEM/117.png?width=600&height=600&q=100','스페니쉬연유카페라떼 (HOT)',154,310,5800,2,'Regular',355,34,0,3),(276,'https://mcdn.twosome.co.kr/menu_image/P_MA_Z_TSPLC_MENU_REG/1000/1000/PITEM/117.png?width=600&height=600&q=100','스페니쉬연유카페라떼 (HOT)',231,390,6300,3,'Large',473,43,0,3),(277,'https://mcdn.twosome.co.kr/menu_image/P_MA_Z_TSPLC_MENU_REG/1000/1000/PITEM/118.png?width=600&height=600&q=100','스페니쉬연유카페라떼 (ICE)',154,350,5800,2,'Regular',414,47,0,3),(278,'https://mcdn.twosome.co.kr/menu_image/P_MA_Z_TSPLC_MENU_REG/1000/1000/PITEM/118.png?width=600&height=600&q=100','스페니쉬연유카페라떼 (ICE)',231,450,6300,3,'Large',473,59,0,3),(279,'https://mcdn.twosome.co.kr/menu_image/P_MA_Z_TSPLC_MENU_REG/1000/1000/PITEM/118.png?width=600&height=600&q=100','스페니쉬연유카페라떼 (ICE)',308,530,6800,4,'Max',591,70,0,3),(280,'https://mcdn.twosome.co.kr/menu_image/P_MA_Z_TSPLC_MENU_REG/1000/1000/PITEM/117.png?width=600&height=600&q=100','디카페인 스페니쉬연유카페라떼 (HOT)',5,310,5800,0,'Regular',355,34,0,3),(281,'https://mcdn.twosome.co.kr/menu_image/P_MA_Z_TSPLC_MENU_REG/1000/1000/PITEM/117.png?width=600&height=600&q=100','디카페인 스페니쉬연유카페라떼 (HOT)',7,390,6300,0,'Large',473,43,0,3),(282,'https://mcdn.twosome.co.kr/menu_image/P_MA_Z_TSPLC_MENU_REG/1000/1000/PITEM/118.png?width=600&height=600&q=100','디카페인 스페니쉬연유카페라떼 (ICE)',5,350,5800,0,'Regular',414,47,0,3),(283,'https://mcdn.twosome.co.kr/menu_image/P_MA_Z_TSPLC_MENU_REG/1000/1000/PITEM/118.png?width=600&height=600&q=100','디카페인 스페니쉬연유카페라떼 (ICE)',7,450,6300,0,'Large',473,59,0,3),(284,'https://mcdn.twosome.co.kr/menu_image/P_MA_Z_TSPLC_MENU_REG/1000/1000/PITEM/118.png?width=600&height=600&q=100','디카페인 스페니쉬연유카페라떼 (ICE)',9,530,6800,0,'Max',591,70,0,3),(285,'https://mcdn.twosome.co.kr/menu_image/P_MA_Z_TSPLC_MENU_REG/1000/1000/PITEM/119.png?width=600&height=600&q=100','아이스크림카페라떼',154,190,6100,2,'Regular',355,13,0,3),(286,'https://mcdn.twosome.co.kr/menu_image/P_MA_Z_TSPLC_MENU_REG/1000/1000/PITEM/119.png?width=600&height=600&q=100','아이스크림카페라떼',231,210,6600,3,'Large',473,14,0,3),(287,'https://mcdn.twosome.co.kr/menu_image/P_MA_Z_TSPLC_MENU_REG/1000/1000/PITEM/119.png?width=600&height=600&q=100','아이스크림카페라떼',308,280,7100,4,'Max',591,19,0,3),(288,'https://mcdn.twosome.co.kr/menu_image/P_MA_Z_TSPLC_MENU_REG/1000/1000/PITEM/119.png?width=600&height=600&q=100','디카페인 아이스크림카페라떼',5,190,6100,0,'Regular',355,13,0,3),(289,'https://mcdn.twosome.co.kr/menu_image/P_MA_Z_TSPLC_MENU_REG/1000/1000/PITEM/119.png?width=600&height=600&q=100','디카페인 아이스크림카페라떼',7,210,6600,0,'Large',473,14,0,3),(290,'https://mcdn.twosome.co.kr/menu_image/P_MA_Z_TSPLC_MENU_REG/1000/1000/PITEM/119.png?width=600&height=600&q=100','디카페인 아이스크림카페라떼',9,280,7100,0,'Max',591,19,0,3),(291,'https://mcdn.twosome.co.kr/menu_image/P_MA_Z_TSPLC_MENU_REG/1000/1000/PITEM/120.png?width=600&height=600&q=100','달고나카페라떼 (HOT)',44,315,6000,1,'Regular',355,41,0,3),(292,'https://mcdn.twosome.co.kr/menu_image/P_MA_Z_TSPLC_MENU_REG/1000/1000/PITEM/120.png?width=600&height=600&q=100','달고나카페라떼 (HOT)',44,415,6500,1,'Large',473,54,0,3),(293,'https://mcdn.twosome.co.kr/menu_image/P_MA_Z_TSPLC_MENU_REG/1000/1000/PITEM/120.png?width=600&height=600&q=100','달고나카페라떼 (ICE) ',34,255,6000,1,'Regular',414,39,0,3),(294,'https://mcdn.twosome.co.kr/menu_image/P_MA_Z_TSPLC_MENU_REG/1000/1000/PITEM/120.png?width=600&height=600&q=100','달고나카페라떼 (ICE)',41,325,6500,1,'Large',473,50,0,3),(295,'https://mcdn.twosome.co.kr/menu_image/P_MA_Z_TSPLC_MENU_REG/1000/1000/PITEM/120.png?width=600&height=600&q=100','달고나카페라떼 (ICE)',47,360,7000,1,'Max',591,56,0,3),(296,'https://mcdn.twosome.co.kr/menu_image/P_MA_Z_TSPLC_MENU_REG/1000/1000/PITEM/10100020_01_01_20210611.jpg?width=600&height=600&q=100','흑임자카페라떼 (HOT)',154,335,6100,2,'Regular',355,32,0,3),(297,'https://mcdn.twosome.co.kr/menu_image/P_MA_Z_TSPLC_MENU_REG/1000/1000/PITEM/10100020_01_01_20210611.jpg?width=600&height=600&q=100','흑임자카페라떼 (HOT)',231,465,6600,3,'Large',473,44,0,3),(298,'https://mcdn.twosome.co.kr/menu_image/P_MA_Z_TSPLC_MENU_REG/1000/1000/PITEM/122.png?width=600&height=600&q=100','흑임자카페라떼 (ICE)',154,355,6100,2,'Regular',414,26,0,3),(299,'https://mcdn.twosome.co.kr/menu_image/P_MA_Z_TSPLC_MENU_REG/1000/1000/PITEM/122.png?width=600&height=600&q=100','흑임자카페라떼 (ICE)',231,480,6600,3,'Large',473,35,0,3),(300,'https://mcdn.twosome.co.kr/menu_image/P_MA_Z_TSPLC_MENU_REG/1000/1000/PITEM/122.png?width=600&height=600&q=100','흑임자카페라떼 (ICE)',308,540,7100,4,'Max',591,39,0,3),(301,'https://mcdn.twosome.co.kr/menu_image/P_MA_Z_TSPLC_MENU_REG/1000/1000/PITEM/10100020_01_01_20210611.jpg?width=600&height=600&q=100','디카페인 흑임자카페라떼 (HOT)',5,335,6100,0,'Regular',355,32,0,3),(302,'https://mcdn.twosome.co.kr/menu_image/P_MA_Z_TSPLC_MENU_REG/1000/1000/PITEM/10100020_01_01_20210611.jpg?width=600&height=600&q=100','디카페인 흑임자카페라떼 (HOT)',7,465,6600,0,'Large',473,44,0,3),(303,'https://mcdn.twosome.co.kr/menu_image/P_MA_Z_TSPLC_MENU_REG/1000/1000/PITEM/122.png?width=600&height=600&q=100','디카페인 흑임자카페라떼 (ICE)',5,355,6100,0,'Regular',414,26,0,3),(304,'https://mcdn.twosome.co.kr/menu_image/P_MA_Z_TSPLC_MENU_REG/1000/1000/PITEM/122.png?width=600&height=600&q=100','디카페인 흑임자카페라떼 (ICE)',7,480,6600,0,'Large',473,35,0,3),(305,'https://mcdn.twosome.co.kr/menu_image/P_MA_Z_TSPLC_MENU_REG/1000/1000/PITEM/122.png?width=600&height=600&q=100','디카페인 흑임자카페라떼 (ICE)',9,540,7100,0,'Max',591,39,0,3),(306,'https://mcdn.twosome.co.kr/menu_image/P_MA_Z_TSPLC_MENU_REG/1000/1000/PITEM/123.png?width=600&height=600&q=100','콜드브루',285,10,4900,0,'Regular',414,0,0,3),(307,'https://mcdn.twosome.co.kr/menu_image/P_MA_Z_TSPLC_MENU_REG/1000/1000/PITEM/123.png?width=600&height=600&q=100','콜드브루',371,15,5400,0,'Large',473,0,0,3),(308,'https://mcdn.twosome.co.kr/menu_image/P_MA_Z_TSPLC_MENU_REG/1000/1000/PITEM/123.png?width=600&height=600&q=100','콜드브루',456,20,5900,0,'Max',591,0,0,3),(309,'https://mcdn.twosome.co.kr/menu_image/P_MA_Z_TSPLC_MENU_REG/1000/1000/PITEM/124.png?width=600&height=600&q=100','콜드브루라떼',285,75,5400,0,'Regular',414,5,0,3),(310,'https://mcdn.twosome.co.kr/menu_image/P_MA_Z_TSPLC_MENU_REG/1000/1000/PITEM/124.png?width=600&height=600&q=100','콜드브루라떼',371,100,5900,0,'Large',473,6,0,3),(311,'https://mcdn.twosome.co.kr/menu_image/P_MA_Z_TSPLC_MENU_REG/1000/1000/PITEM/124.png?width=600&height=600&q=100','콜드브루라떼',456,120,6400,0,'Max',591,7,0,3),(312,'https://mcdn.twosome.co.kr/menu_image/P_MA_Z_TSPLC_MENU_REG/1000/1000/PITEM/10191275_01_01_20220304.jpg?width=600&height=600&q=100','데일리오트코코넛라떼 (HOT)',154,435,6000,2,'Regular',345,33,0,3),(313,'https://mcdn.twosome.co.kr/menu_image/P_MA_Z_TSPLC_MENU_REG/1000/1000/PITEM/10191275_01_01_20220304.jpg?width=600&height=600&q=100','데일리오트코코넛라떼 (HOT)',231,570,6500,3,'Large',450,43,0,3),(314,'https://mcdn.twosome.co.kr/menu_image/P_MA_Z_TSPLC_MENU_REG/1000/1000/PITEM/10191275_01_01_20220304.jpg?width=600&height=600&q=100','데일리오트코코넛라떼 (ICE)',154,395,6000,2,'Regular',405,26,0,3),(315,'https://mcdn.twosome.co.kr/menu_image/P_MA_Z_TSPLC_MENU_REG/1000/1000/PITEM/10191275_01_01_20220304.jpg?width=600&height=600&q=100','데일리오트코코넛라떼 (ICE)',231,515,6500,3,'Large',532,35,0,3),(316,'https://mcdn.twosome.co.kr/menu_image/P_MA_Z_TSPLC_MENU_REG/1000/1000/PITEM/10191275_01_01_20220304.jpg?width=600&height=600&q=100','데일리오트코코넛라떼 (ICE)',308,590,7000,4,'Max',607,39,0,3),(317,'https://mcdn.twosome.co.kr/menu_image/P_MA_Z_TSPLC_MENU_REG/1000/1000/PITEM/10191275_01_01_20220304.jpg?width=600&height=600&q=100','디카페인 데일리오트코코넛라떼 (HOT)',5,435,6000,2,'Regular',345,33,0,3),(318,'https://mcdn.twosome.co.kr/menu_image/P_MA_Z_TSPLC_MENU_REG/1000/1000/PITEM/10191275_01_01_20220304.jpg?width=600&height=600&q=100','디카페인 데일리오트코코넛라떼 (HOT)',7,570,6500,3,'Large',450,43,0,3),(319,'https://mcdn.twosome.co.kr/menu_image/P_MA_Z_TSPLC_MENU_REG/1000/1000/PITEM/10191275_01_01_20220304.jpg?width=600&height=600&q=100','디카페인 데일리오트코코넛라떼 (ICE)',5,395,6000,2,'Regular',405,26,0,3),(320,'https://mcdn.twosome.co.kr/menu_image/P_MA_Z_TSPLC_MENU_REG/1000/1000/PITEM/10191275_01_01_20220304.jpg?width=600&height=600&q=100','디카페인 데일리오트코코넛라떼 (ICE)',7,515,6500,3,'Large',532,35,0,3),(321,'https://mcdn.twosome.co.kr/menu_image/P_MA_Z_TSPLC_MENU_REG/1000/1000/PITEM/10191275_01_01_20220304.jpg?width=600&height=600&q=100','디카페인 데일리오트코코넛라떼 (ICE)',9,590,7000,4,'Max',607,39,0,3),(322,'https://mcdn.twosome.co.kr/menu_image/P_MA_Z_TSPLC_MENU_REG/1000/1000/PITEM/10191380_01_01_20220808.jpg?width=600&height=600&q=100','트리플샷블랙 (HOT)',233,20,5000,3,'Regular',360,0,0,3),(323,'https://mcdn.twosome.co.kr/menu_image/P_MA_Z_TSPLC_MENU_REG/1000/1000/PITEM/10191380_01_01_20220808.jpg?width=600&height=600&q=100','트리플샷블랙 (ICE)',220,20,5000,3,'Regular',390,0,0,3),(324,'https://mcdn.twosome.co.kr/menu_image/P_MA_Z_TSPLC_MENU_REG/1000/1000/PITEM/116.png?width=600&height=600&q=100','에스프레소마키아또 싱글',77,15,3900,1,'기본',29,1,0,3),(325,'https://mcdn.twosome.co.kr/menu_image/P_MA_Z_TSPLC_MENU_REG/1000/1000/PITEM/116.png?width=600&height=600&q=100','에스프레소마키아또 더블',154,25,4400,2,'기본',59,1,0,3),(326,'https://mcdn.twosome.co.kr/menu_image/P_MA_Z_TSPLC_MENU_REG/1000/1000/PITEM/115.png?width=600&height=600&q=100','에스프레소콘파나 싱글',77,50,3900,1,'기본',29,2,1,3),(327,'https://mcdn.twosome.co.kr/menu_image/P_MA_Z_TSPLC_MENU_REG/1000/1000/PITEM/115.png?width=600&height=600&q=100','에스프레소콘파나 더블',154,75,4400,2,'기본',59,3,1,3),(328,'https://mcdn.twosome.co.kr/menu_image/P_MA_Z_TSPLC_MENU_REG/1000/1000/PITEM/116.png?width=600&height=600&q=100','디카페인 에스프레소마키아또 싱글',2,15,3900,0,'기본',29,1,0,3),(329,'https://mcdn.twosome.co.kr/menu_image/P_MA_Z_TSPLC_MENU_REG/1000/1000/PITEM/116.png?width=600&height=600&q=100','디카페인 에스프레소마키아또 더블',5,25,4400,0,'기본',59,1,0,3),(330,'https://mcdn.twosome.co.kr/menu_image/P_MA_Z_TSPLC_MENU_REG/1000/1000/PITEM/115.png?width=600&height=600&q=100','디카페인 에스프레소콘파나 싱글',2,50,3900,0,'기본',29,2,1,3),(331,'https://mcdn.twosome.co.kr/menu_image/P_MA_Z_TSPLC_MENU_REG/1000/1000/PITEM/115.png?width=600&height=600&q=100','디카페인 에스프레소콘파나 더블',5,75,4400,0,'기본',59,3,1,3),(332,'https://mcdn.twosome.co.kr/menu_image/P_MA_Z_TSPLC_MENU_REG/1000/1000/PITEM/10191381_01_01_20220902041124.jpg?width=600&height=600&q=100','디카페인 데이&나잇 (HOT)',10,50,5500,0,'Regular',320,7,0,3),(333,'https://mcdn.twosome.co.kr/menu_image/P_MA_Z_TSPLC_MENU_REG/1000/1000/PITEM/10191381_01_01_20220902041124.jpg?width=600&height=600&q=100','디카페인 데이&나잇 (HOT)',15,70,6000,0,'Large',440,10,0,3),(334,'https://mcdn.twosome.co.kr/menu_image/P_MA_Z_TSPLC_MENU_REG/1000/1000/PITEM/10191381_01_01_20220902041124.jpg?width=600&height=600&q=100','디카페인 데이&나잇 (ICE)',10,50,5500,0,'Regular',380,7,0,3),(335,'https://mcdn.twosome.co.kr/menu_image/P_MA_Z_TSPLC_MENU_REG/1000/1000/PITEM/10191381_01_01_20220902041124.jpg?width=600&height=600&q=100','디카페인 데이&나잇 (ICE)',15,70,6000,0,'Large',520,10,0,3),(336,'https://mcdn.twosome.co.kr/menu_image/P_MA_Z_TSPLC_MENU_REG/1000/1000/PITEM/10191381_01_01_20220902041124.jpg?width=600&height=600&q=100','디카페인 데이&나잇 (ICE)',20,80,6500,0,'Max',590,11,0,3),(337,'https://mcdn.twosome.co.kr/menu_image/P_MA_Z_TSPLC_MENU_REG/1000/1000/PITEM/10191382_01_01_20220831.jpg?width=600&height=600&q=100','(1호점) 신촌커피 (HOT)',154,325,6100,2,'Regular',345,30,0,3),(338,'https://mcdn.twosome.co.kr/menu_image/P_MA_Z_TSPLC_MENU_REG/1000/1000/PITEM/10191382_01_01_20220831.jpg?width=600&height=600&q=100','(1호점) 신촌커피 (HOT)',231,400,6600,3,'Large',430,37,0,3),(339,'https://mcdn.twosome.co.kr/menu_image/P_MA_Z_TSPLC_MENU_REG/1000/1000/PITEM/10191382_01_01_20220831.jpg?width=600&height=600&q=100','(1호점) 신촌커피 (ICE)',154,295,6100,2,'Regular',405,28,0,3),(340,'https://mcdn.twosome.co.kr/menu_image/P_MA_Z_TSPLC_MENU_REG/1000/1000/PITEM/10191382_01_01_20220831.jpg?width=600&height=600&q=100','(1호점) 신촌커피 (ICE)',231,390,6600,3,'Large',535,36,0,3),(341,'https://mcdn.twosome.co.kr/menu_image/P_MA_Z_TSPLC_MENU_REG/1000/1000/PITEM/10191382_01_01_20220831.jpg?width=600&height=600&q=100','(1호점) 신촌커피 (ICE)',308,445,7100,4,'Max',610,41,0,3),(342,'https://mcdn.twosome.co.kr/menu_image/P_MA_Z_TSPLC_MENU_REG/1000/1000/PITEM/10191382_01_01_20220831.jpg?width=600&height=600&q=100','디카페인 (1호점) 신촌커피 (HOT)',5,325,6100,0,'Regular',345,30,0,3),(343,'https://mcdn.twosome.co.kr/menu_image/P_MA_Z_TSPLC_MENU_REG/1000/1000/PITEM/10191382_01_01_20220831.jpg?width=600&height=600&q=100','디카페인 (1호점) 신촌커피 (HOT)',7,400,6600,0,'Large',430,37,0,3),(344,'https://mcdn.twosome.co.kr/menu_image/P_MA_Z_TSPLC_MENU_REG/1000/1000/PITEM/10191382_01_01_20220831.jpg?width=600&height=600&q=100','디카페인 (1호점) 신촌커피 (ICE)',5,295,6100,0,'Regular',405,28,0,3),(345,'https://mcdn.twosome.co.kr/menu_image/P_MA_Z_TSPLC_MENU_REG/1000/1000/PITEM/10191382_01_01_20220831.jpg?width=600&height=600&q=100','디카페인 (1호점) 신촌커피 (ICE)',7,390,6600,0,'Large',535,36,0,3),(346,'https://mcdn.twosome.co.kr/menu_image/P_MA_Z_TSPLC_MENU_REG/1000/1000/PITEM/10191382_01_01_20220831.jpg?width=600&height=600&q=100','디카페인 (1호점) 신촌커피 (ICE)',9,445,7100,0,'Max',610,41,0,3),(347,'https://mcdn.twosome.co.kr/menu_image/P_MA_Z_TSPLC_MENU_REG/1000/1000/PITEM/10201694_01_01_20221227071337.jpg?width=600&height=600&q=100','딸기젤리밀크티',0,250,6500,0,'Regular',390,50,0,3),(348,'https://mcdn.twosome.co.kr/menu_image/P_MA_Z_TSPLC_MENU_REG/1000/1000/PITEM/10201694_01_01_20221227071337.jpg?width=600&height=600&q=100','딸기젤리밀크티',0,345,7000,0,'Large',540,70,0,3),(349,'https://mcdn.twosome.co.kr/menu_image/P_MA_Z_TSPLC_MENU_REG/1000/1000/PITEM/10201694_01_01_20221227071337.jpg?width=600&height=600&q=100','딸기젤리밀크티',0,395,7500,0,'Max',615,79,0,3),(350,'https://mcdn.twosome.co.kr/menu_image/P_MA_Z_TSPLC_MENU_REG/1000/1000/PITEM/10201604_01_01_20210811.jpg?width=600&height=600&q=100','잉글리쉬브렉퍼스트 (HOT)',74,0,5100,0,'Large',473,0,0,3),(351,'https://mcdn.twosome.co.kr/menu_image/P_MA_Z_TSPLC_MENU_REG/1000/1000/PITEM/10201604_01_01_20210811.jpg?width=600&height=600&q=100','잉글리쉬브렉퍼스트 (ICE)',87,0,5100,0,'Large',473,0,0,3),(352,'https://mcdn.twosome.co.kr/menu_image/P_MA_Z_TSPLC_MENU_REG/1000/1000/PITEM/132.png?width=600&height=600&q=100','얼그레이 티 (HOT)',61,0,5100,0,'Large',473,0,0,3),(353,'https://mcdn.twosome.co.kr/menu_image/P_MA_Z_TSPLC_MENU_REG/1000/1000/PITEM/133.png?width=600&height=600&q=100','얼그레이 티 (ICE)',72,9,5100,0,'Large',473,0,0,3),(354,'https://mcdn.twosome.co.kr/menu_image/P_MA_Z_TSPLC_MENU_REG/1000/1000/PITEM/10200028_01_01_20210610.jpg?width=600&height=600&q=100','민트 티 (HOT)',33,0,5100,0,'Large',473,0,0,3),(355,'https://mcdn.twosome.co.kr/menu_image/P_MA_Z_TSPLC_MENU_REG/1000/1000/PITEM/135.png?width=600&height=600&q=100','민트 티 (ICE)',39,0,5100,0,'Large',473,0,0,3),(356,'https://mcdn.twosome.co.kr/menu_image/P_MA_Z_TSPLC_MENU_REG/1000/1000/PITEM/10200025_01_01_20210115.png?width=600&height=600&q=100','카모마일 티 (HOT)',0,0,5100,0,'Large',473,0,0,3),(357,'https://mcdn.twosome.co.kr/menu_image/P_MA_Z_TSPLC_MENU_REG/1000/1000/PITEM/129.png?width=600&height=600&q=100','카모마일 티 (ICE)',0,10,5100,0,'Large',473,1,0,3),(358,'https://mcdn.twosome.co.kr/menu_image/P_MA_Z_TSPLC_MENU_REG/1000/1000/PITEM/130.png?width=600&height=600&q=100','크림카라멜 티 (HOT)',0,5,5100,0,'Large',473,0,0,3),(359,'https://mcdn.twosome.co.kr/menu_image/P_MA_Z_TSPLC_MENU_REG/1000/1000/PITEM/131.png?width=600&height=600&q=100','크림카라멜 티 (ICE)',0,5,5100,0,'Large',473,0,0,3),(360,'https://mcdn.twosome.co.kr/menu_image/P_MA_Z_TSPLC_MENU_REG/1000/1000/PITEM/10201605_01_01_20210818.jpg?width=600&height=600&q=100','제주유기농녹차 (HOT)',51,0,4800,0,'Large',473,0,0,3),(361,'https://mcdn.twosome.co.kr/menu_image/P_MA_Z_TSPLC_MENU_REG/1000/1000/PITEM/10201605_01_01_20210818.jpg?width=600&height=600&q=100','제주유기농녹차 (ICE)',60,5,4800,0,'Large',473,0,0,3),(362,'https://mcdn.twosome.co.kr/menu_image/P_MA_Z_TSPLC_MENU_REG/1000/1000/PITEM/10200029_01_01_20210610.jpg?width=600&height=600&q=100','애플민트티 (HOT)',27,110,6100,0,'Large',473,24,0,3),(363,'https://mcdn.twosome.co.kr/menu_image/P_MA_Z_TSPLC_MENU_REG/1000/1000/PITEM/137.png?width=600&height=600&q=100','애플민트티 (ICE)',34,150,6100,0,'Large',473,34,0,3),(364,'https://mcdn.twosome.co.kr/menu_image/P_MA_Z_TSPLC_MENU_REG/1000/1000/PITEM/10200030_01_01_20210610.jpg?width=600&height=600&q=100','허니레몬티 (HOT)',51,120,6100,0,'Large',473,24,0,3),(365,'https://mcdn.twosome.co.kr/menu_image/P_MA_Z_TSPLC_MENU_REG/1000/1000/PITEM/139.png?width=600&height=600&q=100','허니레몬티 (ICE)',57,100,6100,0,'Large',473,21,0,3),(366,'https://mcdn.twosome.co.kr/menu_image/P_MA_Z_TSPLC_MENU_REG/1000/1000/PITEM/146.png?width=600&height=600&q=100','아이스버블밀크티',122,275,6000,0,'Regular',414,36,0,3),(367,'https://mcdn.twosome.co.kr/menu_image/P_MA_Z_TSPLC_MENU_REG/1000/1000/PITEM/146.png?width=600&height=600&q=100','아이스버블밀크티',172,350,6500,0,'Large',473,46,0,3),(368,'https://mcdn.twosome.co.kr/menu_image/P_MA_Z_TSPLC_MENU_REG/1000/1000/PITEM/10200079_01_01_20210118.jpg?width=600&height=600&q=100','아이스버블그린티라떼',54,305,5900,0,'Regular',414,45,0,3),(369,'https://mcdn.twosome.co.kr/menu_image/P_MA_Z_TSPLC_MENU_REG/1000/1000/PITEM/10200079_01_01_20210118.jpg?width=600&height=600&q=100','아이스버블그린티라떼',72,390,6400,0,'Large',473,58,0,3),(370,'https://mcdn.twosome.co.kr/menu_image/P_MA_Z_TSPLC_MENU_REG/1000/1000/PITEM/10200033_01_01_20210610.jpg?width=600&height=600&q=100','로얄밀크티 (HOT)',116,240,5500,0,'Regular',355,21,0,3),(371,'https://mcdn.twosome.co.kr/menu_image/P_MA_Z_TSPLC_MENU_REG/1000/1000/PITEM/10200033_01_01_20210610.jpg?width=600&height=600&q=100','로얄밀크티 (HOT)',153,315,6000,0,'Large',473,27,0,3),(372,'https://mcdn.twosome.co.kr/menu_image/P_MA_Z_TSPLC_MENU_REG/1000/1000/PITEM/143.png?width=600&height=600&q=100','로얄밀크티 (ICE)',132,180,5500,0,'Regular',414,23,0,3),(373,'https://mcdn.twosome.co.kr/menu_image/P_MA_Z_TSPLC_MENU_REG/1000/1000/PITEM/143.png?width=600&height=600&q=100','로얄밀크티 (ICE)',176,315,6000,0,'Large',473,30,0,3),(374,'https://mcdn.twosome.co.kr/menu_image/P_MA_Z_TSPLC_MENU_REG/1000/1000/PITEM/10200034_01_01_20210610.jpg?width=600&height=600&q=100','그린티라떼 (HOT)',54,275,5200,0,'Regular',355,35,0,3),(375,'https://mcdn.twosome.co.kr/menu_image/P_MA_Z_TSPLC_MENU_REG/1000/1000/PITEM/10200034_01_01_20210610.jpg?width=600&height=600&q=100','그린티라떼 (HOT)',72,335,5700,0,'Large',473,42,0,3),(376,'https://mcdn.twosome.co.kr/menu_image/P_MA_Z_TSPLC_MENU_REG/1000/1000/PITEM/145.png?width=600&height=600&q=100','그린티라떼 (ICE)',54,240,5200,0,'Regular',414,35,0,3),(377,'https://mcdn.twosome.co.kr/menu_image/P_MA_Z_TSPLC_MENU_REG/1000/1000/PITEM/145.png?width=600&height=600&q=100','그린티라떼 (ICE)',72,310,5700,0,'Large',473,45,0,3),(378,'https://mcdn.twosome.co.kr/menu_image/P_MA_Z_TSPLC_MENU_REG/1000/1000/PITEM/145.png?width=600&height=600&q=100','그린티라떼 (ICE)',90,365,6200,0,'Max',591,53,0,3),(379,'https://mcdn.twosome.co.kr/menu_image/P_MA_Z_TSPLC_MENU_REG/1000/1000/PITEM/140.png?width=600&height=600&q=100','유자레몬티 (HOT)',0,260,5500,0,'Regular',355,58,0,3),(380,'https://mcdn.twosome.co.kr/menu_image/P_MA_Z_TSPLC_MENU_REG/1000/1000/PITEM/140.png?width=600&height=600&q=100','유자레몬티 (HOT)',0,290,6000,0,'Large',473,64,0,3),(381,'https://mcdn.twosome.co.kr/menu_image/P_MA_Z_TSPLC_MENU_REG/1000/1000/PITEM/140.png?width=600&height=600&q=100','유자레몬티 (ICE)',0,215,5500,0,'Regular',414,45,0,3),(382,'https://mcdn.twosome.co.kr/menu_image/P_MA_Z_TSPLC_MENU_REG/1000/1000/PITEM/140.png?width=600&height=600&q=100','유자레몬티 (ICE)',0,280,6000,0,'Large',473,59,0,3),(383,'https://mcdn.twosome.co.kr/menu_image/P_MA_Z_TSPLC_MENU_REG/1000/1000/PITEM/141.png?width=600&height=600&q=100','오렌지자몽티 (HOT)',0,175,5500,0,'Regular',355,35,0,3),(384,'https://mcdn.twosome.co.kr/menu_image/P_MA_Z_TSPLC_MENU_REG/1000/1000/PITEM/141.png?width=600&height=600&q=100','오렌지자몽티 (HOT)',0,220,6000,0,'Large',473,44,0,3),(385,'https://mcdn.twosome.co.kr/menu_image/P_MA_Z_TSPLC_MENU_REG/1000/1000/PITEM/141.png?width=600&height=600&q=100','오렌지자몽티 (ICE)',0,130,5500,0,'Regular',414,26,0,3),(386,'https://mcdn.twosome.co.kr/menu_image/P_MA_Z_TSPLC_MENU_REG/1000/1000/PITEM/141.png?width=600&height=600&q=100','오렌지자몽티 (ICE)',0,180,6000,0,'Large',473,36,0,3),(387,'https://mcdn.twosome.co.kr/menu_image/P_MA_Z_TSPLC_MENU_REG/1000/1000/PITEM/10301879_01_01_20221227071457.jpg?width=600&height=600&q=100','스트로베리라떼',0,210,6300,0,'Regular',400,31,0,3),(388,'https://mcdn.twosome.co.kr/menu_image/P_MA_Z_TSPLC_MENU_REG/1000/1000/PITEM/10301879_01_01_20221227071457.jpg?width=600&height=600&q=100','스트로베리라떼',0,270,6800,0,'Large',510,40,0,3),(389,'https://mcdn.twosome.co.kr/menu_image/P_MA_Z_TSPLC_MENU_REG/1000/1000/PITEM/10301879_01_01_20221227071457.jpg?width=600&height=600&q=100','스트로베리라떼',0,300,7300,0,'Max',570,45,0,3),(390,'https://mcdn.twosome.co.kr/menu_image/P_MA_Z_TSPLC_MENU_REG/1000/1000/PITEM/10301880_01_01_20221227071419.jpg?width=600&height=600&q=100','생딸기가득주스',0,170,6500,0,'Regular',414,36,0,3),(391,'https://mcdn.twosome.co.kr/menu_image/P_MA_Z_TSPLC_MENU_REG/1000/1000/PITEM/10301880_01_01_20221227071419.jpg?width=600&height=600&q=100','생딸기가득주스',0,220,7000,0,'Large',473,46,0,3),(392,'https://mcdn.twosome.co.kr/menu_image/P_MA_Z_TSPLC_MENU_REG/1000/1000/PITEM/10301880_01_01_20221227071419.jpg?width=600&height=600&q=100','생딸기가득주스',0,245,7500,0,'Max',591,52,0,3),(393,'https://mcdn.twosome.co.kr/menu_image/P_MA_Z_TSPLC_MENU_REG/1000/1000/PITEM/10301881_01_01_20221227071539.jpg?width=600&height=600&q=100','스트로베리밀키웨이프라페',0,435,6500,0,'Regular',423,62,0,3),(394,'https://mcdn.twosome.co.kr/menu_image/P_MA_Z_TSPLC_MENU_REG/1000/1000/PITEM/10301881_01_01_20221227071539.jpg?width=600&height=600&q=100','스트로베리밀키웨이프라페',0,580,7000,0,'Large',566,82,0,3),(395,'https://mcdn.twosome.co.kr/menu_image/P_MA_Z_TSPLC_MENU_REG/1000/1000/PITEM/10301881_01_01_20221227071539.jpg?width=600&height=600&q=100','스트로베리밀키웨이프라페',0,660,7500,0,'Max',641,93,0,3),(396,'https://mcdn.twosome.co.kr/menu_image/P_MA_Z_TSPLC_MENU_REG/1000/1000/PITEM/10301763_01_01_20210618.jpg?width=600&height=600&q=100','복숭아에이드',0,195,6000,0,'Large',473,41,0,3),(397,'https://mcdn.twosome.co.kr/menu_image/P_MA_Z_TSPLC_MENU_REG/1000/1000/PITEM/10301763_01_01_20210618.jpg?width=600&height=600&q=100','복숭아에이드',0,220,6500,0,'Max',591,47,0,3),(398,'https://mcdn.twosome.co.kr/menu_image/P_MA_Z_TSPLC_MENU_REG/1000/1000/PITEM/10301764_01_01_20210618.jpg?width=600&height=600&q=100','샤인머스캣청포도에이드',0,205,6300,0,'Large',473,43,0,3),(399,'https://mcdn.twosome.co.kr/menu_image/P_MA_Z_TSPLC_MENU_REG/1000/1000/PITEM/10301764_01_01_20210618.jpg?width=600&height=600&q=100','샤인머스캣청포도에이드',0,230,6800,0,'Max',591,49,0,3),(400,'https://mcdn.twosome.co.kr/menu_image/P_MA_Z_TSPLC_MENU_REG/1000/1000/PITEM/164.png?width=600&height=600&q=100','레몬셔벗에이드',0,185,6500,0,'Large',473,39,0,3),(401,'https://mcdn.twosome.co.kr/menu_image/P_MA_Z_TSPLC_MENU_REG/1000/1000/PITEM/164.png?width=600&height=600&q=100','레몬셔벗에이드',0,220,7000,0,'Max',591,47,0,3),(402,'https://mcdn.twosome.co.kr/menu_image/P_MA_Z_TSPLC_MENU_REG/1000/1000/PITEM/162.png?width=600&height=600&q=100','자몽에이드',0,155,5500,0,'Large',473,34,0,3),(403,'https://mcdn.twosome.co.kr/menu_image/P_MA_Z_TSPLC_MENU_REG/1000/1000/PITEM/162.png?width=600&height=600&q=100','자몽에이드',0,185,6000,0,'Max',591,40,0,3),(404,'https://mcdn.twosome.co.kr/menu_image/P_MA_Z_TSPLC_MENU_REG/1000/1000/PITEM/163.png?width=600&height=600&q=100','오렌지에이드',0,140,5500,0,'Large',473,30,0,3),(405,'https://mcdn.twosome.co.kr/menu_image/P_MA_Z_TSPLC_MENU_REG/1000/1000/PITEM/163.png?width=600&height=600&q=100','오렌지에이드',0,160,6000,0,'Max',591,34,0,3),(406,'https://mcdn.twosome.co.kr/menu_image/P_MA_Z_TSPLC_MENU_REG/1000/1000/PITEM/10301794_01_01_20220111.jpg?width=600&height=600&q=100','스트로베리초콜릿프라페',18,480,6100,0,'Regular',414,63,1,3),(407,'https://mcdn.twosome.co.kr/menu_image/P_MA_Z_TSPLC_MENU_REG/1000/1000/PITEM/10301794_01_01_20220111.jpg?width=600&height=600&q=100','스트로베리초콜릿프라페',23,615,6600,0,'Large',473,80,1,3),(408,'https://mcdn.twosome.co.kr/menu_image/P_MA_Z_TSPLC_MENU_REG/1000/1000/PITEM/10301794_01_01_20220111.jpg?width=600&height=600&q=100','스트로베리초콜릿프라페',27,72,7100,0,'Max',591,94,1,3),(409,'https://mcdn.twosome.co.kr/menu_image/P_MA_Z_TSPLC_MENU_REG/1000/1000/PITEM/154.png?width=600&height=600&q=100','스트로베리피치프라페',0,235,5800,0,'Regular',414,51,0,3),(410,'https://mcdn.twosome.co.kr/menu_image/P_MA_Z_TSPLC_MENU_REG/1000/1000/PITEM/154.png?width=600&height=600&q=100','스트로베리피치프라페',0,320,6300,0,'Large',473,70,0,3),(411,'https://mcdn.twosome.co.kr/menu_image/P_MA_Z_TSPLC_MENU_REG/1000/1000/PITEM/10301781_01_01_20210817.jpg?width=600&height=600&q=100','민트초코프라페',4,480,5800,0,'Regular',414,69,0,3),(412,'https://mcdn.twosome.co.kr/menu_image/P_MA_Z_TSPLC_MENU_REG/1000/1000/PITEM/10301781_01_01_20210817.jpg?width=600&height=600&q=100','민트초코프라페',5,625,6300,0,'Large',473,90,0,3),(413,'https://mcdn.twosome.co.kr/menu_image/P_MA_Z_TSPLC_MENU_REG/1000/1000/PITEM/10301781_01_01_20210817.jpg?width=600&height=600&q=100','민트초코프라페',6,710,6800,0,'Max',591,103,0,3),(414,'https://mcdn.twosome.co.kr/menu_image/P_MA_Z_TSPLC_MENU_REG/1000/1000/PITEM/157.png?width=600&height=600&q=100','제주말차프라페',69,405,5800,0,'Regular',414,60,0,3),(415,'https://mcdn.twosome.co.kr/menu_image/P_MA_Z_TSPLC_MENU_REG/1000/1000/PITEM/157.png?width=600&height=600&q=100','제주말차프라페',88,520,6300,0,'Large',473,76,0,3),(416,'https://mcdn.twosome.co.kr/menu_image/P_MA_Z_TSPLC_MENU_REG/1000/1000/PITEM/157.png?width=600&height=600&q=100','제주말차프라페',105,620,6800,0,'Max',591,91,0,3),(417,'https://mcdn.twosome.co.kr/menu_image/P_MA_Z_TSPLC_MENU_REG/1000/1000/PITEM/155.png?width=600&height=600&q=100','요거트프라페',0,290,5800,0,'Regular',414,53,0,3),(418,'https://mcdn.twosome.co.kr/menu_image/P_MA_Z_TSPLC_MENU_REG/1000/1000/PITEM/155.png?width=600&height=600&q=100','요거트프라페',0,370,6300,0,'Large',473,69,0,3),(419,'https://mcdn.twosome.co.kr/menu_image/P_MA_Z_TSPLC_MENU_REG/1000/1000/PITEM/155.png?width=600&height=600&q=100','요거트프라페',0,455,6800,0,'Max',591,85,0,3),(420,'https://mcdn.twosome.co.kr/menu_image/P_MA_Z_TSPLC_MENU_REG/1000/1000/PITEM/156.png?width=600&height=600&q=100','망고프라페',0,390,5500,0,'Regular',414,93,0,3),(421,'https://mcdn.twosome.co.kr/menu_image/P_MA_Z_TSPLC_MENU_REG/1000/1000/PITEM/156.png?width=600&height=600&q=100','망고프라페',0,500,6000,0,'Large',473,119,0,3),(422,'https://mcdn.twosome.co.kr/menu_image/P_MA_Z_TSPLC_MENU_REG/1000/1000/PITEM/156.png?width=600&height=600&q=100','망고프라페',0,555,6500,0,'Max',591,133,0,3),(423,'https://mcdn.twosome.co.kr/menu_image/P_MA_Z_TSPLC_MENU_REG/1000/1000/PITEM/161.png?width=600&height=600&q=100','로얄밀크티쉐이크',83,415,6300,0,'Regular',414,49,0,3),(424,'https://mcdn.twosome.co.kr/menu_image/P_MA_Z_TSPLC_MENU_REG/1000/1000/PITEM/161.png?width=600&height=600&q=100','로얄밀크티쉐이크',108,545,6800,0,'Large',473,63,0,3),(425,'https://mcdn.twosome.co.kr/menu_image/P_MA_Z_TSPLC_MENU_REG/1000/1000/PITEM/10300039_01_01_20210209.jpg?width=600&height=600&q=100','모카칩커피프라페',185,480,6000,0,'Regular',414,52,1,3),(426,'https://mcdn.twosome.co.kr/menu_image/P_MA_Z_TSPLC_MENU_REG/1000/1000/PITEM/10300039_01_01_20210209.jpg?width=600&height=600&q=100','모카칩커피프라페',230,590,6500,0,'Large',473,64,1,3),(427,'https://mcdn.twosome.co.kr/menu_image/P_MA_Z_TSPLC_MENU_REG/1000/1000/PITEM/10300039_01_01_20210209.jpg?width=600&height=600&q=100','모카칩커피프라페',274,705,7000,0,'Max',591,77,1,3),(428,'https://mcdn.twosome.co.kr/menu_image/P_MA_Z_TSPLC_MENU_REG/1000/1000/PITEM/153.png?width=600&height=600&q=100','카라멜커피프라페',191,395,5500,0,'Regular',414,44,1,3),(429,'https://mcdn.twosome.co.kr/menu_image/P_MA_Z_TSPLC_MENU_REG/1000/1000/PITEM/153.png?width=600&height=600&q=100','카라멜커피프라페',237,485,6000,0,'Large',473,54,1,3),(430,'https://mcdn.twosome.co.kr/menu_image/P_MA_Z_TSPLC_MENU_REG/1000/1000/PITEM/153.png?width=600&height=600&q=100','카라멜커피프라페',283,580,6500,0,'Max',591,65,1,3),(431,'https://mcdn.twosome.co.kr/menu_image/P_MA_Z_TSPLC_MENU_REG/1000/1000/PITEM/158.png?width=600&height=600&q=100','바닐라밀크쉐이크',0,470,5600,0,'Regular',414,35,0,3),(432,'https://mcdn.twosome.co.kr/menu_image/P_MA_Z_TSPLC_MENU_REG/1000/1000/PITEM/159.png?width=600&height=600&q=100','초코밀크쉐이크',10,515,5600,0,'Regular',414,54,0,3),(433,'https://mcdn.twosome.co.kr/menu_image/P_MA_Z_TSPLC_MENU_REG/1000/1000/PITEM/160.png?width=600&height=600&q=100','커피밀크쉐이크',154,400,5600,2,'Regular',414,30,0,3),(434,'https://mcdn.twosome.co.kr/menu_image/P_MA_Z_TSPLC_MENU_REG/1000/1000/PITEM/10301834_01_01_20220207.jpg?width=600&height=600&q=100','데일리오트바나나프라페',0,310,6300,0,'Regular',414,49,0,3),(435,'https://mcdn.twosome.co.kr/menu_image/P_MA_Z_TSPLC_MENU_REG/1000/1000/PITEM/10301834_01_01_20220207.jpg?width=600&height=600&q=100','데일리오트바나나프라페',0,405,6800,0,'Large',473,64,0,3),(436,'https://mcdn.twosome.co.kr/menu_image/P_MA_Z_TSPLC_MENU_REG/1000/1000/PITEM/10301834_01_01_20220207.jpg?width=600&height=600&q=100','데일리오트바나나프라페',0,455,7300,0,'Max',591,71,0,3),(437,'https://mcdn.twosome.co.kr/menu_image/P_MA_Z_TSPLC_MENU_REG/1000/1000/PITEM/10300036_01_01_20210525.JPG?width=600&height=600&q=100','초콜릿라떼 (HOT)',18,410,4800,0,'Regular',355,42,1,3),(438,'https://mcdn.twosome.co.kr/menu_image/P_MA_Z_TSPLC_MENU_REG/1000/1000/PITEM/10300036_01_01_20210525.JPG?width=600&height=600&q=100','초콜릿라떼 (HOT)',23,535,5300,0,'Large',473,54,1,3),(439,'https://mcdn.twosome.co.kr/menu_image/P_MA_Z_TSPLC_MENU_REG/1000/1000/PITEM/10300036_01_01_20210525.JPG?width=600&height=600&q=100','초콜릿라떼 (ICE)',21,370,4800,0,'Regular',414,39,1,3),(440,'https://mcdn.twosome.co.kr/menu_image/P_MA_Z_TSPLC_MENU_REG/1000/1000/PITEM/10300036_01_01_20210525.JPG?width=600&height=600&q=100','초콜릿라떼 (ICE)',29,500,5300,0,'Large',473,53,1,3),(441,'https://mcdn.twosome.co.kr/menu_image/P_MA_Z_TSPLC_MENU_REG/1000/1000/PITEM/10300036_01_01_20210525.JPG?width=600&height=600&q=100','초콜릿라떼 (ICE)',32,555,5800,0,'Max',591,59,1,3),(442,'https://mcdn.twosome.co.kr/menu_image/P_MA_Z_TSPLC_MENU_REG/1000/1000/PITEM/169.png?width=600&height=600&q=100','블루베리요거트드링크',0,365,5000,0,'Regular',414,51,0,3),(443,'https://mcdn.twosome.co.kr/menu_image/P_MA_Z_TSPLC_MENU_REG/1000/1000/PITEM/169.png?width=600&height=600&q=100','블루베리요거트드링크',0,485,5500,0,'Large',473,69,0,3),(444,'https://mcdn.twosome.co.kr/menu_image/P_MA_Z_TSPLC_MENU_REG/1000/1000/PITEM/169.png?width=600&height=600&q=100','블루베리요거트드링크',0,555,6000,0,'Max',591,78,0,3),(445,'https://mcdn.twosome.co.kr/menu_image/P_MA_Z_TSPLC_MENU_REG/1000/1000/PITEM/170.png?width=600&height=600&q=100','플레인요거트드링크',0,170,4500,0,'Regular',414,17,0,3),(446,'https://mcdn.twosome.co.kr/menu_image/P_MA_Z_TSPLC_MENU_REG/1000/1000/PITEM/170.png?width=600&height=600&q=100','플레인요거트드링크',0,230,5000,0,'Large',473,23,0,3),(447,'https://mcdn.twosome.co.kr/menu_image/P_MA_Z_TSPLC_MENU_REG/1000/1000/PITEM/170.png?width=600&height=600&q=100','플레인요거트드링크',0,265,5500,0,'Max',591,27,0,3),(448,'https://mcdn.twosome.co.kr/menu_image/P_MA_Z_TSPLC_MENU_REG/1000/1000/PITEM/10300037_01_01_20210615.jpg?width=600&height=600&q=100','쑥라떼 (HOT)',0,285,5500,0,'Regular',355,34,0,3),(449,'https://mcdn.twosome.co.kr/menu_image/P_MA_Z_TSPLC_MENU_REG/1000/1000/PITEM/10300037_01_01_20210615.jpg?width=600&height=600&q=100','쑥라떼 (HOT)',0,355,6000,0,'Large',473,43,0,3),(450,'https://mcdn.twosome.co.kr/menu_image/P_MA_Z_TSPLC_MENU_REG/1000/1000/PITEM/10300037_01_01_20210615.jpg?width=600&height=600&q=100','쑥라떼 (ICE)',0,285,6500,0,'Regular',414,36,0,3),(451,'https://mcdn.twosome.co.kr/menu_image/P_MA_Z_TSPLC_MENU_REG/1000/1000/PITEM/10300037_01_01_20210615.jpg?width=600&height=600&q=100','쑥라떼 (ICE)',0,380,5500,0,'Large',473,48,0,3),(452,'https://mcdn.twosome.co.kr/menu_image/P_MA_Z_TSPLC_MENU_REG/1000/1000/PITEM/10300037_01_01_20210615.jpg?width=600&height=600&q=100','쑥라떼 (ICE)',0,425,6000,0,'Max',591,54,0,3),(453,'https://mcdn.twosome.co.kr/menu_image/P_MA_Z_TSPLC_MENU_REG/1000/1000/PITEM/10300038_01_01_20210610.jpg?width=600&height=600&q=100','고구마라떼 (HOT)',0,325,5200,0,'Regular',355,36,0,3),(454,'https://mcdn.twosome.co.kr/menu_image/P_MA_Z_TSPLC_MENU_REG/1000/1000/PITEM/10300038_01_01_20210610.jpg?width=600&height=600&q=1000','고구마라떼 (HOT)',0,415,5700,0,'Large',473,46,0,3),(455,'https://mcdn.twosome.co.kr/menu_image/P_MA_Z_TSPLC_MENU_REG/1000/1000/PITEM/10300038_01_01_20210610.jpg?width=600&height=600&q=100','고구마라떼 (ICE)',0,295,5200,0,'Regular',414,32,0,3),(456,'https://mcdn.twosome.co.kr/menu_image/P_MA_Z_TSPLC_MENU_REG/1000/1000/PITEM/10300038_01_01_20210610.jpg?width=600&height=600&q=100','고구마라떼 (ICE)',0,370,5700,0,'Large',473,40,0,3),(457,'https://mcdn.twosome.co.kr/menu_image/P_MA_Z_TSPLC_MENU_REG/1000/1000/PITEM/166.png?width=600&height=600&q=100','오렌지자몽주스',0,155,6000,0,'Large',473,28,0,3),(458,'https://mcdn.twosome.co.kr/menu_image/P_MA_Z_TSPLC_MENU_REG/1000/1000/PITEM/167.png?width=600&height=600&q=100','키위바나나주스',0,205,5800,0,'Large',473,36,0,3),(459,'https://mcdn.twosome.co.kr/menu_image/P_MA_Z_TSPLC_MENU_REG/1000/1000/PITEM/10300055_01_01_20210611.jpg?width=600&height=600&q=100','망고바나나라떼',0,330,6000,0,'Large',473,53,0,3),(460,'https://mcdn.twosome.co.kr/menu_image/P_MA_Z_TSPLC_MENU_REG/1000/1000/PITEM/10301667_01_01_20210524.png?width=276&height=276&q=100','우유 (HOT)',0,190,4000,0,'Regular',315,14,0,3),(461,'https://mcdn.twosome.co.kr/menu_image/P_MA_Z_TSPLC_MENU_REG/1000/1000/PITEM/10301667_01_01_20210524.png?width=276&height=276&q=100','우유 (ICE)',0,240,4000,0,'Regular',473,18,0,3),(462,'https://mcdn.twosome.co.kr/menu_image/P_MA_Z_TSPLC_MENU_REG/1000/1000/PITEM/10301681_01_01_20201222.jpg?width=276&height=276&q=100','스트로베리요거프라페',0,280,6300,0,'Regular',395,42,0,3),(463,'https://mcdn.twosome.co.kr/menu_image/P_MA_Z_TSPLC_MENU_REG/1000/1000/PITEM/10301681_01_01_20201222.jpg?width=276&height=276&q=100','스트로베리요거프라페',0,380,6800,0,'Large',540,57,0,3),(464,'https://mcdn.twosome.co.kr/menu_image/P_MA_Z_TSPLC_MENU_REG/1000/1000/PITEM/10301681_01_01_20201222.jpg?width=276&height=276&q=100','스트로베리요거프라페',0,420,7300,0,'Max',600,64,0,3),(465,'https://paikdabang.com/wp-content/uploads/2018/05/ICED-%EC%9B%90%EC%A1%B0%EC%BB%A4%ED%94%BC-450x588.png','원조커피 (ICED)',341,394,2500,0,'원사이즈',625,38,NULL,4),(466,'https://paikdabang.com/wp-content/uploads/2018/05/ICED-%EB%8B%AC%EB%8B%AC%EC%97%B0%EC%9C%A0%EB%9D%BC%EB%96%BC_-450x588.png','달달연유라떼 (ICED)',237,394,3700,2,'원사이즈',600,54,NULL,4),(467,'https://paikdabang.com/wp-content/uploads/2018/05/%EB%B9%BDs-%EB%9D%BC%EB%96%BCICED-450x588.png','빽\'s 카페라떼 (ICED)',237,198,3000,2,'빽사이즈',625,10,NULL,4),(468,'https://paikdabang.com/wp-content/uploads/2018/05/%EB%94%94%EC%B9%B4%ED%8E%98%EC%9D%B8-%EC%BD%9C%EB%93%9C%EB%B8%8C%EB%A3%A8-1-450x588.png','디카페인 콜드브루',15,11,4000,0,'원사이즈',600,0,NULL,4),(469,'https://paikdabang.com/wp-content/uploads/2018/01/%EC%BD%9C%EB%93%9C%EB%B8%8C%EB%A3%A8%EB%9D%BC%EB%96%BC-450x588.png','디카페인 콜드브루라떼',15,162,4500,0,'원사이즈',600,9,NULL,4),(470,'https://paikdabang.com/wp-content/uploads/2018/05/%EB%8D%94%EB%B8%94%EC%97%90%EC%8A%A4%ED%94%84%EB%A0%88%EC%86%8C-2-450x588.png','더블에스프레소',237,22,1500,2,'원사이즈',60,0,NULL,4),(471,'https://paikdabang.com/wp-content/uploads/2018/05/%EC%97%90%EC%8A%A4%ED%94%84%EB%A0%88%EC%86%8C-%EC%BD%A4%ED%94%84%EB%A0%88%EB%98%90_450x558-450x588.png','에스프레소 콤브레또',181,151,2500,1,'원사이즈',82,12,NULL,4),(472,'https://paikdabang.com/wp-content/uploads/2018/05/HOT-%EC%95%97%EB%A9%94%EB%A6%AC%EC%B9%B4%EB%85%B8-450x588.png','앗!메리카노 (HOT)',237,14,1500,2,'원사이즈',400,0,NULL,4),(473,'https://paikdabang.com/wp-content/uploads/2018/05/ICED-%EC%95%97%EB%A9%94%EB%A6%AC%EC%B9%B4%EB%85%B8-450x588.png','앗!메리카노 (ICED)',237,13,2000,2,'원사이즈',625,0,NULL,4),(474,'https://paikdabang.com/wp-content/uploads/2018/05/HOT-%EC%9B%90%EC%A1%B0%EC%BB%A4%ED%94%BC-450x588.png','원조커피 (HOT)',365,481,2500,0,'원사이즈',375,49,NULL,4),(475,'https://paikdabang.com/wp-content/uploads/2018/05/HOT-%EB%8B%AC%EB%8B%AC%EC%97%B0%EC%9C%A0%EB%9D%BC%EB%96%BC-1-450x588.png','달달연유라떼 (HOT)',237,491,3700,2,'원사이즈',425,62,NULL,4),(476,'https://paikdabang.com/wp-content/uploads/2018/05/HOT-%EB%B9%BDs%EB%9D%BC%EB%96%BC-450x588.png','빽\'s 카페라떼 (HOT)',237,253,3000,2,'빽사이즈',300,9,NULL,4),(477,'https://paikdabang.com/wp-content/uploads/2018/05/%EB%B8%94%EB%9E%99%ED%8E%84%EC%B9%B4%ED%8E%98%EB%9D%BC%EB%96%BC-450x588.png','블랙펄카페라떼 (ICED)',118,429,4200,1,'원사이즈',634,59,NULL,4),(478,'https://paikdabang.com/wp-content/uploads/2018/05/HOT-%EB%B0%94%EB%8B%90%EB%9D%BC%EB%9D%BC%EB%96%BC-1-450x588.png','바닐라라떼 (HOT)',237,351,3500,2,'원사이즈',325,35,NULL,4),(479,'https://paikdabang.com/wp-content/uploads/2018/05/ICED-%EB%B0%94%EB%8B%90%EB%9D%BC%EB%9D%BC%EB%96%BC-450x588.png','바닐라라떼 (ICED)',237,433,3500,2,'원사이즈',600,38,NULL,4),(480,'https://paikdabang.com/wp-content/uploads/2018/05/HOT-%EC%B9%B4%ED%8E%98%EB%AA%A8%EC%B9%B4-450x588.png','카페모카 (HOT)',237,319,3500,2,'원사이즈',350,32,NULL,4),(481,'https://paikdabang.com/wp-content/uploads/2018/05/ICED-%EC%B9%B4%ED%8E%98%EB%AA%A8%EC%B9%B4-450x588.png','카페모카 (ICED)',237,365,3500,2,'원사이즈',625,13,NULL,4),(482,'https://paikdabang.com/wp-content/uploads/2018/05/HOT-%EC%B9%B4%EB%9D%BC%EB%A9%9C%EB%A7%88%ED%82%A4%EC%95%84%EB%98%90-450x588.png','카라멜마키아또 (HOT)',237,354,3500,2,'원사이즈',350,40,NULL,4),(483,'https://paikdabang.com/wp-content/uploads/2018/05/ICED-%EC%B9%B4%EB%9D%BC%EB%A9%9C%EB%A7%88%ED%82%A4%EC%95%84%EB%98%90-450x588.png','카라멜마키아또 (ICED)',237,382,3500,2,'원사이즈',625,43,NULL,4),(484,'https://paikdabang.com/wp-content/uploads/2022/05/%EC%95%84%EC%9D%B4%EC%8A%A4%ED%81%AC%EB%A6%BC%EC%B9%B4%ED%8E%98%EB%9D%BC%EB%96%BC-450x588.png','아이스크림카페라떼 (ICED)',237,357,3700,2,'원사이즈',650,32,NULL,4),(485,'https://paikdabang.com/wp-content/uploads/2022/05/%EC%95%84%EC%9D%B4%EC%8A%A4%ED%81%AC%EB%A6%BC%EB%B0%94%EB%8B%90%EB%9D%BC%EB%9D%BC%EB%96%BC-450x588.png','아이스크림바닐라라떼 (ICED)',237,520,4200,2,'원사이즈',570,49,NULL,4),(486,'https://paikdabang.com/wp-content/uploads/2022/05/%EC%95%84%EC%9D%B4%EC%8A%A4%ED%81%AC%EB%A6%BC%EC%B9%B4%ED%8E%98%EB%AA%A8%EC%B9%B4-450x588.png','아이스크림카페모카 (ICED)',237,512,4200,2,'원사이즈',570,50,NULL,4),(487,'https://paikdabang.com/wp-content/uploads/2018/05/%EC%BD%9C%EB%93%9C%EB%B8%8C%EB%A3%A8-1-450x588.png','콜드브루',195,19,4000,0,'원사이즈',600,0,NULL,4),(488,'https://paikdabang.com/wp-content/uploads/2018/05/%EC%BD%9C%EB%93%9C%EB%B8%8C%EB%A3%A8%EB%9D%BC%EB%96%BC-1-450x588.png','콜드브루라떼',195,171,4500,0,'원사이즈',600,10,NULL,4),(489,'https://paikdabang.com/wp-content/uploads/2018/01/%EC%BD%9C%EB%93%9C%EB%B8%8C%EB%A3%A8%EB%9D%BC%EB%96%BC-450x588.png','디카페인 콜드브루라떼',15,171,4500,0,'원사이즈',600,10,NULL,4),(490,'https://paikdabang.com/wp-content/uploads/2022/01/%EC%BD%9C%EB%93%9C%EB%B8%8C%EB%A3%A8%EC%97%B0%EC%9C%A0%EB%9D%BC%EB%96%BC-450x588.png','콜드브루라떼(연유)',195,356,5500,0,'원사이즈',600,41,NULL,4),(491,'https://paikdabang.com/wp-content/uploads/2022/01/%EC%BD%9C%EB%93%9C%EB%B8%8C%EB%A3%A8%EC%97%B0%EC%9C%A0%EB%9D%BC%EB%96%BC-450x588.png','디카페인 콜드브루라떼(연유)',15,357,4000,0,'원사이즈',600,40,NULL,4),(492,'https://paikdabang.com/wp-content/uploads/2022/01/%EC%BD%9C%EB%93%9C%EB%B8%8C%EB%A3%A8%ED%9D%91%EB%8B%B9%EB%9D%BC%EB%96%BC-450x588.png','콜드브루라떼(흑당)',195,304,5500,0,'원사이즈',600,46,NULL,4),(493,'https://paikdabang.com/wp-content/uploads/2022/01/%EC%BD%9C%EB%93%9C%EB%B8%8C%EB%A3%A8%ED%9D%91%EB%8B%B9%EB%9D%BC%EB%96%BC-450x588.png','디카페인 콜드브루라떼(흑당)',15,280,5500,0,'원사이즈',600,45,NULL,4),(494,'https://paikdabang.com/wp-content/uploads/2018/01/%EC%95%84%EC%83%B7%EC%B6%94-450x588.png','아이스티샷추가(아샷추)',93,265,2500,1,'원사이즈',600,64,NULL,4),(495,'https://paikdabang.com/wp-content/uploads/2018/01/%EB%B9%BD%EC%82%AC%EC%9D%B4%EC%A6%88-%EC%95%97%EB%A9%94%EB%A6%AC%EC%B9%B4%EB%85%B8-32oz-450x588.png','빽사이즈 앗!메리카노 (ICED)',474,19,3000,4,'빽사이즈',950,0,NULL,4),(496,'https://paikdabang.com/wp-content/uploads/2018/01/%EB%B9%BD%EC%82%AC%EC%9D%B4%EC%A6%88-%EC%9B%90%EC%A1%B0%EC%BB%A4%ED%94%BC-32oz-%EA%B0%84%EC%96%BC%EC%9D%8C-450x588.png','빽사이즈 원조커피 (ICED)',490,599,3500,0,'빽사이즈',950,58,NULL,4),(497,'https://paikdabang.com/wp-content/uploads/2018/01/%EB%B9%BD%EC%82%AC%EC%9D%B4%EC%A6%88-%EB%B9%BDs-%EB%9D%BC%EB%96%BC-32oz-450x588.png','빽사이즈 뺵\'s카페라떼 (ICED)',474,278,4500,4,'빽사이즈',950,17,NULL,4),(498,'https://paikdabang.com/wp-content/uploads/2018/01/%EB%B9%BD%EC%82%AC%EC%9D%B4%EC%A6%88-%EC%95%84%EC%83%B7%EC%B6%94-32oz-450x588.png','빽사이즈 아이스티샷추가 (ICED)',167,297,3500,2,'빽사이즈',900,68,NULL,4),(499,'https://paikdabang.com/wp-content/uploads/2023/01/%EC%82%AC%EA%B3%BC%EB%8B%B9%EA%B7%BC%EC%A3%BC%EC%8A%A4-450x588-450x588.jpg','사과당근주스',0,200,4300,0,'원사이즈',587,40,NULL,4),(500,'https://paikdabang.com/wp-content/uploads/2023/01/%EC%98%88%EC%B2%9C%EC%82%AC%EA%B3%BC%EC%A3%BC%EC%8A%A4-450x588-450x588.jpg','예천사과주스',0,190,3900,0,'원사이즈',571,39,NULL,4),(501,'https://paikdabang.com/wp-content/uploads/2022/02/%EB%94%B8%EA%B8%B0%EB%9D%BC%EB%96%BC-450x588.png','딸기라떼',0,331,3500,0,'원사이즈',590,54,NULL,4),(502,'https://paikdabang.com/wp-content/uploads/2018/06/HOT-%EC%99%84%EC%A0%84%EC%B4%88%EC%BD%94-450x588.png','초코라떼 (HOT)',0,342,3500,0,'원사이즈',325,45,NULL,4),(503,'https://paikdabang.com/wp-content/uploads/2018/06/ICED-%EC%99%84%EC%A0%84%EC%B4%88%EC%BD%94-450x588.png','초코라떼 (ICED)',0,387,3500,0,'원사이즈',625,56,NULL,4),(504,'https://paikdabang.com/wp-content/uploads/2018/06/HOT-%EB%85%B9%EC%B0%A8%EB%9D%BC%EB%96%BC-1-450x588.png','녹차라떼 (HOT)',0,481,3500,0,'원사이즈',400,63,NULL,4),(505,'https://paikdabang.com/wp-content/uploads/2018/06/ICED-%EB%85%B9%EC%B0%A8%EB%9D%BC%EB%96%BC-2-450x588.png','녹차라떼 (ICED)',0,152,3500,0,'원사이즈',600,49,NULL,4),(506,'https://paikdabang.com/wp-content/uploads/2018/06/HOT-%EB%AF%BC%ED%8A%B8%EC%B4%88%EC%BD%94%EB%9D%BC%EB%96%BC-450x588.png','민트초코라떼 (HOT)',0,413,3500,0,'원사이즈',325,58,NULL,4),(507,'https://paikdabang.com/wp-content/uploads/2018/06/ICED-%EB%AF%BC%ED%8A%B8%EC%B4%88%EC%BD%94%EB%9D%BC%EB%96%BC-450x588.png','민트초코라떼 (ICED)',0,498,3500,0,'원사이즈',700,43,NULL,4),(508,'https://paikdabang.com/wp-content/uploads/2022/10/HOT-%EC%98%A4%ED%8A%B8%EB%9D%BC%EB%96%BC-450x588-450x588.png','오트라떼 (HOT)',0,415,3800,0,'원사이즈',375,32,NULL,4),(509,'https://paikdabang.com/wp-content/uploads/2022/10/ICED-%EC%98%A4%ED%8A%B8%EB%9D%BC%EB%96%BC-450x588-450x588.png','오트라떼 (ICED)',0,339,3800,0,'원사이즈',600,28,NULL,4),(510,'https://paikdabang.com/wp-content/uploads/2018/06/HOT-%ED%86%A0%ED%94%BC%EB%84%9B%EB%9D%BC%EB%96%BC-450x588.png','토피넛라떼 (HOT)',51,411,3500,0,'원사이즈',350,19,NULL,4),(511,'https://paikdabang.com/wp-content/uploads/2018/06/ICED-%ED%86%A0%ED%94%BC%EB%84%9B%EB%9D%BC%EB%96%BC-450x588.png','토피넛라떼 (ICED)',51,469,3500,0,'원사이즈',650,16,NULL,4),(512,'https://paikdabang.com/wp-content/uploads/2018/06/%EB%B8%94%EB%9E%99%ED%8E%84%EB%9D%BC%EB%96%BC_-450x588.png','블랙펄라떼 (ICED)',0,397,3700,0,'원사이즈',627,51,NULL,4),(513,'https://paikdabang.com/wp-content/uploads/2018/06/%EA%B3%A0%EA%B5%AC%EB%A7%88%EB%9D%BC%EB%96%BC_%ED%95%AB_450x558-450x588.png','고구마라떼 (HOT)',0,463,3800,0,'원사이즈',450,71,NULL,4),(514,'https://paikdabang.com/wp-content/uploads/2018/06/%EA%B3%A0%EA%B5%AC%EB%A7%88%EB%9D%BC%EB%96%BC_%EC%95%84%EC%9D%B4%EC%8A%A4_450x558-450x588.png','고구마라떼 (ICED)',0,413,3800,0,'원사이즈',600,56,NULL,4),(515,'https://paikdabang.com/wp-content/uploads/2018/06/%EA%BF%80%EB%B0%A4%EB%9D%BC%EB%96%BC_%ED%95%AB_450x558-450x588.png','꿀밤라떼 (HOT)',0,513,3500,0,'원사이즈',450,54,NULL,4),(516,'https://paikdabang.com/wp-content/uploads/2018/06/%EA%BF%80%EB%B0%A4%EB%9D%BC%EB%96%BC_%EC%95%84%EC%9D%B4%EC%8A%A4_450x558-450x588.png','꿀밤라떼 (ICED)',0,436,3500,0,'원사이즈',600,50,NULL,4),(517,'https://paikdabang.com/wp-content/uploads/2018/06/%EB%AF%B8%EC%88%AB%EA%B0%80%EB%A3%A8-450x588.png','미숫가루',0,308,2700,0,'원사이즈',635,38,NULL,4),(518,'https://paikdabang.com/wp-content/uploads/2018/06/HOT-%EB%B0%80%ED%81%AC%ED%8B%B0-450x588.png','밀크티 (HOT)',133,313,3500,0,'원사이즈',375,35,NULL,4),(519,'https://paikdabang.com/wp-content/uploads/2018/06/ICED-%EB%B0%80%ED%81%AC%ED%8B%B0-450x588.png','밀크티 (ICED)',133,353,3500,0,'원사이즈',625,37,NULL,4),(520,'https://paikdabang.com/wp-content/uploads/2018/06/%EB%B8%94%EB%9E%99%ED%8E%84%EB%B0%80%ED%81%AC%ED%8B%B0-450x588.png','블랙펄밀크티(ICED)',77,513,4200,0,'원사이즈',643,60,NULL,4),(521,'https://paikdabang.com/wp-content/uploads/2021/07/HOT-%ED%8E%98%ED%8D%BC%EB%AF%BC%ED%8A%B8%ED%8B%B0-450x588.png','페퍼민트티 (HOT)',0,1,2500,0,'원사이즈',400,0,NULL,4),(522,'https://paikdabang.com/wp-content/uploads/2021/07/ICED-%ED%8E%98%ED%8D%BC%EB%AF%BC%ED%8A%B8%ED%8B%B0-450x588.png','페퍼민트티 (ICED)',0,1,2500,0,'원사이즈',650,0,NULL,4),(523,'https://paikdabang.com/wp-content/uploads/2018/06/HOT-%ED%99%A9%EA%B8%88%EC%BA%90%EB%AA%A8%EB%A7%88%EC%9D%BC%ED%8B%B0-450x588.png','황금캐모마일티 (HOT)',0,7,2500,0,'원사이즈',400,0,NULL,4),(524,'https://paikdabang.com/wp-content/uploads/2018/06/ICED-%ED%99%A9%EA%B8%88%EC%BA%90%EB%AA%A8%EB%A7%88%EC%9D%BC%ED%8B%B0-450x588.png','황금캐모마일티 (ICED)',0,8,2500,0,'원사이즈',650,0,NULL,4),(525,'https://paikdabang.com/wp-content/uploads/2018/06/%EA%B9%94%EB%9D%BC%EB%A7%8C%EC%8B%9C%ED%8B%B0-450x588.png','깔라만시티 (HOT)',0,268,3000,0,'원사이즈',404,66,NULL,4),(526,'https://paikdabang.com/wp-content/uploads/2018/06/%EB%8B%AC%EC%BD%A4%EC%95%84%EC%9D%B4%EC%8A%A4%ED%8B%B0-450x588.png','달콤아이스티',51,267,2000,0,'원사이즈',600,63,NULL,4),(527,'https://paikdabang.com/wp-content/uploads/2018/06/HOT-%EB%A0%88%EB%AA%AC%ED%8B%B0-450x588.png','레몬티 (HOT)',0,272,3500,0,'원사이즈',400,66,NULL,4),(528,'https://paikdabang.com/wp-content/uploads/2018/06/ICED-%EB%A0%88%EB%AA%AC%ED%8B%B0-450x588.png','레몬티 (ICED)',0,277,3500,0,'원사이즈',600,67,NULL,4),(529,'https://paikdabang.com/wp-content/uploads/2018/06/HOT-%ED%94%BC%EC%B9%98%EC%9A%B0%EB%A1%B1%EC%8A%A4%EC%9C%84%ED%8B%B0-1-450x588.png','피치우롱스위티 (HOT)',65,150,3000,0,'원사이즈',365,35,NULL,4),(530,'https://paikdabang.com/wp-content/uploads/2018/06/ICED-%ED%94%BC%EC%B9%98%EC%9A%B0%EB%A1%B1%EC%8A%A4%EC%9C%84%ED%8B%B0-1-450x588.png','피치우롱스위티 (ICED)',71,150,3000,0,'원사이즈',593,32,NULL,4),(531,'https://paikdabang.com/wp-content/uploads/2018/06/HOT-%EC%9A%B0%EB%A1%B1%ED%8B%B0-450x588.png','우롱티 (HOT)',92,7,2000,0,'원사이즈',400,0,NULL,4),(532,'https://paikdabang.com/wp-content/uploads/2018/06/ICED-%EC%9A%B0%EB%A1%B1%ED%8B%B0-450x588.png','우롱티 (ICED)',67,3,2000,0,'원사이즈',600,0,NULL,4),(533,'https://paikdabang.com/wp-content/uploads/2018/06/HOT-%EB%A0%88%EB%AA%AC%EC%96%BC%EA%B7%B8%EB%A0%88%EC%9D%B4%ED%8B%B0-450x588.png','레몬얼그레이티 (HOT)',72,110,3500,0,'원사이즈',350,25,NULL,4),(534,'https://paikdabang.com/wp-content/uploads/2018/06/ICED-%EB%A0%88%EB%AA%AC%EC%96%BC%EA%B7%B8%EB%A0%88%EC%9D%B4%ED%8B%B0-450x588.png','레몬얼그레이티 (ICED)',72,110,3500,0,'원사이즈',600,25,NULL,4),(535,'https://paikdabang.com/wp-content/uploads/2018/06/HOT-%EC%98%A4%EB%A0%8C%EC%A7%80%EC%9E%90%EB%AA%BD%EB%B8%94%EB%9E%99%ED%8B%B0-450x588.png','오렌지자몽블랙티 (HOT)',90,110,3500,0,'원사이즈',350,25,NULL,4),(536,'https://paikdabang.com/wp-content/uploads/2018/06/ICED-%EC%98%A4%EB%A0%8C%EC%A7%80%EC%9E%90%EB%AA%BD%EB%B8%94%EB%9E%99%ED%8B%B0-450x588.png','오렌지자몽블랙티 (ICED)',90,110,3500,0,'원사이즈',600,25,NULL,4),(537,'https://paikdabang.com/wp-content/uploads/2018/06/%EC%9C%A0%EC%9E%90%ED%8B%B0_%ED%95%AB-450x588.png','유자티 (HOT)',0,284,3500,0,'원사이즈',400,69,NULL,4),(538,'https://paikdabang.com/wp-content/uploads/2018/06/%EC%9C%A0%EC%9E%90%ED%8B%B0_%EC%95%84%EC%9D%B4%EC%8A%A4-450x588.png','유자티 (ICED)',0,261,3500,0,'원사이즈',600,64,NULL,4),(539,'https://paikdabang.com/wp-content/uploads/2018/06/HOT-%EC%9E%90%EB%AA%BD%ED%8B%B0-450x588.png','자몽티 (HOT)',0,281,3500,0,'원사이즈',400,66,NULL,4),(540,'https://paikdabang.com/wp-content/uploads/2018/06/ICED-%EC%9E%90%EB%AA%BD%ED%8B%B0-450x588.png','자몽티 (ICED)',0,242,3500,0,'원사이즈',600,52,NULL,4),(541,'https://paikdabang.com/wp-content/uploads/2018/06/%EC%B2%AD%ED%8F%AC%EB%8F%84%ED%94%8C%EB%9D%BC%EC%9B%8C-450x588.png','청포도플라워 (ICED)',0,220,3500,0,'원사이즈',550,52,NULL,4),(542,'https://paikdabang.com/wp-content/uploads/2018/06/%EC%95%84%EC%9D%B4%EC%8A%A4%EB%AF%B8%EC%B4%88%EC%84%9D%EB%A5%98-450x588.png','아이스미초',0,147,2500,0,'원사이즈',600,36,NULL,4),(543,'https://paikdabang.com/wp-content/uploads/2022/02/%EB%94%B8%EA%B8%B0%EC%97%90%EC%9D%B4%EB%93%9C-450x588.png','딸기에이드 (ICED)',0,184,3500,0,'원사이즈',612,39,NULL,4),(544,'https://paikdabang.com/wp-content/uploads/2022/02/%EB%94%B8%EA%B8%B0%EC%97%90%EC%9D%B4%EB%93%9C-450x588.png','레모네이드 (ICED)',0,246,4000,0,'원사이즈',625,60,NULL,4),(545,'https://paikdabang.com/wp-content/uploads/2018/06/%EC%B2%AD%ED%8F%AC%EB%8F%84%EC%97%90%EC%9D%B4%EB%93%9C-450x588.png','청포도에이드',0,234,4000,0,'원사이즈',600,56,NULL,4),(546,'https://paikdabang.com/wp-content/uploads/2018/06/%EA%B9%94%EB%9D%BC%EB%A7%8C%EC%8B%9C%EC%97%90%EC%9D%B4%EB%93%9C-450x588.png','깔라만시에이드',0,215,3500,0,'원사이즈',600,50,NULL,4),(547,'https://paikdabang.com/wp-content/uploads/2018/06/%EC%9C%A0%EC%9E%90%EC%97%90%EC%9D%B4%EB%93%9C-1-450x588.png','유자에이드',0,251,4000,0,'원사이즈',600,62,NULL,4),(548,'https://paikdabang.com/wp-content/uploads/2018/06/%EC%9E%90%EB%AA%BD%EC%97%90%EC%9D%B4%EB%93%9C-450x588.png','자몽에이드',0,258,4000,0,'원사이즈',625,61,NULL,4),(549,'https://paikdabang.com/wp-content/uploads/2018/05/%EB%B3%B5%EC%88%AD%EC%95%84%EC%97%90%EC%9D%B4%EB%93%9C-450x588.png','복숭아에이드',0,241,4000,0,'원사이즈',625,54,NULL,4),(550,'https://paikdabang.com/wp-content/uploads/2018/05/%EB%AF%B8%EC%B4%88%EC%97%90%EC%9D%B4%EB%93%9C-450x588.png','미초(석류)에이드',0,141,3000,0,'원사이즈',650,32,NULL,4),(551,'https://paikdabang.com/wp-content/uploads/2021/12/%EC%99%84%EC%A0%84%ED%86%A0%EB%A7%88%ED%86%A0-450x588.png','완전토마토',0,159,4000,0,'원사이즈',543,36,NULL,4),(552,'https://paikdabang.com/wp-content/uploads/2018/05/%EC%99%84%EC%A0%84%EB%94%B8%EA%B8%B0-450x588.png','완전딸기주스',0,224,4000,0,'원사이즈',625,43,NULL,4),(553,'https://paikdabang.com/wp-content/uploads/2018/05/%EC%99%84%EC%A0%84%EB%A7%9D%EA%B3%A0-450x588.png','완전망고주스',0,241,3500,0,'원사이즈',625,37,NULL,4),(554,'https://paikdabang.com/wp-content/uploads/2018/05/%EB%B0%80%ED%81%AC%EC%89%90%EC%9D%B4%ED%81%AC-2-450x588.png','밀크쉐이크',0,535,3500,0,'원사이즈',600,52,NULL,4),(555,'https://paikdabang.com/wp-content/uploads/2018/05/%EA%B3%A0%EA%B5%AC%EB%A7%88%EC%8A%A4%EB%AC%B4%EB%94%94_%EC%95%84%EC%9D%B4%EC%8A%A4_450x558-450x588.png','고구마스무디',0,481,4300,0,'원사이즈',650,70,NULL,4),(556,'https://paikdabang.com/wp-content/uploads/2018/05/%ED%94%8C%EB%A0%88%EC%9D%B8%EC%9A%94%EA%B1%B0%ED%8A%B8%EC%8A%A4%EB%AC%B4%EB%94%94-450x588.png','플레인요거트스무디',0,494,3500,0,'원사이즈',600,94,NULL,4),(557,'https://paikdabang.com/wp-content/uploads/2018/05/%EB%94%B8%EA%B8%B0%EC%9A%94%EA%B1%B0%ED%8A%B8%EC%8A%A4%EB%AC%B4%EB%94%94-2-450x588.png','딸기요거트스무디',0,448,4000,0,'원사이즈',625,45,NULL,4),(558,'https://paikdabang.com/wp-content/uploads/2018/04/%EB%B9%BD%EC%82%AC%EC%9D%B4%EC%A6%88-%EC%99%84%EC%A0%84%EC%B4%88%EC%BD%94-32oz-450x588.png','빽사이즈 초코라떼 (ICED)',0,555,5000,0,'빽사이즈',900,90,NULL,4),(559,'https://paikdabang.com/wp-content/uploads/2018/04/%EB%B9%BD%EC%82%AC%EC%9D%B4%EC%A6%88-%EB%8B%AC%EC%BD%A4%EC%95%84%EC%9D%B4%EC%8A%A4%ED%8B%B0-32oz-450x588.png','빽사이즈 달콤아이스티 (ICED)',32,406,3000,0,'빽사이즈',950,95,NULL,4),(560,'https://paikdabang.com/wp-content/uploads/2018/05/%EC%9B%90%EC%A1%B0%EB%B9%BD%EC%8A%A4%EC%B9%98%EB%85%B8-BASIC-450x588.png','원조빽스치노(BASIC)',306,595,3300,0,'원사이즈',625,66,NULL,4),(561,'https://paikdabang.com/wp-content/uploads/2018/05/%EC%9B%90%EC%A1%B0%EB%B9%BD%EC%8A%A4%EC%B9%98%EB%85%B8-SOFT-450x588.png','원조빽스치노(SOFT)',306,802,3800,0,'원사이즈',765,79,NULL,4),(562,'https://paikdabang.com/wp-content/uploads/2018/05/%EC%99%84%EC%A0%84%EB%94%B8%EA%B8%B0%EB%B0%94%EB%82%98%EB%82%98-BASIC-450x588.png','딸기바나나빽스치노(BASIC)',0,502,3800,0,'원사이즈',625,53,NULL,4),(563,'https://paikdabang.com/wp-content/uploads/2018/05/%EC%99%84%EC%A0%84%EB%94%B8%EA%B8%B0%EB%B0%94%EB%82%98%EB%82%98-SOFT-450x588.png','딸기바나나빽스치노(SOFT)',0,687,4300,0,'원사이즈',765,98,NULL,4),(564,'https://paikdabang.com/wp-content/uploads/2018/05/%EC%99%84%EC%A0%84%EC%B4%88%EC%BD%94%EB%B0%94%EB%82%98%EB%82%98-BASIC-450x588.png','초코바나나빽스치노(BASIC)',0,577,3800,0,'원사이즈',625,34,NULL,4),(565,'https://paikdabang.com/wp-content/uploads/2018/05/%EC%99%84%EC%A0%84%EC%B4%88%EC%BD%94%EB%B0%94%EB%82%98%EB%82%98_%EB%B9%BD%EC%8A%A4%EC%B9%98%EB%85%B8-SOFT-450x588.png','초코바나나빽스치노(SOFT)',0,784,4300,0,'원사이즈',765,47,NULL,4),(566,'https://paikdabang.com/wp-content/uploads/2018/05/%EC%99%84%EC%A0%84%EB%94%B8%EA%B8%B0%EB%B9%BD%EC%8A%A4%EC%B9%98%EB%85%B8-BASIC-450x588.png','딸기빽스치노(BASIC)',0,480,3800,0,'원사이즈',625,86,NULL,4),(567,'https://paikdabang.com/wp-content/uploads/2018/05/%EC%99%84%EC%A0%84%EB%94%B8%EA%B8%B0%EB%B9%BD%EC%8A%A4%EC%B9%98%EB%85%B8-SOFT-450x588.png','딸기빽스치노(SOFT)',0,687,4300,0,'원사이즈',765,98,NULL,4),(568,'https://paikdabang.com/wp-content/uploads/2018/05/%EB%85%B9%EC%B0%A8%EB%B9%BD%EC%8A%A4%EC%B9%98%EB%85%B8-BASIC-450x588.png','녹차빽스치노(BASIC)',260,548,3800,0,'원사이즈',625,90,NULL,4),(569,'https://paikdabang.com/wp-content/uploads/2018/05/%EB%85%B9%EC%B0%A8%EB%B9%BD%EC%8A%A4%EC%B9%98%EB%85%B8-SOFT-450x588.png','녹차빽스치노(SOFT)',260,755,4300,0,'원사이즈',765,103,NULL,4),(570,'https://paikdabang.com/wp-content/uploads/2018/05/%EB%AF%BC%ED%8A%B8%EC%B4%88%EC%BD%94%EB%B9%BD%EC%8A%A4%EC%B9%98%EB%85%B8-BASIC-450x588.png','민트초코빽스치노(BASIC)',0,602,3800,0,'원사이즈',630,28,NULL,4),(571,'https://paikdabang.com/wp-content/uploads/2018/05/%EB%AF%BC%ED%8A%B8%EC%B4%88%EC%BD%94%EB%B9%BD%EC%8A%A4%EC%B9%98%EB%85%B8-SOFT-450x588.png','민트초코빽스치노(SOFT)',0,809,4300,0,'원사이즈',770,40,NULL,4),(572,'https://paikdabang.com/wp-content/uploads/2018/05/%EC%BF%A0%ED%82%A4%ED%81%AC%EB%9F%B0%EC%B9%98%EB%B9%BD%EC%8A%A4%EC%B9%98%EB%85%B8-BASIC-450x588.png','쿠키크런치빽스치노(BASIC)',11,768,3800,0,'원사이즈',628,93,NULL,4),(573,'https://paikdabang.com/wp-content/uploads/2018/05/%EC%BF%A0%ED%82%A4%ED%81%AC%EB%9F%B0%EC%B9%98%EB%B9%BD%EC%8A%A4%EC%B9%98%EB%85%B8-SOFT-450x588.png','쿠키크런치빽스치노(SOFT)',11,942,4300,0,'원사이즈',748,103,NULL,4),(574,'https://paikdabang.com/wp-content/uploads/2018/05/%EC%99%84%EC%A0%84%EC%B4%88%EC%BD%94%EB%B9%BD%EC%8A%A4%EC%B9%98%EB%85%B8-BASIC-450x588.png','초코빽스치노(BASIC)',0,520,3800,0,'원사이즈',570,92,NULL,4),(575,'https://paikdabang.com/wp-content/uploads/2018/05/%EC%99%84%EC%A0%84%EC%B4%88%EC%BD%94%EB%B9%BD%EC%8A%A4%EC%B9%98%EB%85%B8-SOFT-450x588.png','초코빽스치노(SOFT)',0,694,4300,0,'원사이즈',690,103,NULL,4),(576,'https://paikdabang.com/wp-content/uploads/2018/05/%ED%94%BC%EC%8A%A4%ED%83%80%EC%B9%98%EC%98%A4%EB%B9%BD%EC%8A%A4%EC%B9%98%EB%85%B8-BASIC-450x588.png','피스타치오빽스치노(BASIC)',10,535,4500,0,'원사이즈',625,12,NULL,4),(577,'https://paikdabang.com/wp-content/uploads/2018/05/%ED%94%BC%EC%8A%A4%ED%83%80%EC%B9%98%EC%98%A4%EB%B9%BD%EC%8A%A4%EC%B9%98%EB%85%B8-SOFT-450x588.png','피스타치오빽스치노(SOFT)',10,742,5000,0,'원사이즈',765,24,NULL,4),(578,'https://paikdabang.com/wp-content/uploads/2018/05/%ED%90%81%EB%8B%B9%EC%B9%98%EB%85%B8_%EB%B0%94%EB%8B%90%EB%9D%BC-450x588.png','퐁당치노(바닐라)',0,496,3800,0,'원사이즈',531,60,NULL,4),(579,'https://paikdabang.com/wp-content/uploads/2018/05/%ED%90%81%EB%8B%B9%EC%B9%98%EB%85%B8_%EC%9B%90%EC%A1%B0-450x588.png','퐁당치노(원조커피)',254,556,3800,0,'원사이즈',592,51,NULL,4),(580,'https://paikdabang.com/wp-content/uploads/2018/05/%ED%90%81%EB%8B%B9%EC%B9%98%EB%85%B8_%EB%AF%B8%EC%88%AB%EA%B0%80%EB%A3%A8-450x588.png','퐁당치노(미숫가루)',0,613,3800,0,'원사이즈',592,74,NULL,4),(581,'https://www.banapresso.com/from_open_storage?ws=fprocess&file=banapresso/menu/img_e1983f793ad7.png','시그니처 아메리카노 HOT',217,3,2700,2,'기본',500,0,0,5),(582,'https://www.banapresso.com/from_open_storage?ws=fprocess&file=banapresso/menu/img_e1983f793ad7.png','시그니처 아메리카노 ICE',217,3,2700,2,'기본',650,0,0,5),(583,'https://www.banapresso.com/from_open_storage?ws=fprocess&file=banapresso/menu/img_aa618eecef95.png','아메리카노 HOT',203,2,2500,2,'기본',500,0,0,5),(584,'https://www.banapresso.com/from_open_storage?ws=fprocess&file=banapresso/menu/img_aa618eecef95.png','아메리카노 ICE',203,2,2500,2,'기본',650,0,0,5),(585,'https://www.banapresso.com/from_open_storage?ws=fprocess&file=banapresso/menu/img_7322c5cfdde8.png','바나리카노 ICE',406,5,4000,4,'기본',650,0,0,5),(586,'https://www.banapresso.com/from_open_storage?ws=fprocess&file=banapresso/menu/img_b42c5ce307da.png','허니아메리카노 HOT',203,98,3000,2,'기본',500,24,0,5),(587,'https://www.banapresso.com/from_open_storage?ws=fprocess&file=banapresso/menu/img_b42c5ce307da.png','허니아메리카노 ICE',203,98,3000,2,'기본',650,24,0,5),(588,'https://www.banapresso.com/from_open_storage?ws=fprocess&file=banapresso/menu/img_0a2935abe540.png','카페라떼 HOT',203,268,3300,2,'기본',500,19,0,5),(589,'https://www.banapresso.com/from_open_storage?ws=fprocess&file=banapresso/menu/img_0a2935abe540.png','카페라떼 ICE',203,191,3300,2,'기본',650,13,0,5),(590,'https://www.banapresso.com/from_open_storage?ws=fprocess&file=banapresso/menu/img_cd25547832ba.png','바닐라라떼 HOT',203,424,3800,2,'기본',500,37,0,5),(591,'https://www.banapresso.com/from_open_storage?ws=fprocess&file=banapresso/menu/img_cd25547832ba.png','바닐라라떼 ICE',203,368,3800,2,'기본',650,44,0,5),(592,'https://www.banapresso.com/from_open_storage?ws=fprocess&file=banapresso/menu/img_85b82596d833.png','크리미라떼 ICE',203,500,3800,2,'기본',650,26,0,5),(593,'https://www.banapresso.com/from_open_storage?ws=fprocess&file=banapresso/menu/img_1c83ee862db7.png','연유라떼 HOT',203,485,4300,2,'기본',500,50,0,5),(594,'https://www.banapresso.com/from_open_storage?ws=fprocess&file=banapresso/menu/img_1c83ee862db7.png','연유라떼 ICE',203,415,4300,2,'기본',650,45,0,5),(595,'https://www.banapresso.com/from_open_storage?ws=fprocess&file=banapresso/menu/img_6c4dc6cd3999.png','밀크카라멜마키아또 HOT',203,467,4300,2,'기본',500,53,0,5),(596,'https://www.banapresso.com/from_open_storage?ws=fprocess&file=banapresso/menu/img_6c4dc6cd3999.png','밀크카라멜마키아또 ICE',203,404,4300,2,'기본',650,48,0,5),(597,'https://www.banapresso.com/from_open_storage?ws=fprocess&file=banapresso/menu/img_a739698cd38a.png','피스타치오카페라떼 HOT',203,456,4300,2,'기본',500,58,0,5),(598,'https://www.banapresso.com/from_open_storage?ws=fprocess&file=banapresso/menu/img_a739698cd38a.png','피스타치오카페라떼 ICE',203,386,4300,2,'기본',650,53,0,5),(599,'https://www.banapresso.com/from_open_storage?ws=fprocess&file=banapresso/menu/img_0b5cb986f1f7.png','시나몬라떼 HOT',203,361,4300,2,'기본',500,46,0,5),(600,'https://www.banapresso.com/from_open_storage?ws=fprocess&file=banapresso/menu/img_0b5cb986f1f7.png','시나몬라떼 ICE',203,294,4300,2,'기본',650,41,0,5),(601,'https://www.banapresso.com/from_open_storage?ws=fprocess&file=banapresso/menu/Espresso.png','에스프레소',203,2,2500,2,'기본',60,0,0,5),(602,'https://www.banapresso.com/from_open_storage?ws=fprocess&file=banapresso/menu/img_15fc4e24e77c.png','콜드브루 ICE',245,13,3300,2,'기본',650,0,0,5),(603,'https://www.banapresso.com/from_open_storage?ws=fprocess&file=banapresso/menu/img_23079ef56016.png','시그니처콜드브루 ICE',126,13,3500,1,'기본',650,0,0,5),(604,'https://www.banapresso.com/from_open_storage?ws=fprocess&file=banapresso/menu/img_5889a996fe45.png','바닐라 콜드브루 ICE',315,333,4000,3,'기본',650,29,0,5),(605,'https://www.banapresso.com/from_open_storage?ws=fprocess&file=banapresso/menu/img_2cb207acf5d8.png','돌체 콜드브루 ICE',245,426,4500,2,'기본',650,45,0,5),(606,'https://www.banapresso.com/from_open_storage?ws=fprocess&file=banapresso/menu/img_496789e1f269.png','디카페인 아메리카노 HOT',0,3,2800,0,'기본',500,0,0,5),(607,'https://www.banapresso.com/from_open_storage?ws=fprocess&file=banapresso/menu/img_496789e1f269.png','디카페인 아메리카노 ICE',0,3,2800,0,'기본',650,0,0,5),(608,'https://www.banapresso.com/from_open_storage?ws=fprocess&file=banapresso/menu/img_81a187b11db2.png','디카페인 바나리카노 ICE',0,6,4600,0,'기본',650,0,0,5),(609,'https://www.banapresso.com/from_open_storage?ws=fprocess&file=banapresso/menu/img_6d19857e14bd.png','디카페인 허니아메리카노 HOT',0,99,3300,0,'기본',500,24,0,5),(610,'https://www.banapresso.com/from_open_storage?ws=fprocess&file=banapresso/menu/img_6d19857e14bd.png','디카페인 허니아메리카노 ICE',0,99,3300,0,'기본',650,24,0,5),(611,'https://www.banapresso.com/from_open_storage?ws=fprocess&file=banapresso/menu/img_c4a18dc093ff.png','디카페인 카페라떼 HOT',0,248,3600,0,'기본',500,17,0,5),(612,'https://www.banapresso.com/from_open_storage?ws=fprocess&file=banapresso/menu/img_c4a18dc093ff.png','디카페인 카페라떼 ICE',0,192,3600,0,'기본',650,13,0,5),(613,'https://www.banapresso.com/from_open_storage?ws=fprocess&file=banapresso/menu/img_a88936e8a744.png','디카페인 바닐라라떼 HOT',0,415,4100,0,'기본',500,36,0,5),(614,'https://www.banapresso.com/from_open_storage?ws=fprocess&file=banapresso/menu/img_a88936e8a744.png','디카페인 바닐라라떼 ICE',0,359,4100,0,'기본',650,32,0,5),(615,'https://www.banapresso.com/from_open_storage?ws=fprocess&file=banapresso/menu/img_14fb5394337e.png','디카페인 크리미라떼 ICE',0,501,4100,0,'기본',650,26,0,5),(616,'https://www.banapresso.com/from_open_storage?ws=fprocess&file=banapresso/menu/img_8348da91cb85.png','디카페인 연유라떼 HOT',0,486,4600,0,'기본',500,50,0,5),(617,'https://www.banapresso.com/from_open_storage?ws=fprocess&file=banapresso/menu/img_8348da91cb85.png','디카페인 연유라떼 ICE',0,416,4600,0,'기본',650,45,0,5),(618,'https://www.banapresso.com/from_open_storage?ws=fprocess&file=banapresso/menu/img_479e984bf49a.png','디카페인 피스타치오카페라떼 HOT',0,457,4600,0,'기본',500,58,0,5),(619,'https://www.banapresso.com/from_open_storage?ws=fprocess&file=banapresso/menu/img_479e984bf49a.png','디카페인 피스타치오카페라떼 ICE',0,387,4600,0,'기본',650,53,0,5),(620,'https://www.banapresso.com/from_open_storage?ws=fprocess&file=banapresso/menu/img_357aef1d4472.png','디카페인 에스프레소',0,3,2800,0,'기본',60,0,0,5),(621,'https://www.banapresso.com/from_open_storage?ws=fprocess&file=banapresso/menu/img_44c34466f721.png','디카페인 시나몬라떼 HOT',0,361,4600,0,'기본',500,46,0,5),(622,'https://www.banapresso.com/from_open_storage?ws=fprocess&file=banapresso/menu/img_44c34466f721.png','디카페인 시나몬라떼 ICE',0,295,4600,0,'기본',650,41,0,5),(623,'https://www.banapresso.com/from_open_storage?ws=fprocess&file=banapresso/menu/img_d5eb7d0cf01c.png','디카페인 밀크카라멜마키아또 HOT',0,467,4600,0,'기본',500,53,0,5),(624,'https://www.banapresso.com/from_open_storage?ws=fprocess&file=banapresso/menu/img_d5eb7d0cf01c.png','디카페인 밀크카라멜마키아또 ICE',0,404,4600,0,'기본',650,48,0,5),(625,'https://www.banapresso.com/from_open_storage?ws=fprocess&file=banapresso/menu/img_0c08e273cd8b.png','얼그레이밀크티 HOT',0,393,3800,0,'기본',500,51,0,5),(626,'https://www.banapresso.com/from_open_storage?ws=fprocess&file=banapresso/menu/img_0c08e273cd8b.png','얼그레이밀크티 ICE',0,344,3800,0,'기본',650,48,0,5),(627,'https://www.banapresso.com/from_open_storage?ws=fprocess&file=banapresso/menu/img_148da6d88b38.png','얼그레이버블티 ICE',0,383,4300,0,'기본',650,48,0,5),(628,'https://www.banapresso.com/from_open_storage?ws=fprocess&file=banapresso/menu/img_57320507b3f8.png','흑당밀크티 ICE',0,384,3800,0,'기본',650,52,0,5),(629,'https://www.banapresso.com/from_open_storage?ws=fprocess&file=banapresso/menu/img_8bdbff00aa9b.png','흑당버블티 ICE',0,451,4300,0,'기본',650,60,0,5),(630,'https://www.banapresso.com/from_open_storage?ws=fprocess&file=banapresso/menu/img_7b8ed53d7eea.png','토피넛라떼 HOT',0,490,3800,0,'기본',500,43,0,5),(631,'https://www.banapresso.com/from_open_storage?ws=fprocess&file=banapresso/menu/img_7b8ed53d7eea.png','토피넛라떼 ICE',0,427,3800,0,'기본',650,39,0,5),(632,'https://www.banapresso.com/from_open_storage?ws=fprocess&file=banapresso/menu/img_ef5e35662c02.png','달고나라떼 HOT',0,428,3800,0,'기본',500,54,0,5),(633,'https://www.banapresso.com/from_open_storage?ws=fprocess&file=banapresso/menu/img_ef5e35662c02.png','달고나라떼 ICE',0,418,3800,0,'기본',650,54,0,5),(634,'https://www.banapresso.com/from_open_storage?ws=fprocess&file=banapresso/menu/img_40bd5666a9ce.png','리얼바닐라빈 HOT',0,426,3500,0,'기본',500,37,0,5),(635,'https://www.banapresso.com/from_open_storage?ws=fprocess&file=banapresso/menu/img_40bd5666a9ce.png','리얼바닐라빈 ICE',0,359,3500,0,'기본',650,32,0,5),(636,'https://www.banapresso.com/from_open_storage?ws=fprocess&file=banapresso/menu/img_3becda51fb3a.png','리얼초코 HOT',0,378,3500,0,'기본',500,43,0,5),(637,'https://www.banapresso.com/from_open_storage?ws=fprocess&file=banapresso/menu/img_3becda51fb3a.png','리얼초코 ICE',0,325,3500,0,'기본',650,39,0,5),(638,'https://www.banapresso.com/from_open_storage?ws=fprocess&file=banapresso/menu/img_34d763b1820d.png','오트밀라떼 HOT',0,497,3500,0,'기본',500,36,0,5),(639,'https://www.banapresso.com/from_open_storage?ws=fprocess&file=banapresso/menu/img_34d763b1820d.png','오트밀라떼 ICE',0,455,3500,0,'기본',650,33,0,5),(640,'https://www.banapresso.com/from_open_storage?ws=fprocess&file=banapresso/menu/img_ef2fc5c870b5.png','녹차라떼 HOT',61,459,3800,1,'기본',500,64,0,5),(641,'https://www.banapresso.com/from_open_storage?ws=fprocess&file=banapresso/menu/img_ef2fc5c870b5.png','녹차라떼 ICE',61,399,3800,1,'기본',650,60,0,5),(642,'https://www.banapresso.com/from_open_storage?ws=fprocess&file=banapresso/menu/img_015748897080.png','피스타치오라떼 HOT',0,496,3800,0,'기본',500,61,0,5),(643,'https://www.banapresso.com/from_open_storage?ws=fprocess&file=banapresso/menu/img_015748897080.png','피스타치오라떼 ICE',0,422,3800,0,'기본',650,56,0,5),(644,'https://www.banapresso.com/from_open_storage?ws=fprocess&file=banapresso/menu/img_d505c50ed17e.png','딸기라떼 ICE',0,306,4000,0,'기본',650,47,0,5),(645,'https://www.banapresso.com/from_open_storage?ws=fprocess&file=banapresso/menu/img_533c9e27ad61.png','홍시라떼 ICE',0,264,4000,0,'기본',650,25,0,5),(646,'https://www.banapresso.com/from_open_storage?ws=fprocess&file=banapresso/menu/img_5d7c0e3c7d95.png','로제뱅쇼 HOT',0,272,4000,0,'기본',500,58,0,5),(647,'https://www.banapresso.com/from_open_storage?ws=fprocess&file=banapresso/menu/img_5d7c0e3c7d95.png','로제뱅쇼 ICE',0,272,4000,0,'기본',650,58,0,5),(648,'https://www.banapresso.com/from_open_storage?ws=fprocess&file=banapresso/menu/img_46c228fb8e38.png','레드뱅쇼 HOT',0,223,4000,0,'기본',500,55,0,5),(649,'https://www.banapresso.com/from_open_storage?ws=fprocess&file=banapresso/menu/img_46c228fb8e38.png','레드뱅쇼 ICE',0,223,4000,0,'기본',650,55,0,5),(650,'https://www.banapresso.com/from_open_storage?ws=fprocess&file=banapresso/menu/img_6dd7097c7bc4.png','딸기쥬스 ICE',0,222,4000,0,'기본',650,54,0,5),(651,'https://www.banapresso.com/from_open_storage?ws=fprocess&file=banapresso/menu/img_571b16e834cd.png','망고쥬스 ICE',0,299,4000,0,'기본',650,210,0,5),(652,'https://www.banapresso.com/from_open_storage?ws=fprocess&file=banapresso/menu/img_65a845f42626.png','홍시쥬스 ICE',0,194,4000,0,'기본',650,20,0,5),(653,'https://www.banapresso.com/from_open_storage?ws=fprocess&file=banapresso/menu/img_60516dc2a766.png','딸기요거트드링크 ICE',0,410,4000,0,'기본',650,63,0,5),(654,'https://www.banapresso.com/from_open_storage?ws=fprocess&file=banapresso/menu/img_fdd8ba7e6d64.png','복숭아요거트드링크 ICE',0,437,4300,0,'기본',650,67,0,5),(655,'https://www.banapresso.com/from_open_storage?ws=fprocess&file=banapresso/menu/img_2d9281be5946.png','플레인요거트드링크 ICE',0,362,3500,0,'기본',650,48,0,5),(656,'https://www.banapresso.com/from_open_storage?ws=fprocess&file=banapresso/menu/img_a07548dac0db.png','딸기복숭아스무디',0,219,4000,0,'기본',650,53,0,5),(657,'https://www.banapresso.com/from_open_storage?ws=fprocess&file=banapresso/menu/img_059a6e612b37.png','레몬요거트스무디',0,507,4000,0,'기본',650,89,0,5),(658,'https://www.banapresso.com/from_open_storage?ws=fprocess&file=banapresso/menu/img_dd07c01f41d5.png','자바칩바나치노',0,751,4500,0,'기본',650,95,1,5),(659,'https://www.banapresso.com/from_open_storage?ws=fprocess&file=banapresso/menu/img_e931361e0b59.png','쿠앤크바나치노',0,916,4500,0,'기본',650,72,1,5),(660,'https://www.banapresso.com/from_open_storage?ws=fprocess&file=banapresso/menu/img_95a7524685c7.png','민트초코바나치노',0,772,4500,0,'기본',650,82,1,5),(661,'https://www.banapresso.com/from_open_storage?ws=fprocess&file=banapresso/menu/img_6adea6949d3b.png','녹차바나치노',0,581,4500,0,'기본',650,94,0,5),(662,'https://www.banapresso.com/from_open_storage?ws=fprocess&file=banapresso/menu/img_ed4fb8081923.png','딸기스무디',0,573,4000,0,'기본',650,96,0,5),(663,'https://www.banapresso.com/from_open_storage?ws=fprocess&file=banapresso/menu/img_a500008b4fbb.png','레몬딸기스무디',0,301,4000,0,'기본',650,71,0,5),(664,'https://www.banapresso.com/from_open_storage?ws=fprocess&file=banapresso/menu/img_89e794699475.png','바닐라쉐이크',0,573,4500,0,'기본',650,56,0,5),(665,'https://www.banapresso.com/from_open_storage?ws=fprocess&file=banapresso/menu/img_0f4de72e3327.png','초코쉐이크',0,563,4500,0,'기본',650,72,0,5),(666,'https://www.banapresso.com/from_open_storage?ws=fprocess&file=banapresso/menu/img_8fe56ebfe9d2.png','망고스무디',0,336,4000,0,'기본',650,222,0,5),(667,'https://www.banapresso.com/from_open_storage?ws=fprocess&file=banapresso/menu/img_d066d06a6593.png','대추쌍화차 HOT',0,257,4000,0,'기본',500,48,0,5),(668,'https://www.banapresso.com/from_open_storage?ws=fprocess&file=banapresso/menu/img_d066d06a6593.png','대추쌍화차 ICE',0,257,4000,0,'기본',650,48,0,5),(669,'https://www.banapresso.com/from_open_storage?ws=fprocess&file=banapresso/menu/img_1b01eafee35b.png','배도라지차 HOT',0,264,4000,0,'기본',500,50,0,5),(670,'https://www.banapresso.com/from_open_storage?ws=fprocess&file=banapresso/menu/img_1b01eafee35b.png','배도라지차 ICE',0,264,4000,0,'기본',650,50,0,5),(671,'https://www.banapresso.com/from_open_storage?ws=fprocess&file=banapresso/menu/img_22303f1d527a.png','유자애플티 HOT',0,323,4000,0,'기본',500,70,0,5),(672,'https://www.banapresso.com/from_open_storage?ws=fprocess&file=banapresso/menu/img_6a9ebdeeecea.png','생강레몬티 ICE',0,323,4000,0,'기본',650,70,0,5),(673,'https://www.banapresso.com/from_open_storage?ws=fprocess&file=banapresso/menu/img_03b22dd47198.png','캐모마일리치티 HOT',0,179,3500,0,'기본',500,43,0,5),(674,'https://www.banapresso.com/from_open_storage?ws=fprocess&file=banapresso/menu/img_03b22dd47198.png','캐모마일리치티 ICE',0,179,3500,0,'기본',650,430,0,5),(675,'https://www.banapresso.com/from_open_storage?ws=fprocess&file=banapresso/menu/img_96ba8cf23be3.png','민트유자페어티 HOT',0,186,3500,0,'기본',500,39,0,5),(676,'https://www.banapresso.com/from_open_storage?ws=fprocess&file=banapresso/menu/img_96ba8cf23be3.png','민트유자페어티 ICE',0,186,3500,0,'기본',650,39,0,5),(677,'https://www.banapresso.com/from_open_storage?ws=fprocess&file=banapresso/menu/img_552d506c2ef9.png','복숭아아이스티 ICE',0,201,3500,0,'기본',650,47,0,5),(678,'https://www.banapresso.com/from_open_storage?ws=fprocess&file=banapresso/menu/img_c182f1def00d.png','복숭아에이드',0,109,4300,0,'기본',650,26,0,5),(679,'https://www.banapresso.com/from_open_storage?ws=fprocess&file=banapresso/menu/img_dae205b2c09a.png','자몽에이드',0,142,3800,0,'기본',650,30,0,5),(680,'https://www.banapresso.com/from_open_storage?ws=fprocess&file=banapresso/menu/img_7f6a0de222cc.png','레몬에이드',0,164,3800,0,'기본',650,32,0,5),(681,'https://www.banapresso.com/from_open_storage?ws=fprocess&file=banapresso/menu/img_221dbe82ebb9.png','청포도에이드',0,152,3800,0,'기본',650,30,0,5),(682,'https://www.banapresso.com/from_open_storage?ws=fprocess&file=banapresso/menu/img_5bbe045581aa.png','제주청귤티 HOT',0,238,3500,0,'기본',500,51,0,5),(683,'https://www.banapresso.com/from_open_storage?ws=fprocess&file=banapresso/menu/img_5bbe045581aa.png','제주청귤티 ICE',0,238,3500,0,'기본',650,51,0,5),(684,'https://www.banapresso.com/from_open_storage?ws=fprocess&file=banapresso/menu/img_d072b69b03bf.png','레몬티 HOT',0,240,3800,0,'기본',500,56,0,5),(685,'https://www.banapresso.com/from_open_storage?ws=fprocess&file=banapresso/menu/img_d072b69b03bf.png','레몬티 ICE',0,240,3800,0,'기본',650,56,0,5),(686,'https://www.banapresso.com/from_open_storage?ws=fprocess&file=banapresso/menu/img_fbec2cdf7949.png','자몽티 HOT',0,218,3800,0,'기본',500,54,0,5),(687,'https://www.banapresso.com/from_open_storage?ws=fprocess&file=banapresso/menu/img_fbec2cdf7949.png','자몽티 ICE',0,218,3800,0,'기본',650,54,0,5),(688,'https://www.banapresso.com/from_open_storage?ws=fprocess&file=banapresso/menu/img_3e15ccb10c2a.png','자몽히비스커스티 HOT',0,124,3800,0,'기본',500,30,0,5),(689,'https://www.banapresso.com/from_open_storage?ws=fprocess&file=banapresso/menu/img_3e15ccb10c2a.png','자몽히비스커스티 ICE',0,124,3800,0,'기본',650,30,0,5),(690,'https://www.banapresso.com/from_open_storage?ws=fprocess&file=banapresso/menu/img_3e50b115d8cb.png','레몬페퍼민트티 HOT',0,164,3800,0,'기본',500,32,0,5),(691,'https://www.banapresso.com/from_open_storage?ws=fprocess&file=banapresso/menu/img_3e50b115d8cb.png','레몬페퍼민트티 ICE',0,164,3800,0,'기본',650,32,0,5),(692,'https://www.banapresso.com/from_open_storage?ws=fprocess&file=banapresso/menu/img_8cb806e52dad.png','캐모마일 HOT',0,1,2800,0,'기본',500,0,0,5),(693,'https://www.banapresso.com/from_open_storage?ws=fprocess&file=banapresso/menu/img_8cb806e52dad.png','캐모마일 ICE',0,1,2800,0,'기본',650,0,0,5),(694,'https://www.banapresso.com/from_open_storage?ws=fprocess&file=banapresso/menu/img_465508a95b24.png','히비스커스 HOT',0,2,2800,0,'기본',500,0,0,5),(695,'https://www.banapresso.com/from_open_storage?ws=fprocess&file=banapresso/menu/img_465508a95b24.png','히비스커스 ICE',0,2,2800,0,'기본',650,0,0,5),(696,'https://www.banapresso.com/from_open_storage?ws=fprocess&file=banapresso/menu/img_d0e510a54056.png','얼그레이 HOT',0,1,2800,0,'기본',500,0,0,5),(697,'https://www.banapresso.com/from_open_storage?ws=fprocess&file=banapresso/menu/img_d0e510a54056.png','얼그레이 ICE',0,1,2800,0,'기본',650,0,0,5),(698,'https://www.banapresso.com/from_open_storage?ws=fprocess&file=banapresso/menu/img_8440f3fe6543.png','페퍼민트 HOT',0,0,2800,0,'기본',500,0,0,5),(699,'https://www.banapresso.com/from_open_storage?ws=fprocess&file=banapresso/menu/img_8440f3fe6543.png','페퍼민트 ICE',0,0,2800,0,'기본',650,0,0,5),(700,'https://www.caffe-pascucci.co.kr/upload/product/%EC%97%90%EC%8A%A4%ED%94%84%EB%A0%88%EC%86%8C_16951.jpg','에스프레소',138,7,3800,1,'Small',20,0,0,6),(701,'https://www.caffe-pascucci.co.kr/upload/product/%EC%97%90%EC%8A%A4%ED%94%84%EB%A0%88%EC%86%8C%EB%8F%84%ED%94%BC%EC%98%A4_161018.jpg','에스프레소 도피오',276,14,4300,2,'Small',40,0,0,6),(702,'https://www.caffe-pascucci.co.kr/upload/product/%EC%97%90%EC%8A%A4%ED%94%84%EB%A0%88%EC%86%8C%EB%A7%88%EB%81%BC%EC%95%84%EB%98%90_161055.jpg','에스프레소 마끼아또',115,40,4300,1,'Small',70,2,0,6),(703,'https://www.caffe-pascucci.co.kr/upload/product/%EC%95%84%ED%8F%AC%EA%B0%80%ED%86%A0_11645.jpg','아포가또',130,145,5500,1,'Small',121,6,0,6),(704,'https://www.caffe-pascucci.co.kr/upload/product/hot_94150.jpg','헤이오트라떼 (HOT)',227,220,5800,2,'Regular',270,32,0,6),(705,'https://www.caffe-pascucci.co.kr/upload/product/hot_94150.jpg','헤이오트라떼 (HOT)',310,280,6300,3,'Large',350,42,0,6),(706,'https://www.caffe-pascucci.co.kr/upload/product/%EC%95%84%EB%A9%94%EB%A6%AC%EC%B9%B4%EB%85%B8_155657.jpg','아메리카노 (HOT)',227,15,4500,2,'Regular',290,0,0,6),(707,'https://www.caffe-pascucci.co.kr/upload/product/%EC%95%84%EB%A9%94%EB%A6%AC%EC%B9%B4%EB%85%B8_155657.jpg','아메리카노 (HOT)',231,20,5000,3,'Large',360,0,0,6),(708,'https://www.caffe-pascucci.co.kr/upload/product/%EC%B9%B4%ED%8E%98%EB%9D%BC%EB%96%BC_155720.jpg','카페라떼 (HOT)',188,180,5000,2,'Regular',290,11,0,6),(709,'https://www.caffe-pascucci.co.kr/upload/product/%EC%B9%B4%ED%8E%98%EB%9D%BC%EB%96%BC_155720.jpg','카페라떼 (HOT)',218,220,5500,3,'Large',360,14,0,6),(710,'https://www.caffe-pascucci.co.kr/upload/product/%EC%B9%B4%ED%91%B8%EC%B9%98%EB%85%B8_155752.jpg','카푸치노 (HOT)',190,131,5000,2,'Regular',240,12,0,6),(711,'https://www.caffe-pascucci.co.kr/upload/product/%EC%B9%B4%ED%91%B8%EC%B9%98%EB%85%B8_155752.jpg','카푸치노 (HOT)',248,180,5500,3,'Large',310,11,0,6),(712,'https://www.caffe-pascucci.co.kr/upload/product/%EC%B9%B4%EB%9D%BC%EB%A9%9C%EB%9D%BC%EB%96%BC%EB%A7%88%EB%81%BC%EC%95%84%EB%98%90_16245.png','카라멜 라떼 마끼아또 (HOT)',196,189,5800,2,'Regular',275,29,0,6),(713,'https://www.caffe-pascucci.co.kr/upload/product/%EC%B9%B4%EB%9D%BC%EB%A9%9C%EB%9D%BC%EB%96%BC%EB%A7%88%EB%81%BC%EC%95%84%EB%98%90_16245.png','카라멜 라떼 마끼아또 (HOT)',217,255,6300,3,'Large',355,41,0,6),(714,'https://www.caffe-pascucci.co.kr/upload/product/%EB%B0%94%EB%8B%90%EB%9D%BC%EB%9D%BC%EB%96%BC%EB%A7%88%EB%81%BC%EC%95%84%EB%98%90_16329.jpg','바닐라 라떼 마끼아또 (HOT)',188,166,5800,2,'Regular',260,24,0,6),(715,'https://www.caffe-pascucci.co.kr/upload/product/%EB%B0%94%EB%8B%90%EB%9D%BC%EB%9D%BC%EB%96%BC%EB%A7%88%EB%81%BC%EC%95%84%EB%98%90_16329.jpg','바닐라 라떼 마끼아또 (HOT)',214,211,6300,3,'Large',340,37,0,6),(716,'https://www.caffe-pascucci.co.kr/upload/product/%EC%B9%B4%ED%8E%98%EB%AA%A8%EC%B9%B4_16417.jpg','카페모카 (HOT)',192,243,5500,2,'Regular',291,34,1,6),(717,'https://www.caffe-pascucci.co.kr/upload/product/%EC%B9%B4%ED%8E%98%EB%AA%A8%EC%B9%B4_16417.jpg','카페모카 (HOT)',221,293,6000,3,'Large',376,42,1,6),(718,'https://www.caffe-pascucci.co.kr/upload/product/iced_94353.jpg','헤이오트라떼 (ICE)',157,150,5800,2,'Regular',360,22,0,6),(719,'https://www.caffe-pascucci.co.kr/upload/product/iced_94353.jpg','헤이오트라떼 (ICE)',160,220,6300,3,'Large',470,32,0,6),(720,'https://www.caffe-pascucci.co.kr/upload/product/iced_94353.jpg','헤이오트라떼 (ICE)',220,310,6800,4,'Venti',620,44,0,6),(721,'https://www.caffe-pascucci.co.kr/upload/product/%EC%95%84%EC%9D%B8%EC%8A%88%ED%8C%A8%EB%84%88_92736.jpg','시그니처 크림 커피',239,120,5800,2,'Regular',370,15,0,6),(722,'https://www.caffe-pascucci.co.kr/upload/product/%EC%95%84%EC%9D%B4%EC%8A%A4%EC%95%84%EB%A9%94%EB%A6%AC%EC%B9%B4%EB%85%B8_154527.jpg','아메리카노 (ICE)',213,15,4500,2,'Regular',370,0,0,6),(723,'https://www.caffe-pascucci.co.kr/upload/product/%EC%95%84%EC%9D%B4%EC%8A%A4%EC%95%84%EB%A9%94%EB%A6%AC%EC%B9%B4%EB%85%B8_154527.jpg','아메리카노 (ICE)',231,20,5000,3,'Large',470,0,0,6),(724,'https://www.caffe-pascucci.co.kr/upload/product/%EC%95%84%EC%9D%B4%EC%8A%A4%EC%95%84%EB%A9%94%EB%A6%AC%EC%B9%B4%EB%85%B8_154527.jpg','아메리카노 (ICE)',335,25,5500,4,'Venti',580,0,0,6),(725,'https://www.caffe-pascucci.co.kr/upload/product/%EC%95%84%EC%9D%B4%EC%8A%A4%EC%B9%B4%ED%8E%98%EB%9D%BC%EB%96%BC_154558.jpg','카페라떼 (ICE)',219,110,5000,2,'Regular',370,7,0,6),(726,'https://www.caffe-pascucci.co.kr/upload/product/%EC%95%84%EC%9D%B4%EC%8A%A4%EC%B9%B4%ED%8E%98%EB%9D%BC%EB%96%BC_154558.jpg','카페라떼 (ICE)',242,150,5500,3,'Large',470,9,0,6),(727,'https://www.caffe-pascucci.co.kr/upload/product/%EC%95%84%EC%9D%B4%EC%8A%A4%EC%B9%B4%ED%8E%98%EB%9D%BC%EB%96%BC_154558.jpg','카페라떼 (ICE)',438,220,6000,4,'Venti',580,14,0,6),(728,'https://www.caffe-pascucci.co.kr/upload/product/%EC%95%84%EC%9D%B4%EC%8A%A4%EC%B9%B4%EB%9D%BC%EB%A9%9C%EB%9D%BC%EB%96%BC%EB%A7%88%EB%81%BC%EC%95%84%EB%98%90_154655.jpg','카라멜라떼 마끼아또 (ICE)',218,201,5800,2,'Regular',390,19,0,6),(729,'https://www.caffe-pascucci.co.kr/upload/product/%EC%95%84%EC%9D%B4%EC%8A%A4%EC%B9%B4%EB%9D%BC%EB%A9%9C%EB%9D%BC%EB%96%BC%EB%A7%88%EB%81%BC%EC%95%84%EB%98%90_154655.jpg','카라멜라떼 마끼아또 (ICE)',228,234,6300,3,'Large',510,36,0,6),(730,'https://www.caffe-pascucci.co.kr/upload/product/%EC%95%84%EC%9D%B4%EC%8A%A4%EC%B9%B4%EB%9D%BC%EB%A9%9C%EB%9D%BC%EB%96%BC%EB%A7%88%EB%81%BC%EC%95%84%EB%98%90_154655.jpg','카라멜라떼 마끼아또 (ICE)',380,450,6800,4,'Venti',620,58,0,6),(731,'https://www.caffe-pascucci.co.kr/upload/product/%EC%95%84%EC%9D%B4%EC%8A%A4%EB%B0%94%EB%8B%90%EB%9D%BC%EB%9D%BC%EB%96%BC%EB%A7%88%EB%81%BC%EC%95%84%EB%98%90_15486.jpg','바닐라라떼 마끼아또 (ICE)',204,183,5800,2,'Regular',390,27,0,6),(732,'https://www.caffe-pascucci.co.kr/upload/product/%EC%95%84%EC%9D%B4%EC%8A%A4%EB%B0%94%EB%8B%90%EB%9D%BC%EB%9D%BC%EB%96%BC%EB%A7%88%EB%81%BC%EC%95%84%EB%98%90_15486.jpg','바닐라라떼 마끼아또 (ICE)',231,232,6300,3,'Large',510,41,0,6),(733,'https://www.caffe-pascucci.co.kr/upload/product/%EC%95%84%EC%9D%B4%EC%8A%A4%EB%B0%94%EB%8B%90%EB%9D%BC%EB%9D%BC%EB%96%BC%EB%A7%88%EB%81%BC%EC%95%84%EB%98%90_15486.jpg','바닐라라떼 마끼아또 (ICE)',393,410,6800,4,'Venti',620,61,0,6),(734,'https://www.caffe-pascucci.co.kr/upload/product/%EC%95%84%EC%9D%B4%EC%8A%A4%EC%B9%B4%ED%8E%98%EB%AA%A8%EC%B9%B4_92612.jpg','카페모카 (ICE)',202,280,5500,2,'Regular',376,28,1,6),(735,'https://www.caffe-pascucci.co.kr/upload/product/%EC%95%84%EC%9D%B4%EC%8A%A4%EC%B9%B4%ED%8E%98%EB%AA%A8%EC%B9%B4_92612.jpg','카페모카 (ICE)',239,260,6000,3,'Large',491,38,1,6),(736,'https://www.caffe-pascucci.co.kr/upload/product/%EC%95%84%EC%9D%B4%EC%8A%A4%EC%B9%B4%ED%8E%98%EB%AA%A8%EC%B9%B4_92612.jpg','카페모카 (ICE)',416,490,6500,4,'Venti',621,53,1,6),(737,'https://www.caffe-pascucci.co.kr/upload/product/%EC%BD%9C%EB%93%9C%EB%B8%8C%EB%A3%A8%EB%9D%BC%EB%96%BC_91749.jpg','콜드브루 라떼 보틀',293,130,5900,0,'기본',300,8,0,6),(738,'https://www.caffe-pascucci.co.kr/upload/product/%EC%BD%9C%EB%93%9C%EB%B8%8C%EB%A3%A8%EC%95%84%EB%A9%94%EB%A6%AC%EC%B9%B4%EB%85%B8_91652.jpg','콜드브루 아메리카노 보틀',284,15,5500,0,'기본',300,0,0,6),(739,'https://www.caffe-pascucci.co.kr/upload/product/%EC%BD%9C%EB%93%9C%EB%B8%8C%EB%A3%A8%EC%95%84%EB%A9%94%EB%A6%AC%EC%B9%B4%EB%85%B8_155132.jpg','콜드브루 아메리카노',201,10,4800,0,'Regular',350,0,0,6),(740,'https://www.caffe-pascucci.co.kr/upload/product/%EC%BD%9C%EB%93%9C%EB%B8%8C%EB%A3%A8%EC%95%84%EB%A9%94%EB%A6%AC%EC%B9%B4%EB%85%B8_155132.jpg','콜드브루 아메리카노',297,20,5300,0,'Large',500,0,0,6),(741,'https://www.caffe-pascucci.co.kr/upload/product/%EC%BD%9C%EB%93%9C%EB%B8%8C%EB%A3%A8%EC%95%84%EB%A9%94%EB%A6%AC%EC%B9%B4%EB%85%B8_155132.jpg','콜드브루 아메리카노',395,25,5800,0,'Venti',600,0,0,6),(742,'https://www.caffe-pascucci.co.kr/upload/product/%EB%94%94%EC%B9%B4%ED%8E%98%EC%9D%B8_%EC%BD%9C%EB%93%9C%EB%B8%8C%EB%A3%A8%EC%95%84%EB%A9%94%EB%A6%AC%EC%B9%B4%EB%85%B8_14242.jpg','디카페인 콜드브루 아메리카노',5,10,5100,0,'Regular',350,0,0,6),(743,'https://www.caffe-pascucci.co.kr/upload/product/%EB%94%94%EC%B9%B4%ED%8E%98%EC%9D%B8_%EC%BD%9C%EB%93%9C%EB%B8%8C%EB%A3%A8%EC%95%84%EB%A9%94%EB%A6%AC%EC%B9%B4%EB%85%B8_14242.jpg','디카페인 콜드브루 아메리카노',8,15,5600,0,'Large',500,0,0,6),(744,'https://www.caffe-pascucci.co.kr/upload/product/%EB%94%94%EC%B9%B4%ED%8E%98%EC%9D%B8_%EC%BD%9C%EB%93%9C%EB%B8%8C%EB%A3%A8%EC%95%84%EB%A9%94%EB%A6%AC%EC%B9%B4%EB%85%B8_14242.jpg','디카페인 콜드브루 아메리카노',16,20,6100,0,'Venti',600,0,0,6),(745,'https://www.caffe-pascucci.co.kr/upload/product/%EC%BD%9C%EB%93%9C%EB%B8%8C%EB%A3%A8%EC%B9%B4%ED%8E%98%EB%9D%BC%EB%96%BC_155227.jpg','콜드브루 라떼',190,80,5300,0,'Regular',350,5,0,6),(746,'https://www.caffe-pascucci.co.kr/upload/product/%EC%BD%9C%EB%93%9C%EB%B8%8C%EB%A3%A8%EC%B9%B4%ED%8E%98%EB%9D%BC%EB%96%BC_155227.jpg','콜드브루 라떼',282,120,5800,0,'Large',500,7,0,6),(747,'https://www.caffe-pascucci.co.kr/upload/product/%EC%BD%9C%EB%93%9C%EB%B8%8C%EB%A3%A8%EC%B9%B4%ED%8E%98%EB%9D%BC%EB%96%BC_155227.jpg','콜드브루 라떼',389,150,6300,0,'Venti',600,9,0,6),(748,'https://www.caffe-pascucci.co.kr/upload/product/%EB%94%94%EC%B9%B4%ED%8E%98%EC%9D%B8_%EC%BD%9C%EB%93%9C%EB%B8%8C%EB%A3%A8%EC%B9%B4%ED%8E%98%EB%9D%BC%EB%96%BC_14221.jpg','디카페인 콜드브루 라떼',5,80,5300,0,'Regular',350,5,0,6),(749,'https://www.caffe-pascucci.co.kr/upload/product/%EB%94%94%EC%B9%B4%ED%8E%98%EC%9D%B8_%EC%BD%9C%EB%93%9C%EB%B8%8C%EB%A3%A8%EC%B9%B4%ED%8E%98%EB%9D%BC%EB%96%BC_14221.jpg','디카페인 콜드브루 라떼',8,110,5800,0,'Large',500,7,0,6),(750,'https://www.caffe-pascucci.co.kr/upload/product/%EB%94%94%EC%B9%B4%ED%8E%98%EC%9D%B8_%EC%BD%9C%EB%93%9C%EB%B8%8C%EB%A3%A8%EC%B9%B4%ED%8E%98%EB%9D%BC%EB%96%BC_14221.jpg','디카페인 콜드브루 라떼',16,150,6600,0,'Venti',600,9,0,6),(751,'https://www.caffe-pascucci.co.kr/upload/product/%EC%97%B0%EC%9C%A0%EC%BD%9C%EB%93%9C%EB%B8%8C%EB%A3%A8%ED%94%8C%EB%A1%9C%ED%8A%B8_10335.jpg','연유 콜드브루 플로트',160,270,5900,0,'Regular',410,29,0,6),(752,'https://www.caffe-pascucci.co.kr/upload/product/%EC%97%B0%EC%9C%A0%EC%BD%9C%EB%93%9C%EB%B8%8C%EB%A3%A8%ED%94%8C%EB%A1%9C%ED%8A%B8_10335.jpg','연유 콜드브루 플로트',223,360,6400,0,'Large',485,38,0,6),(753,'https://www.caffe-pascucci.co.kr/upload/product/%EC%97%B0%EC%9C%A0%EC%BD%9C%EB%93%9C%EB%B8%8C%EB%A3%A8%ED%94%8C%EB%A1%9C%ED%8A%B8_10335.jpg','연유 콜드브루 플로트',298,470,6900,0,'Venti',650,49,0,6),(754,'https://www.caffe-pascucci.co.kr/upload/product/%EB%94%94%EC%B9%B4%ED%8E%98%EC%9D%B8_%EC%97%B0%EC%9C%A0%EC%BD%9C%EB%93%9C%EB%B8%8C%EB%A3%A8%ED%94%8C%EB%A1%9C%ED%8A%B8_141936.jpg','디카페인 연유 콜드브루 플로트',4,270,6200,0,'Regular',410,29,0,6),(755,'https://www.caffe-pascucci.co.kr/upload/product/%EB%94%94%EC%B9%B4%ED%8E%98%EC%9D%B8_%EC%97%B0%EC%9C%A0%EC%BD%9C%EB%93%9C%EB%B8%8C%EB%A3%A8%ED%94%8C%EB%A1%9C%ED%8A%B8_141936.jpg','디카페인 연유 콜드브루 플로트',10,350,6700,0,'Large',485,38,0,6),(756,'https://www.caffe-pascucci.co.kr/upload/product/%EB%94%94%EC%B9%B4%ED%8E%98%EC%9D%B8_%EC%97%B0%EC%9C%A0%EC%BD%9C%EB%93%9C%EB%B8%8C%EB%A3%A8%ED%94%8C%EB%A1%9C%ED%8A%B8_141936.jpg','디카페인 연유 콜드브루 플로트',12,470,7200,0,'Venti',650,49,0,6),(757,'https://www.caffe-pascucci.co.kr/upload/product/%EB%94%B8%EC%89%90_131143.jpg','딸기 밀크 쉐이크',0,510,6900,0,'기본',458,56,1,6),(758,'https://www.caffe-pascucci.co.kr/upload/product/%EB%B0%80%EC%89%90_131333.jpg','백 밀크 쉐이크',0,370,6800,0,'기본',408,47,1,6),(759,'https://www.caffe-pascucci.co.kr/upload/product/%EB%94%B8%EA%B8%B0%EB%9D%BC%EB%96%BC_131526.jpg','딸기 라떼',0,240,6700,0,'Regular',380,45,0,6),(760,'https://www.caffe-pascucci.co.kr/upload/product/%EB%94%B8%EA%B8%B0%EB%9D%BC%EB%96%BC_131526.jpg','딸기 라떼',0,290,7300,0,'Large',460,54,0,6),(761,'https://www.caffe-pascucci.co.kr/upload/product/%EB%94%B8%EA%B8%B0%EC%A3%BC%EC%8A%A4_131637.jpg','딸기 주스',0,210,6700,0,'Regular',370,48,0,6),(762,'https://www.caffe-pascucci.co.kr/upload/product/%EB%94%B8%EA%B8%B0%EC%A3%BC%EC%8A%A4_131637.jpg','딸기 주스',0,270,7300,0,'Large',460,61,0,6),(763,'https://www.caffe-pascucci.co.kr/upload/product/%ED%9D%91%EC%9E%84%EC%9E%90-%EC%98%A4%ED%8A%B8-%EB%9D%BC%EB%96%BC_124738.jpg','흑임자 오트 라떼',0,140,5600,0,'Regular',289,26,0,6),(764,'https://www.caffe-pascucci.co.kr/upload/product/%EC%9E%90%EC%83%89-%EA%B3%A0%EA%B5%AC%EB%A7%88-%EB%9D%BC%EB%96%BC_124839.jpg','자색 고구마 라떼',0,270,5600,0,'Regular',280,40,0,6),(765,'https://www.caffe-pascucci.co.kr/upload/product/%EB%A0%88%EB%AA%AC-%EC%9C%A0%EC%9E%90%EC%B0%A8_124926.jpg','레몬 유자차',0,326,5600,0,'Regular',332,69,0,6),(766,'https://www.caffe-pascucci.co.kr/upload/product/re_%EC%98%A4%EB%AF%B8%EC%9E%90%ED%95%AB_95153.jpg','Oh!미자 (HOT)',0,170,5600,0,'Regular',290,37,0,6),(767,'https://www.caffe-pascucci.co.kr/upload/product/re_%EC%98%A4%EB%AF%B8%EC%9E%90%EC%95%84%EC%9D%B4%EC%8A%A4_95225.jpg','Oh!미자 (ICE)',0,170,6100,0,'Large',480,37,0,6),(768,'https://www.caffe-pascucci.co.kr/upload/product/%EC%BD%94%EC%BD%94%EB%84%9B%EC%BB%A4%ED%94%BC%EA%B7%B8%EB%9D%BC%EB%8B%88%EB%94%B0_9296.jpg','코코넛 커피 그라니따',86,390,6500,0,'Regular',430,47,0,6),(769,'https://www.caffe-pascucci.co.kr/upload/product/[PAS23]%ED%8C%8C%EC%9D%B8%EB%B9%84%ED%83%80%EA%B7%B8%EB%9D%BC%EB%8B%88%EB%94%B0(%EB%A6%AC%EB%89%B4%EC%96%BC)_114034_133051.png','파인비타 그라니따',0,350,6800,0,'Regular',450,78,0,6),(770,'https://www.caffe-pascucci.co.kr/upload/product/%EC%83%A4%EC%9D%B4%EB%A8%B8%EC%8A%A4%EC%BA%A3%EA%B7%B8%EB%9D%BC%EB%8B%88%EB%94%B0_153541.jpg','샤인머스켓 그라니따',0,385,6800,0,'Regular',450,74,0,6),(771,'https://www.caffe-pascucci.co.kr/upload/product/%EC%8A%A4%ED%8A%B8%EB%A1%9C%EB%B2%A0%EB%A6%AC_164933.jpg','스트로베리 그라니따',0,310,6300,0,'Regular',450,58,0,6),(772,'https://www.caffe-pascucci.co.kr/upload/product/%EB%B3%B5%EC%88%AD%EC%95%84%EA%B7%B8%EB%9D%BC%EB%8B%88%EB%94%B0_15237.jpg','복숭아 그라니따',0,302,6300,0,'Regular',431,61,0,6),(773,'https://www.caffe-pascucci.co.kr/upload/product/%EA%B7%B8%EB%A6%B0%ED%8B%B0%EA%B7%B8%EB%9D%BC%EB%8B%88%EB%94%B0_15336.jpg','그린티 그라니따',151,340,6300,0,'Regular',435,52,0,6),(774,'https://www.caffe-pascucci.co.kr/upload/product/%ED%94%8C%EB%A0%88%EC%9D%B8%EC%9A%94%EA%B1%B0%ED%8A%B8%EA%B7%B8%EB%9D%BC%EB%8B%88%EB%94%B0_15264.jpg','플레인 요거트 그라니따',0,450,6500,0,'Regular',450,92,0,6),(775,'https://www.caffe-pascucci.co.kr/upload/product/%EC%8A%A4%ED%8A%B8%EB%A1%9C%EB%B2%A0%EB%A6%AC%EC%9A%94%EA%B1%B0%ED%8A%B8%EA%B7%B8%EB%9D%BC%EB%8B%88%EB%94%B0_152635.jpg','스트로베리 요거트 그라니따',0,360,6500,0,'Regular',420,57,0,6),(776,'https://www.caffe-pascucci.co.kr/upload/product/%EB%B8%94%EB%A3%A8%EB%B2%A0%EB%A6%AC%EC%9A%94%EA%B1%B0%ED%8A%B8%EA%B7%B8%EB%9D%BC%EB%8B%88%EB%94%B0_15270.jpg','블루베리 요거트 그라니따',0,360,6500,0,'Regular',420,51,0,6),(777,'https://www.caffe-pascucci.co.kr/upload/product/%EB%A7%9D%EA%B3%A0%EC%9A%94%EA%B1%B0%ED%8A%B8%EA%B7%B8%EB%9D%BC%EB%8B%88%EB%94%B0_15424.jpg','망고 요거트 그라니따',0,323,6500,0,'Regular',440,71,0,6),(778,'https://www.caffe-pascucci.co.kr/upload/product/%EC%9E%90%EB%B0%94%EC%B9%A9%EA%B7%B8%EB%9D%BC%EB%8B%88%EB%94%B0_152750.jpg','자바칩 그라니따',0,410,6300,0,'Regular',430,63,0,6),(779,'https://www.caffe-pascucci.co.kr/upload/product/%EB%AA%A8%EC%B9%B4%EB%B8%8C%EB%9D%BC%EC%9A%B0%EB%8B%88%EA%B7%B8%EB%9D%BC%EB%8B%88%EB%94%B0_153313.jpg','모카 브라우니 그라니따',251,460,6800,0,'Regular',432,68,0,6),(780,'https://www.caffe-pascucci.co.kr/upload/product/%EC%98%81%EA%B7%B8%EB%A0%88%EC%9D%B4_143440.jpg','영그레이 (HOT)',50,5,4800,0,'Large',350,0,0,6),(781,'https://www.caffe-pascucci.co.kr/upload/product/%EC%95%84%EC%9D%B4%EC%8A%A4%EC%98%81%EA%B7%B8%EB%A0%88%EC%9D%B4_16243.jpg','영그레이 (ICE)',40,5,4800,0,'Large',450,0,0,6),(782,'https://www.caffe-pascucci.co.kr/upload/product/%ED%8D%BC%EC%8A%A4%ED%8A%B8%EB%B8%8C%EB%A0%88%EC%9D%B4%ED%81%AC_143611.jpg','퍼스트 브레이크 (HOT)',57,5,4800,0,'Large',350,0,0,6),(783,'https://www.caffe-pascucci.co.kr/upload/product/%EC%95%84%EC%9D%B4%EC%8A%A4%ED%8D%BC%EC%8A%A4%ED%8A%B8%EB%B8%8C%EB%A0%88%EC%9D%B4%ED%81%AC_16629.jpg','퍼스트 브레이크 (ICE)',47,5,4800,0,'Large',450,0,0,6),(784,'https://www.caffe-pascucci.co.kr/upload/product/%EC%BB%A4%EC%A6%88%EB%A7%88%EC%9D%B8_143636.jpg','커즈마인 (HOT)',0,0,4800,0,'Large',350,0,0,6),(785,'https://www.caffe-pascucci.co.kr/upload/product/%EC%95%84%EC%9D%B4%EC%8A%A4%EC%BB%A4%EC%A6%88%EB%A7%88%EC%9D%B8_16833.jpg','커즈마인 (ICE)',0,0,4800,0,'Large',450,0,0,6),(786,'https://www.caffe-pascucci.co.kr/upload/product/%EC%98%A4%EB%A0%8C%EC%A7%80%EB%B3%B4%EC%8A%A4_14372.jpg','오렌지 보스 (HOT)',0,0,4800,0,'Large',350,0,0,6),(787,'https://www.caffe-pascucci.co.kr/upload/product/%EC%95%84%EC%9D%B4%EC%8A%A4%EC%98%A4%EB%A0%8C%EC%A7%80%EB%B3%B4%EC%8A%A4_161113.jpg','오렌지 보스 (ICE)',0,0,4800,0,'Large',450,0,0,6),(788,'https://www.caffe-pascucci.co.kr/upload/product/%EB%AF%BC%ED%8A%B8%ED%81%AC%EB%A3%A8_144217.jpg','민트크루 (HOT)',0,0,4800,0,'Large',350,0,0,6),(789,'https://www.caffe-pascucci.co.kr/upload/product/%EC%95%84%EC%9D%B4%EC%8A%A4%EB%AF%BC%ED%8A%B8%ED%81%AC%EB%A3%A8_162620.jpg','민트크루 (ICE)',0,0,4800,0,'Large',450,0,0,6),(790,'https://www.caffe-pascucci.co.kr/upload/product/%ED%94%84%EB%A3%A8%ED%8B%B0%ED%95%98%EB%8F%99_144244.jpg','프루티 하동 (HOT)',32,5,4800,0,'Large',350,0,0,6),(791,'https://www.caffe-pascucci.co.kr/upload/product/%EC%95%84%EC%9D%B4%EC%8A%A4%ED%94%84%EB%A3%A8%ED%8B%B0%ED%95%98%EB%8F%99_16286.jpg','프루티 하동 (ICE)',26,5,4800,0,'Large',450,0,0,6),(792,'https://www.caffe-pascucci.co.kr/upload/product/%EA%B7%B8%EB%A6%B0%ED%8B%B0%EB%9D%BC%EB%96%BC_144324.jpg','그린티 라떼 (HOT)',44,220,5000,0,'Regular',225,30,0,6),(793,'https://www.caffe-pascucci.co.kr/upload/product/%EA%B7%B8%EB%A6%B0%ED%8B%B0%EB%9D%BC%EB%96%BC_144324.jpg','그린티 라떼 (HOT)',68,330,5500,0,'Large',337,45,0,6),(794,'https://www.caffe-pascucci.co.kr/upload/product/%EC%95%84%EC%9D%B4%EC%8A%A4%EA%B7%B8%EB%A6%B0%ED%8B%B0%EB%9D%BC%EB%96%BC_163429.jpg','그린티 라떼 (ICE)',57,220,5000,0,'Regular',385,30,0,6),(795,'https://www.caffe-pascucci.co.kr/upload/product/%EC%95%84%EC%9D%B4%EC%8A%A4%EA%B7%B8%EB%A6%B0%ED%8B%B0%EB%9D%BC%EB%96%BC_163429.jpg','그린티 라떼 (ICE)',76,330,5500,0,'Large',497,45,0,6),(796,'https://www.caffe-pascucci.co.kr/upload/product/re_%EC%9E%89%EA%B8%80%EB%A6%AC%EC%8B%9C%EB%B8%8C%EB%A0%89%ED%8D%BC%EC%8A%A4%ED%8A%B8%ED%8B%B0%EB%9D%BC%EB%96%BC_91652.jpg','잉글리시 브렉퍼스트 티라떼 (HOT)',223,240,5000,0,'Regular',285,23,0,6),(797,'https://www.caffe-pascucci.co.kr/upload/product/re_%EC%9E%89%EA%B8%80%EB%A6%AC%EC%8B%9C%EB%B8%8C%EB%A0%89%ED%8D%BC%EC%8A%A4%ED%8A%B8%ED%8B%B0%EB%9D%BC%EB%96%BC_91724.jpg','잉글리시 브렉퍼스트 티라떼 (ICE)',150,170,5000,0,'Regular',370,16,0,6),(798,'https://www.caffe-pascucci.co.kr/upload/product/%ED%9E%88%EB%B9%84%EC%8A%A4%EC%BB%A4%EC%8A%A4%EB%B1%85%EC%87%BC_171551.jpg','히비스커스 뱅쇼 (HOT)',0,150,6500,0,'Regular',260,36,0,6),(799,'https://www.caffe-pascucci.co.kr/upload/product/%EC%95%84%EC%9D%B4%EC%8A%A4%ED%9E%88%EB%B9%84%EC%8A%A4%EC%BB%A4%EC%8A%A4%EB%B1%85%EC%87%BC_163022.jpg','히비스커스 뱅쇼 (ICE)',0,110,6500,0,'Regular',390,27,0,6),(800,'https://www.caffe-pascucci.co.kr/upload/product/%EB%B3%B5%EC%88%AD%EC%95%84%EC%95%84%EC%9D%B4%EC%8A%A4%ED%8B%B0_145116.jpg','복숭아 아이스티',8,130,4500,0,'Regular',400,33,0,6),(801,'https://www.caffe-pascucci.co.kr/upload/product/%EB%B3%B5%EC%88%AD%EC%95%84%EC%95%84%EC%9D%B4%EC%8A%A4%ED%8B%B0_145116.jpg','복숭아 아이스티',16,180,5000,0,'Venti',600,46,0,6),(802,'https://www.caffe-pascucci.co.kr/upload/product/%EB%9D%BC%EC%A6%88%EB%B2%A0%EB%A6%AC%EC%95%84%EC%9D%B4%EC%8A%A4%ED%8B%B0_145334.jpg','라즈베리 아이스티',1,120,4500,0,'Regular',390,27,0,6),(803,'https://www.caffe-pascucci.co.kr/upload/product/%EB%9D%BC%EC%A6%88%EB%B2%A0%EB%A6%AC%EC%95%84%EC%9D%B4%EC%8A%A4%ED%8B%B0_145334.jpg','라즈베리 아이스티',0,180,5000,0,'Venti',610,40,0,6),(804,'https://www.caffe-pascucci.co.kr/upload/product/%EC%B2%AD%EC%88%9C%EB%B0%80%ED%81%AC%ED%8B%B0%20%EB%B3%B4%ED%8B%80(300ml)_132629.jpg','청순밀크티 보틀',46,153,5900,0,'기본',300,23,0,6),(805,'https://www.caffe-pascucci.co.kr/upload/product/%ED%82%A4%EC%9C%84%EC%A3%BC%EC%8A%A4_142327.jpg','키위 주스',0,259,6000,0,'Regular',435,39,0,6),(806,'https://www.caffe-pascucci.co.kr/upload/product/%ED%86%A0%EB%A7%88%ED%86%A0%EC%A3%BC%EC%8A%A4_14247.jpg','토마토 주스',0,146,6000,0,'Regular',395,22,0,6),(807,'https://www.caffe-pascucci.co.kr/upload/product/%ED%94%8C%EB%A0%88%EC%9D%B8_165734.jpg','플레인 콤부차',6,120,5500,0,'Large',480,31,0,6),(808,'https://www.caffe-pascucci.co.kr/upload/product/%ED%94%8C%EB%A0%88%EC%9D%B8_165734.jpg','플레인 콤부차',8,190,6000,0,'Venti',610,48,0,6),(809,'https://www.caffe-pascucci.co.kr/upload/product/%EB%A7%9D%EA%B3%A0%EC%BD%A4%EB%B6%80%EC%B0%A8_165828.jpg','애플망고 콤부차',6,160,5800,0,'Large',480,37,0,6),(810,'https://www.caffe-pascucci.co.kr/upload/product/%EB%A7%9D%EA%B3%A0%EC%BD%A4%EB%B6%80%EC%B0%A8_165828.jpg','애플망고 콤부차',8,210,6300,0,'Venti',630,50,0,6),(811,'https://www.caffe-pascucci.co.kr/upload/product/%ED%9E%88%EB%B9%84%EC%8A%A4%EC%BB%A4%EC%8A%A4_17124.jpg','애플 히비스커스 콤부차',6,150,5800,0,'Large',470,37,0,6),(812,'https://www.caffe-pascucci.co.kr/upload/product/%ED%9E%88%EB%B9%84%EC%8A%A4%EC%BB%A4%EC%8A%A4_17124.jpg','애플 히비스커스 콤부차',8,220,6300,0,'Venti',620,54,0,6),(813,'https://www.caffe-pascucci.co.kr/upload/product/%ED%95%AB%EC%9E%90%EB%AA%BD_16854.jpg','Oh! 자몽 (HOT)',0,200,6500,0,'Regular',290,46,0,6),(814,'https://www.caffe-pascucci.co.kr/upload/product/%EC%95%84%EC%9D%B4%EC%8A%A4%EC%9E%90%EB%AA%BD_16811.jpg','Oh! 자몽 (ICE)',0,200,6500,0,'Regular',380,46,0,6),(815,'https://www.caffe-pascucci.co.kr/upload/product/%ED%9D%91%EB%8B%B9%ED%8E%84%EB%9D%BC%EB%96%BC_93824.jpg','흑당 펄 라떼 (HOT)',0,270,5500,0,'Regular',325,26,0,6),(816,'https://www.caffe-pascucci.co.kr/upload/product/%ED%9D%91%EB%8B%B9%ED%8E%84%EB%9D%BC%EB%96%BC_93824.jpg','흑당 펄 라떼 (HOT)',0,330,6000,0,'Large',400,32,0,6),(817,'https://www.caffe-pascucci.co.kr/upload/product/%ED%9D%91%EB%8B%B9-%ED%8E%84_105742.jpg','흑당 펄 라떼 (ICE)',0,200,5500,0,'Regular',365,20,0,6),(818,'https://www.caffe-pascucci.co.kr/upload/product/%ED%9D%91%EB%8B%B9-%ED%8E%84_105742.jpg','흑당 펄 라떼 (ICE)',0,260,6000,0,'Large',490,28,0,6),(819,'https://www.caffe-pascucci.co.kr/upload/product/%ED%9D%91%EB%8B%B9%ED%8E%84%EB%B0%80%ED%81%AC%ED%8B%B0_93721.jpg','흑당 펄 밀크티 (HOT)',178,280,5800,0,'Regular',325,26,0,6),(820,'https://www.caffe-pascucci.co.kr/upload/product/%ED%9D%91%EB%8B%B9%ED%8E%84%EB%B0%80%ED%81%AC%ED%8B%B0_93721.jpg','흑당 펄 밀크티 (HOT)',227,340,6300,0,'Large',395,32,0,6),(821,'https://www.caffe-pascucci.co.kr/upload/product/%ED%9D%91%EB%8B%B9%ED%8E%84%EB%B0%80%ED%81%AC%ED%8B%B0%EC%95%84%EC%9D%B4%EC%8A%A4_10141.gif','흑당 펄 밀크티 (ICE)',162,250,5800,0,'Regular',400,23,0,6),(822,'https://www.caffe-pascucci.co.kr/upload/product/%ED%9D%91%EB%8B%B9%ED%8E%84%EB%B0%80%ED%81%AC%ED%8B%B0%EC%95%84%EC%9D%B4%EC%8A%A4_10141.gif','흑당 펄 밀크티 (ICE)',211,310,6300,0,'Large',500,29,0,6),(823,'https://www.caffe-pascucci.co.kr/upload/product/%ED%95%AB%EC%B4%88%EC%BD%9C%EB%A6%BF_143124.jpg','핫 초콜릿',18,330,4500,0,'Regular',275,36,1,6),(824,'https://www.caffe-pascucci.co.kr/upload/product/%ED%95%AB%EC%B4%88%EC%BD%9C%EB%A6%BF_143124.jpg','핫 초콜릿',25,410,5000,0,'Large',325,41,1,6),(825,'https://www.caffe-pascucci.co.kr/upload/product/%EC%95%84%EC%9D%B4%EC%8A%A4%EC%B4%88%EC%BD%9C%EB%A6%BF_143145.jpg','아이스 초콜릿',18,300,4500,0,'Regular',380,30,1,6),(826,'https://www.caffe-pascucci.co.kr/upload/product/%EC%95%84%EC%9D%B4%EC%8A%A4%EC%B4%88%EC%BD%9C%EB%A6%BF_143145.jpg','아이스 초콜릿',24,360,5000,0,'Large',435,36,1,6),(827,'https://www.caffe-pascucci.co.kr/upload/product/%EB%A0%88%EB%AA%AC%EC%8A%A4%ED%8C%8C%ED%81%B4%EB%A7%81_142815.jpg','레몬 스파클링',0,210,5500,0,'Large',480,46,0,6),(828,'https://www.caffe-pascucci.co.kr/upload/product/%EB%A0%88%EB%AA%AC%EC%8A%A4%ED%8C%8C%ED%81%B4%EB%A7%81_142815.jpg','레몬 스파클링',0,260,6000,0,'Venti',620,56,0,6),(829,'https://www.caffe-pascucci.co.kr/upload/product/%EC%9E%90%EB%AA%BD%EC%8A%A4%ED%8C%8C%ED%81%B4%EB%A7%81_142853.jpg','자몽 스파클링',0,200,5500,0,'Large',480,50,0,6),(830,'https://www.caffe-pascucci.co.kr/upload/product/%EC%9E%90%EB%AA%BD%EC%8A%A4%ED%8C%8C%ED%81%B4%EB%A7%81_142853.jpg','자몽 스파클링',0,240,6000,0,'Venti',620,61,0,6),(831,'https://www.caffe-pascucci.co.kr/upload/product/%EC%B2%AD%ED%8F%AC%EB%8F%84%EC%8A%A4%ED%8C%8C%ED%81%B4%EB%A7%81_142914.jpg','청포도 스파클링',0,217,5500,0,'Large',470,51,0,6),(832,'https://www.caffe-pascucci.co.kr/upload/product/%EC%B2%AD%ED%8F%AC%EB%8F%84%EC%8A%A4%ED%8C%8C%ED%81%B4%EB%A7%81_142914.jpg','청포도 스파클링',0,280,6000,0,'Venti',610,68,0,6),(833,'https://img.79plus.co.kr/megahp/manager/upload/menu/20221230094422_1672361062230_87sPxjFZnL.jpg','딸기라떼',0,366,3700,0,'20oz',591,47,0,7),(834,'https://img.79plus.co.kr/megahp/manager/upload/menu/20230102154133_1672641693373_VjO6HMWWre.jpg','리얼 베리 티플레저',0,212,3800,0,'24oz',680,41,0,7),(835,'https://img.79plus.co.kr/megahp/manager/upload/menu/20230102162433_1672644273585_S16nDUXebH.jpg','딸기주스',0,189,4000,0,'20oz',591,44,0,7),(836,'https://img.79plus.co.kr/megahp/manager/upload/menu/20220630172226_1656577346336_z_d4URoCvB.jpg','딸기쿠키프라페',4,564,3900,0,'20oz',591,57,1,7),(837,'https://img.79plus.co.kr/megahp/manager/upload/menu/20221020161006_1666249806906_QxqkETlrDj.png','스모어 블랙쿠키 프라페',37,596,4400,0,'20oz',591,78,0,7),(838,'https://img.79plus.co.kr/megahp/manager/upload/menu/20221020160613_1666249573737_NLBIi8Ccq9.png','레드오렌지 뱅쇼 티플레저 (ICE)',0,152,3900,0,'24oz',680,32,0,7),(839,'https://img.79plus.co.kr/megahp/manager/upload/menu/20221020160051_1666249251213__VHGy9sCB5.png','레드오렌지 뱅쇼 티플레저 (HOT)',0,156,3900,0,'20oz',591,33,0,7),(840,'https://img.79plus.co.kr/megahp/manager/upload/menu/20221020152509_1666247109158_bN0YBMcGmq.png','붉은악마 레드불 에너지',43,202,4400,0,'24oz',680,47,0,7),(841,'https://img.79plus.co.kr/megahp/manager/upload/menu/20221020155013_1666248613315_FtdyuJgZy9.png','태극전사 레드불 에너지',32,184,4400,0,'24oz',680,43,0,7),(842,'https://img.79plus.co.kr/megahp/manager/upload/menu/20220701130936_1656648576586_cDwaPJzMuf.jpg','콜드브루디카페인 (ICE)',9,8,3500,0,'20oz',591,0,0,7),(843,'https://img.79plus.co.kr/megahp/manager/upload/menu/20220701130040_1656648040509_vkaQe62807.jpg','콜드브루디카페인 (HOT)',13,9,3500,0,'20oz',591,0,0,7),(844,'https://img.79plus.co.kr/megahp/manager/upload/menu/20220701131027_1656648627428_DZlDQuVTPz.jpg','콜드브루디카페인라떼 (ICE)',10,141,4000,0,'20oz',591,0,0,7),(845,'https://img.79plus.co.kr/megahp/manager/upload/menu/20220701130758_1656648478213_kK73Ye2YN0.jpg','콜드브루디카페인라떼 (HOT)',14,154,4000,0,'20oz',591,0,0,7),(846,'https://img.79plus.co.kr/megahp/manager/upload/menu/20220818143216_1660800736386_C007eosz5G.jpg','에스프레소',105,8,1500,1,'2oz',60,0,0,7),(847,'https://img.79plus.co.kr/megahp/manager/upload/menu/20220818143336_1660800816109_lRozkltILp.jpg','에스프레소 도피오',185,15,2000,2,'5oz',148,0,0,7),(848,'https://img.79plus.co.kr/megahp/manager/upload/menu/20220818143545_1660800945188_JrLc006dw5.jpg','에스프레소 피에노',200,112,2400,2,'5oz',148,5,0,7),(849,'https://img.79plus.co.kr/megahp/manager/upload/menu/20220818143649_1660801009837_GxHjhUTeIz.jpg','젤라또 아포가토',95,130,3200,1,'10oz',298,14,0,7),(850,'https://img.79plus.co.kr/megahp/manager/upload/menu/20220630173946_1656578386691_VAWfjgN1Yy.jpg','쿠키프라페',6,641,3900,0,'20oz',591,39,1,7),(851,'https://img.79plus.co.kr/megahp/manager/upload/menu/20220630142911_1656566951186_XCP1O6XaO6.jpg','고구마라떼 (HOT)',0,311,3500,0,'20oz',591,19,0,7),(852,'https://img.79plus.co.kr/megahp/manager/upload/menu/20220701171446_1656663286402_Sjofhjac3j.jpg','곡물라떼 (HOT)',0,389,3000,0,'20oz',591,15,0,7),(853,'https://img.79plus.co.kr/megahp/manager/upload/menu/20220630143352_1656567232174_qZwhQ3Huxm.jpg','메가초코 (HOT)',52,507,3800,0,'20oz',591,31,1,7),(854,'https://img.79plus.co.kr/megahp/manager/upload/menu/20220630144000_1656567600034_evqdEOGBa9.jpg','민트크림초코 (HOT)',19,397,3500,0,'20oz',591,29,1,7),(855,'https://img.79plus.co.kr/megahp/manager/upload/menu/20220701171532_1656663332952_xmIuz0dNC8.jpg','토피넛라떼 (HOT)',56,368,3800,0,'20oz',591,18,0,7),(856,'https://img.79plus.co.kr/megahp/manager/upload/menu/20220701171750_1656663470713__LDMwpslzS.jpg','고구마라떼 (ICE)',0,249,3500,0,'20oz',591,22,0,7),(857,'https://img.79plus.co.kr/megahp/manager/upload/menu/20220630144520_1656567920194_Fn0wniPr9t.jpg','곡물라떼 (ICE)',0,390,3000,0,'20oz',591,26,0,7),(858,'https://img.79plus.co.kr/megahp/manager/upload/menu/20220630144638_1656567998806_2cfCDTsOjA.jpg','민트크림초코 (ICE)',17,357,3500,0,'20oz',591,30,1,7),(859,'https://img.79plus.co.kr/megahp/manager/upload/menu/20220630144810_1656568090796_yoHykaK4Ul.jpg','오레오초코라떼 (ICE)',23,486,3900,0,'20oz',591,28,1,7),(860,'https://img.79plus.co.kr/megahp/manager/upload/menu/20220630145135_1656568295485_eXn10nJFRP.jpg','토피넛라떼 (ICE)',54,365,3800,0,'20oz',591,23,0,7),(861,'https://img.79plus.co.kr/megahp/manager/upload/menu/20220630145306_1656568386490_ZUDkktLhRy.jpg','흑당버블그린티라떼 (ICE)',106,412,3800,0,'20oz',591,45,0,7),(862,'https://img.79plus.co.kr/megahp/manager/upload/menu/20220630145600_1656568560202_TnZLPbECKx.jpg','흑당버블밀크티라떼 (ICE)',14,330,3800,0,'20oz',591,24,0,7),(863,'https://img.79plus.co.kr/megahp/manager/upload/menu/20220630145844_1656568724979_E9qWySV_oF.jpg','핫초코',44,375,3500,0,'20oz',591,23,0,7),(864,'https://img.79plus.co.kr/megahp/manager/upload/menu/20220701171458_1656663298267_OwQyhdaVQT.jpg','녹차라떼 (HOT)',115,280,3500,0,'20oz',591,14,0,7),(865,'https://img.79plus.co.kr/megahp/manager/upload/menu/20220630150806_1656569286572_VaQxBbNhem.jpg','로얄밀크티라떼 (HOT)',106,232,3700,0,'20oz',591,15,0,7),(866,'https://img.79plus.co.kr/megahp/manager/upload/menu/20220630151108_1656569468030_FRQYHDiaKH.jpg','흑당라떼 (ICE)',0,322,3300,0,'20oz',591,34,0,7),(867,'https://img.79plus.co.kr/megahp/manager/upload/menu/20220630151925_1656569965570_3YpJCpBq_f.jpg','흑당밀크티라떼 (ICE)',31,301,3500,0,'20oz',591,23,0,7),(868,'https://img.79plus.co.kr/megahp/manager/upload/menu/20220630152037_1656570037497_XqHfCbZ65M.jpg','흑당버블라떼 (ICE)',0,320,3700,0,'20oz',591,27,0,7),(869,'https://img.79plus.co.kr/megahp/manager/upload/menu/20220630152146_1656570106629_4i6msus9Kh.jpg','아이스초코',48,308,3500,0,'20oz',591,31,0,7),(870,'https://img.79plus.co.kr/megahp/manager/upload/menu/20220630152307_1656570187902_evYKXmfXYZ.jpg','녹차라떼 (ICE)',136,289,3500,0,'20oz',591,21,0,7),(871,'https://img.79plus.co.kr/megahp/manager/upload/menu/20220701171803_1656663483909_okELc62jVb.jpg','로얄밀크티라떼 (ICE)',118,255,3700,0,'20oz',591,20,0,7),(872,'https://img.79plus.co.kr/megahp/manager/upload/menu/20220630153004_1656570604920_mnFGveKyXR.jpg','민트카페모카 (HOT)',202,407,4500,2,'20oz',591,34,1,7),(873,'https://img.79plus.co.kr/megahp/manager/upload/menu/20220630153107_1656570667406_prmnWqNIw2.jpg','아메리카노 (HOT)',204,12,1500,2,'20oz',591,0,0,7),(874,'https://img.79plus.co.kr/megahp/manager/upload/menu/20220630162136_1656573696857_XMYPwvFhwz.jpg','티라미수라떼 (HOT)',207,400,3900,2,'20oz',591,24,0,7),(875,'https://img.79plus.co.kr/megahp/manager/upload/menu/20220630162318_1656573798017_43JQ0t0JCi.jpg','메가리카노',291,17,3000,3,'32oz',1000,0,0,7),(876,'https://img.79plus.co.kr/megahp/manager/upload/menu/20220630162536_1656573936070_3gwQA9fFLe.jpg','민트카페모카 (ICE)',197,363,4500,2,'20oz',591,31,1,7),(877,'https://img.79plus.co.kr/megahp/manager/upload/menu/20220630162717_1656574037958_MK_IcEfyCf.jpg','티라미수라떼 (ICE)',196,412,3900,2,'20oz',591,26,0,7),(878,'https://img.79plus.co.kr/megahp/manager/upload/menu/20220630162823_1656574103639_gpa2ja7vHl.jpg','꿀아메리카노 (HOT)',199,178,2700,2,'20oz',591,27,0,7),(879,'https://img.79plus.co.kr/megahp/manager/upload/menu/20220630163106_1656574266929_v3PaYBqN99.jpg','바닐라라떼 (HOT)',190,232,3400,2,'20oz\n',591,13,0,7),(880,'https://img.79plus.co.kr/megahp/manager/upload/menu/20220630163330_1656574410483_cz_Tmv21CE.jpg','바닐라아메리카노 (HOT)',196,84,2700,2,'20oz',591,19,0,7),(881,'https://img.79plus.co.kr/megahp/manager/upload/menu/20220701171508_1656663308775_Bd0wI6G9my.jpg','연유라떼 (HOT)',194,340,3900,2,'20oz',591,24,0,7),(882,'https://img.79plus.co.kr/megahp/manager/upload/menu/20220630163626_1656574586502_Hh19hMijc6.jpg','카라멜마끼아또 (HOT)',207,245,3700,2,'20oz',591,21,0,7),(883,'https://img.79plus.co.kr/megahp/manager/upload/menu/20220630163827_1656574707981_wvnN5idvmp.jpg','카페라떼 (HOT)',190,176,2900,2,'20oz',591,0,0,7),(884,'https://img.79plus.co.kr/megahp/manager/upload/menu/20220630164022_1656574822815_vF353Tg7hS.jpg','카페모카 (HOT)',211,366,3900,2,'20oz',591,20,1,7),(885,'https://img.79plus.co.kr/megahp/manager/upload/menu/20220630164244_1656574964279_GmhWXt57V5.jpg','카푸치노 (HOT)',201,146,2900,2,'20oz',591,3,0,7),(886,'https://img.79plus.co.kr/megahp/manager/upload/menu/20220630164407_1656575047762_9sXtnz_cja.jpg','콜드브루라떼 (HOT)',217,164,4000,0,'20oz',591,2,0,7),(887,'https://img.79plus.co.kr/megahp/manager/upload/menu/20220630164717_1656575237515_oZTJ4tIb1r.jpg','콜드브루오리지널 (HOT)',217,11,3500,0,'20oz',591,0,0,7),(888,'https://img.79plus.co.kr/megahp/manager/upload/menu/20220630164821_1656575301351_3tALCi6kNg.jpg','헤이즐넛라떼 (HOT)',205,241,3400,2,'20oz',591,10,0,7),(889,'https://img.79plus.co.kr/megahp/manager/upload/menu/20220630164924_1656575364475_feNS9vEV6A.jpg','헤이즐넛아메리카노 (HOT)',210,83,2700,2,'20oz',591,10,0,7),(890,'https://img.79plus.co.kr/megahp/manager/upload/menu/20220630165049_1656575449464_E1DEXFVNdW.jpg','꿀아메리카노 (ICE)',199,184,2700,2,'24oz',680,25,0,7),(891,'https://img.79plus.co.kr/megahp/manager/upload/menu/20220630165146_1656575506210_0DJPVTvDIa.jpg','바닐라라떼 (ICE)',210,244,3400,2,'20oz',591,20,0,7),(892,'https://img.79plus.co.kr/megahp/manager/upload/menu/20220630165235_1656575555877_RSKgcHXQl3.jpg','바닐라아메리카노 (ICE)',144,122,2700,2,'24oz',680,7,0,7),(893,'https://img.79plus.co.kr/megahp/manager/upload/menu/20220630165339_1656575619040_5XSmRW4GJT.jpg','카라멜마끼아또 (ICE)',208,244,3700,2,'20oz',591,19,0,7),(894,'https://img.79plus.co.kr/megahp/manager/upload/menu/20220630165440_1656575680273_1mqBtip7qh.jpg','카페라떼 (ICE)',199,161,2900,2,'20oz',591,0,0,7),(895,'https://img.79plus.co.kr/megahp/manager/upload/menu/20220630165537_1656575737487_Bxg3VBe7i4.jpg','카페모카 (ICE)',219,297,3900,2,'20oz',591,23,1,7),(896,'https://img.79plus.co.kr/megahp/manager/upload/menu/20220701171815_1656663495020_hBTogoFiaK.jpg','카푸치노 (ICE)',192,132,2900,2,'20oz',591,1,0,7),(897,'https://img.79plus.co.kr/megahp/manager/upload/menu/20220630165729_1656575849505_E5EJrrZjIF.jpg','콜드브루라떼 (ICE)',132,168,4000,0,'20oz',591,2,0,7),(898,'https://img.79plus.co.kr/megahp/manager/upload/menu/20220630165819_1656575899792_ItfqiNDhPh.jpg','콜드브루오리지널 (ICE)',156,7,3500,0,'20oz',591,0,0,7),(899,'https://img.79plus.co.kr/megahp/manager/upload/menu/20220630165911_1656575951121_0YxlHWvpqC.jpg','헤이즐넛라떼 (ICE)',217,237,3400,2,'20oz',591,11,0,7),(900,'https://img.79plus.co.kr/megahp/manager/upload/menu/20220630170029_1656576029152_FYWEDbVbFT.jpg','헤이즐넛아메리카노 (ICE)',197,114,2700,2,'24oz',680,16,0,7),(901,'https://img.79plus.co.kr/megahp/manager/upload/menu/20220630170153_1656576113197_DlT_PINcn9.jpg','큐브라떼 (ICE)',313,304,4200,2,'20oz',591,15,0,7),(902,'https://img.79plus.co.kr/megahp/manager/upload/menu/20220630170539_1656576339284_Z3FLilZHqf.jpg','메가초코 (ICE)',45,397,3800,0,'20oz',591,39,1,7),(903,'https://img.79plus.co.kr/megahp/manager/upload/menu/20220630171805_1656577085458_7skvYFEJwH.jpg','아메리카노 (ICE)',200,12,2000,2,'24oz',680,0,0,7),(904,'https://img.79plus.co.kr/megahp/manager/upload/menu/20220630172012_1656577212055_xI5BNzVrBv.jpg','녹차프라페',248,571,3900,0,'20oz',591,60,1,7),(905,'https://img.79plus.co.kr/megahp/manager/upload/menu/20220630172121_1656577281098_SlUU5dNwy3.jpg','딸기요거트스무디',0,401,3900,0,'20oz',591,59,0,7),(906,'https://img.79plus.co.kr/megahp/manager/upload/menu/20220630172329_1656577409159_FwpVWoa5tq.jpg','딸기퐁크러쉬',0,537,3900,0,'20oz',591,46,0,7),(907,'https://img.79plus.co.kr/megahp/manager/upload/menu/20220630172451_1656577491159_xXIMHQfwNM.jpg','리얼초코프라페',35,651,3900,0,'20oz',591,58,1,7),(908,'https://img.79plus.co.kr/megahp/manager/upload/menu/20220630172551_1656577551617_kS42LIFWUP.jpg','망고요거트스무디',0,375,3900,0,'20oz',591,41,0,7),(909,'https://img.79plus.co.kr/megahp/manager/upload/menu/20220630172654_1656577614651_YWpnhL4tWC.jpg','민트프라페',19,512,3900,0,'20oz',591,54,1,7),(910,'https://img.79plus.co.kr/megahp/manager/upload/menu/20220630172744_1656577664430_xxgPSw_6dO.jpg','바나나퐁크러쉬',0,594,3900,0,'20oz',591,64,0,7),(911,'https://img.79plus.co.kr/megahp/manager/upload/menu/20220630172857_1656577737713_B9XusFXuaA.jpg','스트로베리치즈홀릭',0,502,4500,0,'20oz',591,54,1,7),(912,'https://img.79plus.co.kr/megahp/manager/upload/menu/20220630173152_1656577913000_wcKkf0OiR_.jpg','초코허니퐁크러쉬',12,506,3900,0,'20oz',591,45,0,7),(913,'https://img.79plus.co.kr/megahp/manager/upload/menu/20220630173345_1656578025626_Zr4i9lWUBU.jpg','커피프라페',123,420,3900,1,'20oz',591,29,1,7),(914,'https://img.79plus.co.kr/megahp/manager/upload/menu/20220630173441_1656578081783_m2stsUQfSH.jpg','플레인요거트스무디',0,517,3900,0,'20oz',591,68,0,7),(915,'https://img.79plus.co.kr/megahp/manager/upload/menu/20220630173702_1656578222665_URDbIWF3Ge.jpg','슈크림허니퐁크러쉬',0,568,3900,0,'20oz',591,50,0,7),(916,'https://img.79plus.co.kr/megahp/manager/upload/menu/20220630174120_1656578480425_zDgsPabCUA.jpg','플레인퐁크러쉬',0,469,3900,0,'20oz',591,46,0,7),(917,'https://img.79plus.co.kr/megahp/manager/upload/menu/20220630174311_1656578591629_jSzRjV8liO.jpg','플레인허니퐁크러쉬',0,485,3900,0,'20oz',591,36,0,7),(918,'https://img.79plus.co.kr/megahp/manager/upload/menu/20220630175423_1656579263944_ycn4t3hwxa.jpg','라임모히또',0,279,3800,0,'24oz',680,46,0,7),(919,'https://img.79plus.co.kr/megahp/manager/upload/menu/20220630175526_1656579326607_5YlsYvYbOp.jpg','레몬에이드',0,197,3500,0,'24oz',680,35,0,7),(920,'https://img.79plus.co.kr/megahp/manager/upload/menu/20220630175800_1656579480786_aPTTGq1vzy.jpg','블루레몬에이드',0,225,3500,0,'24oz',680,37,0,7),(921,'https://img.79plus.co.kr/megahp/manager/upload/menu/20220630175933_1656579573840_xVhtjxAqxG.jpg','자몽모히또',0,269,3800,0,'24oz',680,43,0,7),(922,'https://img.79plus.co.kr/megahp/manager/upload/menu/20220630180039_1656579639972_oL9vkikWmx.jpg','자몽에이드',0,204,3500,0,'24oz',680,41,0,7),(923,'https://img.79plus.co.kr/megahp/manager/upload/menu/20220630180608_1656579968379_Q_14EdHbqv.jpg','청포도모히또',0,275,3800,0,'24oz',680,52,0,7),(924,'https://img.79plus.co.kr/megahp/manager/upload/menu/20220630180936_1656580176691_aeIBhB2MkF.jpg','청포도에이드',0,305,3500,0,'24oz',680,58,0,7),(925,'https://img.79plus.co.kr/megahp/manager/upload/menu/20220630181211_1656580331105_8H9ebY4_sA.jpg','딸기바나나주스',0,245,4000,0,'20oz',591,31,0,7),(926,'https://img.79plus.co.kr/megahp/manager/upload/menu/20220630181323_1656580403382_tZkDEhZfVL.jpg','오곡바나나주스',0,405,4000,0,'20oz',591,22,0,7),(927,'https://img.79plus.co.kr/megahp/manager/upload/menu/20220630181706_1656580626396_h2urhnqXM9.jpg','초코바나나주스',27,367,4000,0,'20oz',591,36,0,7),(928,'https://img.79plus.co.kr/megahp/manager/upload/menu/20220630182022_1656580822455_RgZAxSNiWj.jpg','유니콘매직에이드(핑크)',0,220,3800,0,'24oz',680,41,0,7),(929,'https://img.79plus.co.kr/megahp/manager/upload/menu/20220630182155_1656580915892_BEA6u2b3Ym.jpg','유니콘매직에이드(블루)',0,276,3800,0,'24oz',680,49,0,7),(930,'https://img.79plus.co.kr/megahp/manager/upload/menu/20220630182321_1656581001230__fv6UmKGjl.jpg','체리콕',24,324,3300,0,'24oz',680,56,0,7),(931,'https://img.79plus.co.kr/megahp/manager/upload/menu/20220630183110_1656581470280_dcyjVzPTSr.jpg','메가에이드',0,292,3900,0,'24oz',680,54,0,7),(932,'https://img.79plus.co.kr/megahp/manager/upload/menu/20220630183845_1656581925791_WAKVFYW8Iu.jpg','녹차 (HOT)',65,1,2500,0,'20oz',591,0,0,7),(933,'https://img.79plus.co.kr/megahp/manager/upload/menu/20220630184016_1656582016457_8IrCFdRhCj.jpg','사과유자차 (HOT)',0,227,3500,0,'20oz',591,47,0,7),(934,'https://img.79plus.co.kr/megahp/manager/upload/menu/20220630185723_1656583043173_a9PUetBZWf.jpg','얼그레이 (HOT)',73,1,2500,0,'20oz',591,0,0,7),(935,'https://img.79plus.co.kr/megahp/manager/upload/menu/20220630190142_1656583302496_X3ATihg2ym.jpg','캐모마일 (HOT)',0,1,2500,0,'20oz',591,0,0,7),(936,'https://img.79plus.co.kr/megahp/manager/upload/menu/20220630190628_1656583588286_Q3wrF_v8cM.jpg','페퍼민트 (HOT)',0,0,2500,0,'20oz',591,0,0,7),(937,'https://img.79plus.co.kr/megahp/manager/upload/menu/20220701113057_1656642657113_ORWSdJHBUa.jpg','녹차 (ICE)',79,1,2500,0,'24oz',680,0,0,7),(938,'https://img.79plus.co.kr/megahp/manager/upload/menu/20220701113153_1656642713022_k19Le9pVJ4.jpg','사과유자차 (ICE)',0,242,3500,0,'24oz',680,38,0,7),(939,'https://img.79plus.co.kr/megahp/manager/upload/menu/20220701113256_1656642776818_NVdHeZhSwJ.jpg','얼그레이 (ICE)',87,1,2500,0,'24oz',680,0,0,7),(940,'https://img.79plus.co.kr/megahp/manager/upload/menu/20220701113429_1656642869511_RmwB3ABBGy.jpg','캐모마일 (ICE)',0,1,2500,0,'24oz',680,0,0,7),(941,'https://img.79plus.co.kr/megahp/manager/upload/menu/20220701113900_1656643140203_8gqFs23KzD.jpg','페퍼민트 (ICE)',0,3,2500,0,'24oz',680,0,0,7),(942,'https://img.79plus.co.kr/megahp/manager/upload/menu/20220701114038_1656643238601_tmNjGB3jsD.jpg','복숭아아이스티',66,297,3000,0,'24oz',680,63,0,7),(943,'https://img.79plus.co.kr/megahp/manager/upload/menu/20220701114220_1656643340256_dRQjucU1eB.jpg','유자차 (HOT)',0,286,3300,0,'20oz',591,48,0,7),(944,'https://img.79plus.co.kr/megahp/manager/upload/menu/20220701114311_1656643391188_ggllqjyZ42.jpg','레몬차 (HOT)',0,276,3300,0,'20oz',591,56,0,7),(945,'https://img.79plus.co.kr/megahp/manager/upload/menu/20220706122658_1657078018394_kURilN5daH.jpg','자몽차 (HOT)',0,294,3300,0,'20oz',591,58,0,7),(946,'https://img.79plus.co.kr/megahp/manager/upload/menu/20220701171740_1656663460439_DIkikBTJ0c.jpg','허니자몽블랙티 (HOT)',62,302,3700,0,'20oz',591,302,0,7),(947,'https://img.79plus.co.kr/megahp/manager/upload/menu/20220701114618_1656643578419_AJ7yOGg1se.jpg','유자차 (ICE)',0,303,3300,0,'24oz',680,59,0,7),(948,'https://img.79plus.co.kr/megahp/manager/upload/menu/20220701125401_1656647641310_rTz7X5_dkK.jpg','레몬차 (ICE)',0,328,3300,0,'24oz',680,69,0,7),(949,'https://img.79plus.co.kr/megahp/manager/upload/menu/20220701125500_1656647700753_PLbN1hunjZ.jpg','자몽차 (ICE)',0,298,3300,0,'24oz',680,59,0,7),(950,'https://img.79plus.co.kr/megahp/manager/upload/menu/20220701125611_1656647771494_C6SS0q6aeS.jpg','허니자몽블랙티 (ICE)',71,266,3700,0,'24oz',680,43,0,7),(951,'https://img.79plus.co.kr/megahp/manager/upload/menu/20220630173830_1656578310115_xVPHpZeHkl.jpg','유니콘프라페',0,475,4800,0,'20oz',591,42,0,7),(952,'https://img.79plus.co.kr/megahp/manager/upload/menu/20220630153107_1656570667406_prmnWqNIw2.jpg','디카페인 아메리카노 (HOT)',6,12,2500,0,'20oz',591,0,0,7),(953,'https://img.79plus.co.kr/megahp/manager/upload/menu/20220630162823_1656574103639_gpa2ja7vHl.jpg','디카페인 꿀아메리카노 (HOT)',199,178,3700,0,'20oz',591,27,0,7),(954,'https://img.79plus.co.kr/megahp/manager/upload/menu/20220630164924_1656575364475_feNS9vEV6A.jpg','디카페인 헤이즐넛아메리카노 (HOT)',6,83,3700,0,'20oz',591,10,0,7),(955,'https://img.79plus.co.kr/megahp/manager/upload/menu/20220630163330_1656574410483_cz_Tmv21CE.jpg','디카페인 바닐라아메리카노 (HOT)',6,84,3700,0,'20oz',591,19,0,7),(956,'https://img.79plus.co.kr/megahp/manager/upload/menu/20220630163827_1656574707981_wvnN5idvmp.jpg','디카페인 카페라떼 (HOT)',6,176,3900,0,'20oz',591,0,0,7),(957,'https://img.79plus.co.kr/megahp/manager/upload/menu/20220630164244_1656574964279_GmhWXt57V5.jpg','디카페인 카푸치노 (HOT)',6,146,3900,0,'20oz',591,3,0,7),(958,'https://img.79plus.co.kr/megahp/manager/upload/menu/20220630163106_1656574266929_v3PaYBqN99.jpg','디카페인 바닐라라떼 (HOT)',6,232,4400,0,'20oz\n',591,13,0,7),(959,'https://img.79plus.co.kr/megahp/manager/upload/menu/20220630164821_1656575301351_3tALCi6kNg.jpg','디카페인 헤이즐넛라떼 (HOT)',6,241,4400,0,'20oz',591,10,0,7),(960,'https://img.79plus.co.kr/megahp/manager/upload/menu/20220630163626_1656574586502_Hh19hMijc6.jpg','디카페인 카라멜마끼아또 (HOT)',6,245,4700,0,'20oz',591,21,0,7),(961,'https://img.79plus.co.kr/megahp/manager/upload/menu/20220630164022_1656574822815_vF353Tg7hS.jpg','디카페인 카페모카 (HOT)',6,366,4900,0,'20oz',591,20,1,7),(962,'https://img.79plus.co.kr/megahp/manager/upload/menu/20220630153004_1656570604920_mnFGveKyXR.jpg','디카페인 민트카페모카 (HOT)',6,407,5500,0,'20oz',591,34,1,7),(963,'https://img.79plus.co.kr/megahp/manager/upload/menu/20220630162136_1656573696857_XMYPwvFhwz.jpg','디카페인 티라미수라떼 (HOT)',6,400,4900,0,'20oz',591,24,0,7),(964,'https://img.79plus.co.kr/megahp/manager/upload/menu/20220701171508_1656663308775_Bd0wI6G9my.jpg','디카페인 연유라떼 (HOT)',6,340,4900,0,'20oz',591,24,0,7),(965,'https://img.79plus.co.kr/megahp/manager/upload/menu/20220630171805_1656577085458_7skvYFEJwH.jpg','디카페인 아메리카노 (ICE)',6,12,3000,0,'24oz',680,0,0,7),(966,'https://img.79plus.co.kr/megahp/manager/upload/menu/20220630165049_1656575449464_E1DEXFVNdW.jpg','디카페인 꿀아메리카노 (ICE)',199,184,3700,0,'24oz',680,25,0,7),(967,'https://img.79plus.co.kr/megahp/manager/upload/menu/20220630170029_1656576029152_FYWEDbVbFT.jpg','디카페인 헤이즐넛아메리카노 (ICE)',6,114,3700,0,'24oz',680,16,0,7),(968,'https://img.79plus.co.kr/megahp/manager/upload/menu/20220630165235_1656575555877_RSKgcHXQl3.jpg','디카페인 바닐라아메리카노 (ICE)',4,122,3700,0,'24oz',680,7,0,7),(969,'https://img.79plus.co.kr/megahp/manager/upload/menu/20220630165440_1656575680273_1mqBtip7qh.jpg','디카페인 카페라떼 (ICE)',6,161,3900,0,'20oz',591,0,0,7),(970,'https://img.79plus.co.kr/megahp/manager/upload/menu/20220701171815_1656663495020_hBTogoFiaK.jpg','디카페인 카푸치노 (ICE)',6,132,3900,0,'20oz',591,1,0,7),(971,'https://img.79plus.co.kr/megahp/manager/upload/menu/20220630165146_1656575506210_0DJPVTvDIa.jpg','디카페인 바닐라라떼 (ICE)',6,244,4400,0,'20oz',591,20,0,7),(972,'https://img.79plus.co.kr/megahp/manager/upload/menu/20220630165911_1656575951121_0YxlHWvpqC.jpg','디카페인 헤이즐넛라떼 (ICE)',7,237,4400,0,'20oz',591,11,0,7),(973,'https://img.79plus.co.kr/megahp/manager/upload/menu/20220630165339_1656575619040_5XSmRW4GJT.jpg','디카페인 카라멜마끼아또 (ICE)',6,244,4400,0,'20oz',591,19,0,7),(974,'https://img.79plus.co.kr/megahp/manager/upload/menu/20220630165537_1656575737487_Bxg3VBe7i4.jpg','디카페인 카페모카 (ICE)',7,297,4900,0,'20oz',591,23,1,7),(975,'https://img.79plus.co.kr/megahp/manager/upload/menu/20220630162536_1656573936070_3gwQA9fFLe.jpg','디카페인 민트카페모카 (ICE)',6,363,5500,0,'20oz',591,31,1,7),(976,'https://img.79plus.co.kr/megahp/manager/upload/menu/20220630162717_1656574037958_MK_IcEfyCf.jpg','디카페인 티라미수라떼 (ICE)',6,412,4900,0,'20oz',591,26,0,7),(977,'https://img.79plus.co.kr/megahp/manager/upload/menu/20220630162318_1656573798017_43JQ0t0JCi.jpg','디카페인 메가리카노 (ICE)',9,17,4500,0,'32oz',1000,0,0,7),(978,'https://www.ediya.com/files/menu/IMG_1647324243707.png','골드키위주스',0,265,4500,0,'R',414,59,0,8),(979,'https://www.ediya.com/files/menu/IMG_1647324249886.png','딸기주스',0,270,4500,0,'R',414,62,0,8),(980,'https://www.ediya.com/files/menu/IMG_1647324236558.png','홍시주스',0,247,4500,0,'R',414,59,0,8),(981,'https://www.ediya.com/files/menu/IMG_1647323050118.png','석류 오리지널 핫(HOT)',0,210,4200,0,'R',414,42,0,8),(982,'https://www.ediya.com/files/menu/IMG_1647322131838.png','고구마 라떼 아이스(ICED)',0,344,4200,0,'R',414,37,0,8),(983,'https://www.ediya.com/files/menu/IMG_1647322145592.png','고구마 라떼 핫(HOT)',0,344,4200,0,'R',414,37,0,8),(984,'https://www.ediya.com/files/menu/IMG_1647321773757.png','녹차 라떼 아이스(ICED)',110,337,5100,1,'Extra',651,47,0,8),(985,'https://www.ediya.com/files/menu/IMG_1647321741180.png','녹차 라떼 아이스(ICED)',55,191,3900,1,'R',414,25,0,8),(986,'https://www.ediya.com/files/menu/IMG_1647321791414.png','녹차 라떼 핫(HOT)',110,466,5100,1,'Extra',651,57,0,8),(987,'https://www.ediya.com/files/menu/IMG_1647321755481.png','녹차 라떼 핫(HOT)',55,252,3900,1,'R',414,30,0,8),(988,'https://www.ediya.com/files/menu/IMG_1647321941152.png','달고나라떼 아이스(ICED)',0,429,4900,0,'Extra',651,61,0,8),(989,'https://www.ediya.com/files/menu/IMG_1647321929656.png','달고나라떼 아이스(ICED)',0,286,3700,0,'R',414,41,0,8),(990,'https://www.ediya.com/files/menu/IMG_1647321879153.png','민트초콜릿 아이스(ICED)',23,342,4200,0,'R',414,30,1,8),(991,'https://www.ediya.com/files/menu/IMG_1647321892161.png','민트초콜릿 핫(HOT)',23,397,4200,0,'R',414,34,1,8),(992,'https://www.ediya.com/files/menu/IMG_1647324429590.png','버블흑당라떼 ICED',0,308,4700,0,'R',414,35,0,8),(993,'https://www.ediya.com/files/menu/IMG_1647324410367.png','버블흑당라떼 ICED',0,588,5900,0,'Extra',651,63,0,8),(994,'https://www.ediya.com/files/menu/IMG_1647321840843.png','초콜릿 아이스(ICED)',18,481,5100,0,'Extra',651,47,1,8),(995,'https://www.ediya.com/files/menu/IMG_1647321814289.png','초콜릿 아이스(ICED)',9,318,3900,0,'R',414,28,1,8),(996,'https://www.ediya.com/files/menu/IMG_1647321860843.png','초콜릿 핫(HOT)',17,540,5100,0,'Extra',651,53,1,8),(997,'https://www.ediya.com/files/menu/IMG_1647321825736.png','초콜릿 핫(HOT)',9,376,3900,0,'R',414,33,1,8),(998,'https://www.ediya.com/files/menu/IMG_1647319934174.png','토피 넛 라떼 아이스(ICED)',28,401,5400,0,'Extra',651,34,0,8),(999,'https://www.ediya.com/files/menu/IMG_1647319854660.png','토피 넛 라떼 아이스(ICED)',19,255,4200,0,'R',414,22,0,8),(1000,'https://www.ediya.com/files/menu/IMG_1647319953770.png','토피 넛 라떼 핫(HOT)',28,530,5400,0,'Extra',651,44,0,8),(1001,'https://www.ediya.com/files/menu/IMG_1647319867876.png','토피 넛 라떼 핫(HOT)',19,306,4200,0,'R',414,26,0,8),(1002,'https://www.ediya.com/files/menu/IMG_1647322029671.png','흑당라떼 (ICED)',0,373,3700,0,'Extra',651,60,0,8),(1003,'https://www.ediya.com/files/menu/IMG_1647322011235.png','흑당라떼 (ICED)',0,233,3700,0,'R',414,38,0,8),(1004,'https://www.ediya.com/files/menu/IMG_1647322590353.png','밀크티 아이스(ICED)',49,167,4200,1,'R',414,20,0,8),(1005,'https://www.ediya.com/files/menu/IMG_1647322607583.png','밀크티 핫(HOT)',49,232,4200,1,'R',414,25,0,8),(1006,'https://www.ediya.com/files/menu/IMG_1647323050118.png','석류 애플라임 핫(HOT)',0,220,4500,0,'R',414,42,0,8),(1007,'https://www.ediya.com/files/menu/IMG_1647322977844.png','석류애플라임 아이스(ICED)',0,346,5100,0,'Extra',651,74,0,8),(1008,'https://www.ediya.com/files/menu/IMG_1647322170791.png','꿀복숭아 플랫치노',0,225,3900,0,'R',414,49,0,8),(1009,'https://www.ediya.com/files/menu/IMG_1647322376229.png','딸기 쉐이크',0,636,5200,0,'R',414,65,0,8),(1010,'https://www.ediya.com/files/menu/IMG_1647319753205.png','딸기 요거트 플랫치노',0,313,4700,0,'R',414,53,0,8),(1011,'https://www.ediya.com/files/menu/IMG_1647322193229.png','망고플랫치노',0,258,3900,0,'R',414,65,0,8),(1012,'https://www.ediya.com/files/menu/IMG_1647322244409.png','민트 초콜릿 칩 플랫치노',56,493,4500,1,'R',414,52,1,8),(1013,'https://www.ediya.com/files/menu/IMG_1647322319410.png','블루베리 요거트 플랫치노',0,297,4700,0,'R',414,47,0,8),(1014,'https://www.ediya.com/files/menu/IMG_1647322356739.png','오리진 쉐이크',0,537,4700,0,'R',414,42,0,8),(1015,'https://www.ediya.com/files/menu/IMG_1647322366389.png','초코쿠키 쉐이크',0,622,4900,0,'R',414,47,0,8),(1016,'https://www.ediya.com/files/menu/IMG_1647322237789.png','초콜릿 칩 플랫치노',27,387,4500,0,'R',414,42,1,8),(1017,'https://www.ediya.com/files/menu/IMG_1647322311675.png','플레인 요거트 플랫치노',0,229,4500,0,'R',414,32,0,8),(1018,'https://www.ediya.com/files/menu/IMG_1647322929626.png','레몬 아이스티',25,317,3900,0,'Extra',651,77,0,8),(1019,'https://www.ediya.com/files/menu/IMG_1647322929626.png','레몬 아이스티',12,158,2900,0,'R',414,38,0,8),(1020,'https://www.ediya.com/files/menu/IMG_1647322896670.png','복숭아 아이스티',19,329,3900,0,'Extra',651,78,0,8),(1021,'https://www.ediya.com/files/menu/IMG_1647322896670.png','복숭아 아이스티',9,165,2900,0,'R',414,39,0,8),(1022,'https://www.ediya.com/files/menu/IMG_1647322402501.png','레몬 에이드',0,227,5200,0,'Extra',651,53,0,8),(1023,'https://www.ediya.com/files/menu/IMG_1647322402501.png','레몬 에이드',0,123,4200,0,'R',414,28,0,8),(1024,'https://www.ediya.com/files/menu/IMG_1647322422524.png','자몽 에이드',0,198,5200,0,'Extra',651,46,0,8),(1025,'https://www.ediya.com/files/menu/IMG_1647322422524.png','자몽 에이드',0,124,4200,0,'R',414,28,0,8),(1026,'https://www.ediya.com/files/menu/IMG_1647322455866.png','청포도 에이드',0,260,5200,0,'Extra',651,60,0,8),(1027,'https://www.ediya.com/files/menu/IMG_1647322455866.png','청포도 에이드',0,173,4200,0,'R',414,40,0,8),(1028,'https://www.ediya.com/files/menu/IMG_1647323138803.png','유자 피나콜라다 아이스(ICED)',0,291,5100,0,'Extra',651,67,0,8),(1029,'https://www.ediya.com/files/menu/IMG_1647323154740.png','유자 피나콜라다 핫(HOT)',0,197,4500,0,'R',414,43,0,8),(1030,'https://www.ediya.com/files/menu/IMG_1647323168645.png','유자차',0,187,4200,0,'R',414,42,0,8),(1031,'https://www.ediya.com/files/menu/IMG_1647323192384.png','자몽 네이블 오렌지 아이스(ICED)',0,322,5100,0,'Extra',651,73,0,8),(1032,'https://www.ediya.com/files/menu/IMG_1647323209240.png','자몽 네이블 오렌지 핫(HOT)',0,196,4500,0,'R',414,43,0,8),(1033,'https://www.ediya.com/files/menu/IMG_1647323227736.png','자몽차',0,186,4200,0,'R',414,42,0,8),(1034,'https://www.ediya.com/files/menu/IMG_1647320870899.png','콜드브루 니트로',124,14,4200,1,'R',414,0,0,8),(1035,'https://www.ediya.com/files/menu/IMG_1647320389669.png','디카페인 콜드브루 니트로',4,9,4500,0,'R',414,0,0,8),(1036,'https://www.ediya.com/files/menu/IMG_1647324439469.png','디카페인 버블 흑당 콜드브루',4,380,5700,0,'Extra',651,60,0,8),(1037,'https://www.ediya.com/files/menu/IMG_1647324449408.png','디카페인 버블 흑당 콜드브루',2,237,4500,0,'R',414,38,0,8),(1038,'https://www.ediya.com/files/menu/IMG_1647320424871.png','디카페인 흑당 콜드브루 ',4,380,5700,0,'Extra',651,60,0,8),(1039,'https://www.ediya.com/files/menu/IMG_1647320406434.png','디카페인 흑당 콜드브루',2,237,4500,0,'R',414,38,0,8),(1040,'https://www.ediya.com/files/menu/IMG_1671588274664.png','민트모카 아이스(ICED)',268,420,4900,2,'L',414,40,1,8),(1041,'https://www.ediya.com/files/menu/IMG_1671588213206.png','민트모카 핫(HOT)',268,484,4900,2,'L',414,45,1,8),(1042,'https://www.ediya.com/files/menu/IMG_1647321034823.png','바닐라라떼 아이스(ICED)',432,386,5700,4,'Extra',651,42,0,8),(1043,'https://www.ediya.com/files/menu/IMG_1671583414313.png','바닐라라떼 아이스(ICED)',274,245,4500,2,'L',414,25,0,8),(1044,'https://www.ediya.com/files/menu/IMG_1647321057747.png','바닐라라떼 핫(HOT)',432,476,5700,4,'Extra',651,49,0,8),(1045,'https://www.ediya.com/files/menu/IMG_1671583442731.png','바닐라라떼 핫(HOT)',274,303,4500,2,'L',414,29,0,8),(1046,'https://www.ediya.com/files/menu/IMG_1647321147600.png','아메리카노 아이스(ICED)',348,24,4200,3,'Extra',651,0,0,8),(1047,'https://www.ediya.com/files/menu/IMG_1671581786293.png','아메리카노 아이스(ICED)',232,16,3200,2,'L',414,0,0,8),(1048,'https://www.ediya.com/files/menu/IMG_1647321162101.png','아메리카노 핫(HOT)',348,24,4200,3,'Extra',651,0,0,8),(1049,'https://www.ediya.com/files/menu/IMG_1671581625569.png','아메리카노 핫(HOT)',232,16,3200,2,'L',414,0,0,8),(1050,'https://www.ediya.com/files/menu/IMG_1647324719307.png','연유 카페라떼 아이스(ICED) ',348,530,5700,3,'Extra',651,72,0,8),(1051,'https://www.ediya.com/files/menu/IMG_1671585023298.png','연유 카페라떼 아이스(ICED)',232,354,4500,2,'L',414,46,0,8),(1052,'https://www.ediya.com/files/menu/IMG_1647324689152.png','연유 카페라떼 핫(HOT) ',348,601,5700,3,'Extra',651,78,0,8),(1053,'https://www.ediya.com/files/menu/IMG_1671584792635.png','연유 카페라떼 핫(HOT)',232,386,4500,2,'L',414,49,0,8),(1054,'https://www.ediya.com/files/menu/IMG_1647320793322.png','연유 콜드브루 ',155,452,5900,1,'Extra',651,58,0,8),(1055,'https://www.ediya.com/files/menu/IMG_1647320780643.png','연유 콜드브루',104,282,4700,1,'R',414,37,0,8),(1056,'https://www.ediya.com/files/menu/IMG_1647320633102.png','디카페인 연유 콜드브루 ',5,445,6200,0,'Extra',651,58,0,8),(1057,'https://www.ediya.com/files/menu/IMG_1647387558230.png','디카페인 연유 콜드브루',4,278,5000,0,'R',414,37,0,8),(1058,'https://www.ediya.com/files/menu/IMG_1647321212721.png','카라멜마끼야또 아이스(ICED) ',348,347,4500,3,'Extra',651,50,0,8),(1059,'https://www.ediya.com/files/menu/IMG_1671585861402.png','카라멜마끼야또 아이스(ICED)',232,250,5700,2,'L',414,34,0,8),(1060,'https://www.ediya.com/files/menu/IMG_1647321239141.png','카라멜마끼야또 핫(HOT) ',348,405,4500,3,'Extra',651,55,0,8),(1061,'https://www.ediya.com/files/menu/IMG_1671585699141.png','카라멜마끼야또 핫(HOT)',232,285,5700,2,'L',414,36,0,8),(1062,'https://www.ediya.com/files/menu/IMG_1645073339534.png','카페라떼 아이스(ICED) ',348,182,5400,3,'Extra',651,12,0,8),(1063,'https://www.ediya.com/files/menu/IMG_1671582134737.png','카페라떼 아이스(ICED)',232,142,4200,2,'L',414,10,0,8),(1064,'https://www.ediya.com/files/menu/IMG_1645073265123.png','카페라떼 핫(HOT) ',348,288,5400,3,'Extra',651,21,0,8),(1065,'https://www.ediya.com/files/menu/IMG_1671582054147.png','카페라떼 핫(HOT)',232,203,4200,2,'L',414,15,0,8),(1066,'https://www.ediya.com/files/menu/IMG_1645073377193.png','카페모카 아이스(ICED) ',365,450,5700,3,'Extra',651,42,1,8),(1067,'https://www.ediya.com/files/menu/IMG_1671586141487.png','카페모카 아이스(ICED)',245,353,4500,2,'L',414,33,1,8),(1068,'https://www.ediya.com/files/menu/IMG_1645073368848.png','카페모카 핫(HOT) ',365,530,5700,3,'Extra',651,49,1,8),(1069,'https://www.ediya.com/files/menu/IMG_1671586052246.png','카페모카 핫(HOT)',245,424,4500,2,'L',414,38,1,8),(1070,'https://www.ediya.com/files/menu/IMG_1671583172436.png','카푸치노 아이스(ICED)',232,145,4200,2,'L',414,10,0,8),(1071,'https://www.ediya.com/files/menu/IMG_1671582405654.png','카푸치노 핫(HOT)',232,129,4200,2,'L',414,9,0,8),(1072,'https://www.ediya.com/files/menu/IMG_1647320836186.png','콜드브루 라떼 ',155,218,5700,1,'Extra',651,16,0,8),(1073,'https://www.ediya.com/files/menu/IMG_1647320848557.png','콜드브루 라떼',104,134,4500,1,'R',414,10,0,8),(1074,'https://www.ediya.com/files/menu/IMG_1647320357663.png','디카페인 콜드브루 라떼 ',5,211,6000,0,'Extra',651,16,0,8),(1075,'https://www.ediya.com/files/menu/IMG_1647320345410.png','디카페인 콜드브루 라떼',4,130,4800,0,'R',414,10,0,8),(1076,'https://www.ediya.com/files/menu/IMG_1647320820317.png','콜드브루 아메리카노 ',155,18,4900,1,'Extra',651,0,0,8),(1077,'https://www.ediya.com/files/menu/IMG_1647320805422.png','콜드브루 아메리카노',104,12,3900,1,'R',414,0,0,8),(1078,'https://www.ediya.com/files/menu/IMG_1648685292664.png','디카페인 콜드브루 아메리카노 ',5,11,5200,0,'Extra',651,0,0,8),(1079,'https://www.ediya.com/files/menu/IMG_1647320328440.png','디카페인 콜드브루 아메리카노',4,7,4200,0,'R',414,0,0,8),(1080,'https://www.ediya.com/files/menu/IMG_1647320860534.png','콜드브루 화이트 비엔나',52,267,4900,1,'R',414,32,0,8),(1081,'https://www.ediya.com/files/menu/IMG_1647320378419.png','디카페인 콜드브루 화이트 비엔나',2,265,5200,0,'R',414,32,0,8),(1082,'https://www.ediya.com/files/menu/IMG_1671587593517.png','화이트 초콜렛 모카 아이스(ICED)',232,362,4500,2,'L',414,35,1,8),(1083,'https://www.ediya.com/files/menu/IMG_1647321347859.png','화이트 초콜렛 모카 아이스(ICED)',348,515,5700,3,'Extra',651,54,1,8),(1084,'https://www.ediya.com/files/menu/IMG_1671587353689.png','화이트 초콜렛 모카 핫(HOT) ',232,420,4500,2,'L',414,40,1,8),(1085,'https://www.ediya.com/files/menu/IMG_1647321390212.png','화이트 초콜렛 모카 핫(HOT)',348,588,5700,3,'Extra',651,61,1,8),(1086,'https://www.ediya.com/files/menu/IMG_1647320738273.png','흑당콜드브루',52,239,4200,1,'R',414,38,0,8),(1087,'https://www.ediya.com/files/menu/IMG_1647320749119.png','흑당콜드브루',104,385,5400,1,'Extra',651,60,0,8),(1088,'https://www.ediya.com/files/menu/IMG_1647324575877.png','그린루이보스 아이스(ICED)',0,8,3200,0,'R',414,0,0,8),(1089,'https://www.ediya.com/files/menu/IMG_1647324593188.png','그린루이보스 핫(HOT)',0,8,3200,0,'R',414,0,0,8),(1090,'https://www.ediya.com/files/menu/IMG_1671596605212.png','그린루이보스 아이스(ICED)',0,16,4200,0,'Extra',651,0,0,8),(1091,'https://www.ediya.com/files/menu/IMG_1671596542380.png','그린루이보스 핫(HOT)',0,16,4200,0,'Extra',651,0,0,8),(1092,'https://www.ediya.com/files/menu/IMG_1647322703601.png','샤인히비스커스 아이스(ICED)',0,6,3200,0,'R',414,0,0,8),(1093,'https://www.ediya.com/files/menu/IMG_1647322695193.png','샤인히비스커스 핫(HOT)',0,6,3200,0,'R',414,0,0,8),(1094,'https://www.ediya.com/files/menu/IMG_1671595525825.png','샤인히비스커스 아이스(ICED)',0,13,4200,0,'Extra',651,0,0,8),(1095,'https://www.ediya.com/files/menu/IMG_1671595438536.png','샤인히비스커스 핫(HOT)',0,13,4200,0,'Extra',651,0,0,8),(1096,'https://www.ediya.com/files/menu/IMG_1647322726556.png','스프링캐모마일 아이스(ICED)',0,8,3200,0,'R',414,0,0,8),(1097,'https://www.ediya.com/files/menu/IMG_1647322717592.png','스프링캐모마일 핫(HOT)',0,8,3200,0,'R',414,0,0,8),(1098,'https://www.ediya.com/files/menu/IMG_1671595337284.png','스프링캐모마일 아이스(ICED)',0,15,4200,0,'Extra',651,0,0,8),(1099,'https://www.ediya.com/files/menu/IMG_1671595271667.png','스프링캐모마일 핫(HOT)',0,15,4200,0,'Extra',651,0,0,8),(1100,'https://www.ediya.com/files/menu/IMG_1647322809136.png','퓨어페퍼민트 아이스(ICED)',0,5,3200,0,'R',414,0,0,8),(1101,'https://www.ediya.com/files/menu/IMG_1647322800672.png','퓨어페퍼민트 핫(HOT)',0,5,3200,0,'R',414,0,0,8),(1102,'https://www.ediya.com/files/menu/IMG_1671595852837.png','퓨어페퍼민트 아이스(ICED)',0,11,4200,0,'Extra',651,0,0,8),(1103,'https://www.ediya.com/files/menu/IMG_1671595635409.png','퓨어페퍼민트 핫(HOT)',0,11,4200,0,'Extra',651,0,0,8),(1104,'https://www.ediya.com/files/menu/IMG_1647322855201.png','피치얼그레이 아이스(ICED)',58,8,3200,0,'R',414,0,0,8),(1105,'https://www.ediya.com/files/menu/IMG_1647322847327.png','피치얼그레이 핫(HOT)',58,8,3200,0,'R',414,0,0,8),(1106,'https://www.ediya.com/files/menu/IMG_1671596392889.png','피치얼그레이 아이스(ICED)',58,17,4200,0,'Extra',651,0,0,8),(1107,'https://www.ediya.com/files/menu/IMG_1671596309362.png','피치얼그레이 핫(HOT)',58,17,4200,0,'Extra',651,0,0,8),(1108,'https://www.ediya.com/files/menu/IMG_1647322107601.png','12곡 라떼 (ICED)',0,239,3700,0,'R',414,22,0,8),(1109,'https://www.ediya.com/files/menu/IMG_1647322114515.png','12곡 라떼 (HOT)',0,290,3700,0,'R',414,26,0,8),(1110,'https://www.ediya.com/files/menu/IMG_1647320254869.png','에스프레소',116,8,2900,0,'',60,0,0,8),(1111,'https://www.ediya.com/files/menu/IMG_1647324346811.png','버블 크림 밀크티 (ICED)',38,319,4700,0,'R',414,27,0,8),(1112,'https://www.ediya.com/files/menu/IMG_1647322677153.png','생강차 (ICED)',0,235,4200,0,'R',414,46,0,8),(1113,'https://www.ediya.com/files/menu/IMG_1647322669524.png','생강차 (HOT)',0,235,4200,0,'R',414,46,0,8),(1114,'https://www.ediya.com/files/menu/IMG_1647322778699.png','쌍화차 (ICED)',0,212,4200,0,'R',414,28,0,8),(1115,'https://www.ediya.com/files/menu/IMG_1647322753151.png','쌍화차 (HOT)',0,212,4200,0,'R',414,28,0,8),(1116,'https://www.ediya.com/files/menu/IMG_1660608743501.png','살얼음 식혜 (ICED)',0,219,4200,0,'R',414,50,0,8),(1117,'https://www.ediya.com/files/menu/IMG_1660608842680.png','살얼음 식혜 (ICED)',0,391,5200,0,'Extra',651,89,0,8),(1118,'https://www.ediya.com/files/menu/IMG_1671587873712.png','넛츠 크림 라떼 (ICED)',232,429,4700,2,'L',414,51,0,8),(1119,'https://www.ediya.com/files/menu/IMG_1666604341467.png','흑임자크림 카페라떼 (ICED)',116,422,4700,1,'R',414,48,0,8),(1120,'https://www.ediya.com/files/menu/IMG_1666604324179.png','흑임자크림 카페라떼 (HOT)',116,457,4700,1,'R',414,51,0,8),(1121,'https://www.ediya.com/files/menu/IMG_1666604314562.png','흑임자크림 라떼 (ICED)',0,354,4500,0,'R',414,29,0,8),(1122,'https://www.ediya.com/files/menu/IMG_1666604303833.png','흑임자크림 라떼 (HOT)',0,412,4500,0,'R',414,33,0,8),(1123,'https://image.istarbucks.co.kr/upload/store/skuimg/2022/11/[9200000004317]_20221121145819216.jpg','블랙 햅쌀 고봉 라떼 (ICE)',75,300,6300,1,'tall',355,18,0,9),(1124,'https://image.istarbucks.co.kr/upload/store/skuimg/2022/11/[9200000004317]_20221121145819216.jpg','블랙 햅쌀 고봉 라떼 (ICE)',150,405,6800,2,'grande',473,25,0,9),(1125,'https://image.istarbucks.co.kr/upload/store/skuimg/2022/11/[9200000004317]_20221121145819216.jpg','블랙 햅쌀 고봉 라떼 (ICE)',150,470,7300,2,'venti',591,30,0,9),(1126,'https://image.istarbucks.co.kr/upload/store/skuimg/2022/11/[9200000004314]_20221121145745003.jpg','블랙 햅쌀 고봉 라떼 (HOT)',75,365,6300,1,'tall',355,20,0,9),(1127,'https://image.istarbucks.co.kr/upload/store/skuimg/2022/11/[9200000004314]_20221121145745003.jpg','블랙 햅쌀 고봉 라떼 (HOT)',150,470,6800,2,'grande',473,26,0,9),(1128,'https://image.istarbucks.co.kr/upload/store/skuimg/2022/11/[9200000004314]_20221121145745003.jpg','블랙 햅쌀 고봉 라떼 (HOT)',150,595,7300,2,'venti',591,33,0,9),(1129,'https://image.istarbucks.co.kr/upload/store/skuimg/2022/11/[9200000004326]_20221121145700483.jpg','골든 미모사 그린 티',2,160,6100,0,'tall',355,38,0,9),(1130,'https://image.istarbucks.co.kr/upload/store/skuimg/2022/11/[9200000004326]_20221121145700483.jpg','골든 미모사 그린 티',2,220,6600,0,'grande',473,52,0,9),(1131,'https://image.istarbucks.co.kr/upload/store/skuimg/2022/11/[9200000004326]_20221121145700483.jpg','골든 미모사 그린 티',2,260,7100,0,'venti',591,62,0,9),(1132,'https://image.istarbucks.co.kr/upload/store/skuimg/2022/11/[9200000004320]_20221121145851772.jpg','스타벅스 튜메릭 라떼 (HOT)',170,290,6100,2,'tall',355,27,0,9),(1133,'https://image.istarbucks.co.kr/upload/store/skuimg/2022/11/[9200000004320]_20221121145851772.jpg','스타벅스 튜메릭 라떼 (HOT)',255,370,6600,3,'grande',473,35,0,9),(1134,'https://image.istarbucks.co.kr/upload/store/skuimg/2022/11/[9200000004320]_20221121145851772.jpg','스타벅스 튜메릭 라떼 (HOT)',340,485,7100,4,'venti',591,45,0,9),(1135,'https://image.istarbucks.co.kr/upload/store/skuimg/2022/11/[9200000004323]_20221121145937656.jpg','스타벅스 튜메릭 라떼 (ICE)',170,230,6100,2,'tall',355,22,0,9),(1136,'https://image.istarbucks.co.kr/upload/store/skuimg/2022/11/[9200000004323]_20221121145937656.jpg','스타벅스 튜메릭 라떼 (ICE)',255,315,6600,3,'grande',473,30,0,9),(1137,'https://image.istarbucks.co.kr/upload/store/skuimg/2022/11/[9200000004323]_20221121145937656.jpg','스타벅스 튜메릭 라떼 (ICE)',340,370,7100,4,'venti',591,36,0,9),(1138,'https://image.istarbucks.co.kr/upload/store/skuimg/2021/04/[9200000002499]_20210419130902541.jpg','제주 유기농 말차로 만든 라떼 아이스 (ICE)',60,155,6100,0,'tall',355,16,0,9),(1139,'https://image.istarbucks.co.kr/upload/store/skuimg/2021/04/[9200000002499]_20210419130902541.jpg','제주 유기농 말차로 만든 라떼 아이스 (ICE)',90,210,6600,0,'grande',473,23,0,9),(1140,'https://image.istarbucks.co.kr/upload/store/skuimg/2021/04/[9200000002499]_20210419130902541.jpg','제주 유기농 말차로 만든 라떼 아이스 (ICE)',120,270,7100,0,'venti',591,30,0,9),(1141,'https://image.istarbucks.co.kr/upload/store/skuimg/2021/04/[9200000002496]_20210419131039350.jpg','제주 유기농 말차로 만든 라떼 핫 (HOT)',60,130,5600,0,'short',237,12,0,9),(1142,'https://image.istarbucks.co.kr/upload/store/skuimg/2021/04/[9200000002496]_20210419131039350.jpg','제주 유기농 말차로 만든 라떼 핫 (HOT)',60,205,6100,0,'tall',355,20,0,9),(1143,'https://image.istarbucks.co.kr/upload/store/skuimg/2021/04/[9200000002496]_20210419131039350.jpg','제주 유기농 말차로 만든 라떼 핫 (HOT)',90,265,6600,0,'grande',473,60,0,9),(1144,'https://image.istarbucks.co.kr/upload/store/skuimg/2021/04/[135612]_20210415142512793.jpg','차이 티 라떼 아이스 (ICE)',70,190,5500,0,'tall',355,31,0,9),(1145,'https://image.istarbucks.co.kr/upload/store/skuimg/2021/04/[135612]_20210415142512793.jpg','차이 티 라떼 아이스 (ICE)',95,260,6000,0,'grande',473,41,0,9),(1146,'https://image.istarbucks.co.kr/upload/store/skuimg/2021/04/[135612]_20210415142512793.jpg','차이 티 라떼 아이스 (ICE)',115,370,6500,0,'venti',591,61,0,9),(1147,'https://image.istarbucks.co.kr/upload/store/skuimg/2021/04/[135608]_20210415154244810.jpg','차이 티 라떼 핫 (HOT)',45,130,5000,0,'short',237,21,0,9),(1148,'https://image.istarbucks.co.kr/upload/store/skuimg/2021/04/[135608]_20210415154244810.jpg','차이 티 라떼 핫 (HOT)',70,200,5500,0,'tall',355,31,0,9),(1149,'https://image.istarbucks.co.kr/upload/store/skuimg/2021/04/[135608]_20210415154244810.jpg','차이 티 라떼 핫 (HOT)',95,260,6000,0,'grande',473,39,0,9),(1150,'https://image.istarbucks.co.kr/upload/store/skuimg/2021/04/[135608]_20210415154244810.jpg','차이 티 라떼 핫 (HOT)',115,320,6500,0,'venti',591,52,0,9),(1151,'https://image.istarbucks.co.kr/upload/store/skuimg/2022/02/[9200000002966]_20220203082502987.jpg','돌체 블랙 밀크 티 아이스 (ICE)',35,210,5900,0,'tall',355,31,0,9),(1152,'https://image.istarbucks.co.kr/upload/store/skuimg/2022/02/[9200000002966]_20220203082502987.jpg','돌체 블랙 밀크 티 아이스 (ICE)',45,280,6400,0,'grande',473,42,0,9),(1153,'https://image.istarbucks.co.kr/upload/store/skuimg/2022/02/[9200000002966]_20220203082502987.jpg','돌체 블랙 밀크 티 아이스 (ICE)',55,345,6900,0,'venti',591,51,0,9),(1154,'https://image.istarbucks.co.kr/upload/store/skuimg/2022/02/[9200000002963]_20220203082330683.jpg','돌체 블랙 밀크 티 핫 (HOT)',50,165,5400,0,'short',237,23,0,9),(1155,'https://image.istarbucks.co.kr/upload/store/skuimg/2022/02/[9200000002963]_20220203082330683.jpg','돌체 블랙 밀크 티 핫 (HOT)',60,250,5900,0,'tall',355,34,0,9),(1156,'https://image.istarbucks.co.kr/upload/store/skuimg/2022/02/[9200000002963]_20220203082330683.jpg','돌체 블랙 밀크 티 핫 (HOT)',65,330,6400,0,'grande',473,46,0,9),(1157,'https://image.istarbucks.co.kr/upload/store/skuimg/2022/02/[9200000002963]_20220203082330683.jpg','돌체 블랙 밀크 티 핫 (HOT)',105,415,6900,0,'venti',591,57,0,9),(1158,'https://image.istarbucks.co.kr/upload/store/skuimg/2021/04/[9200000002760]_20210415133558068.jpg','더블 에스프레소 칩 프라푸치노',130,265,6300,2,'tall',355,31,1,9),(1159,'https://image.istarbucks.co.kr/upload/store/skuimg/2021/04/[9200000002760]_20210415133558068.jpg','더블 에스프레소 칩 프라푸치노',130,375,6800,2,'grande',473,46,1,9),(1160,'https://image.istarbucks.co.kr/upload/store/skuimg/2021/04/[9200000002760]_20210415133558068.jpg','더블 에스프레소 칩 프라푸치노',260,460,7300,4,'venti',591,60,1,9),(1161,'https://image.istarbucks.co.kr/upload/store/skuimg/2021/04/[9200000003276]_20210416154001403.jpg','딸기 딜라이트 요거트 블렌디드',0,370,6300,0,'tall',355,57,0,9),(1162,'https://image.istarbucks.co.kr/upload/store/skuimg/2021/04/[9200000003276]_20210416154001403.jpg','딸기 딜라이트 요거트 블렌디드',0,530,6800,0,'grande',473,83,0,9),(1163,'https://image.istarbucks.co.kr/upload/store/skuimg/2021/04/[9200000003276]_20210416154001403.jpg','딸기 딜라이트 요거트 블렌디드',0,675,7300,0,'venti',591,107,0,9),(1164,'https://image.istarbucks.co.kr/upload/store/skuimg/2021/04/[169001]_20210419130701792.jpg','망고 바나나 블렌디드',0,270,6300,0,'grande',473,48,0,9),(1165,'https://image.istarbucks.co.kr/upload/store/skuimg/2021/04/[167004]_20210419130801597.jpg','망고 패션 프루트 블렌디드',35,120,5400,0,'tall',355,25,0,9),(1166,'https://image.istarbucks.co.kr/upload/store/skuimg/2021/04/[167004]_20210419130801597.jpg','망고 패션 프루트 블렌디드',45,155,5900,0,'grande',473,33,0,9),(1167,'https://image.istarbucks.co.kr/upload/store/skuimg/2021/04/[167004]_20210419130801597.jpg','망고 패션 프루트 블렌디드',55,180,6400,0,'venti',591,38,0,9),(1168,'https://image.istarbucks.co.kr/upload/store/skuimg/2021/04/[168004]_20210415134634723.jpg','모카 프라푸치노',90,280,5900,0,'tall',355,36,1,9),(1169,'https://image.istarbucks.co.kr/upload/store/skuimg/2021/04/[168004]_20210415134634723.jpg','모카 프라푸치노',115,380,6400,0,'grande',473,47,1,9),(1170,'https://image.istarbucks.co.kr/upload/store/skuimg/2021/04/[168004]_20210415134634723.jpg','모카 프라푸치노',165,500,6900,0,'venti',591,67,1,9),(1171,'https://image.istarbucks.co.kr/upload/store/skuimg/2021/04/[9200000003443]_20210416154107695.jpg','민트 초콜릿 칩 블렌디드',0,455,6300,0,'tall',355,52,1,9),(1172,'https://image.istarbucks.co.kr/upload/store/skuimg/2021/04/[9200000003443]_20210416154107695.jpg','민트 초콜릿 칩 블렌디드',0,640,6800,0,'grande',473,76,1,9),(1173,'https://image.istarbucks.co.kr/upload/store/skuimg/2021/04/[9200000003443]_20210416154107695.jpg','민트 초콜릿 칩 블렌디드',0,705,7300,0,'venti',591,80,1,9),(1174,'https://image.istarbucks.co.kr/upload/store/skuimg/2021/04/[168054]_20210415135751840.jpg','바닐라 크림 프라푸치노',0,200,5100,0,'tall',355,28,1,9),(1175,'https://image.istarbucks.co.kr/upload/store/skuimg/2021/04/[168054]_20210415135751840.jpg','바닐라 크림 프라푸치노',0,290,5600,0,'grande',473,41,1,9),(1176,'https://image.istarbucks.co.kr/upload/store/skuimg/2021/04/[168054]_20210415135751840.jpg','바닐라 크림 프라푸치노',0,365,6100,0,'venti',591,54,1,9),(1177,'https://image.istarbucks.co.kr/upload/store/skuimg/2021/04/[168007]_20210415144337428.jpg','에스프레소 프라푸치노',120,145,5500,0,'tall',355,29,0,9),(1178,'https://image.istarbucks.co.kr/upload/store/skuimg/2021/04/[168007]_20210415144337428.jpg','에스프레소 프라푸치노',155,210,6000,0,'grande',473,43,0,9),(1179,'https://image.istarbucks.co.kr/upload/store/skuimg/2021/04/[168007]_20210415144337428.jpg','에스프레소 프라푸치노',195,275,6500,0,'venti',591,57,0,9),(1180,'https://image.istarbucks.co.kr/upload/store/skuimg/2021/04/[168016]_20210415154152122.jpg','자바 칩 프라푸치노',100,340,6300,0,'tall',355,42,1,9),(1181,'https://image.istarbucks.co.kr/upload/store/skuimg/2021/04/[168016]_20210415154152122.jpg','자바 칩 프라푸치노',130,460,6800,0,'grande',473,55,1,9),(1182,'https://image.istarbucks.co.kr/upload/store/skuimg/2021/04/[168016]_20210415154152122.jpg','자바 칩 프라푸치노',180,600,7300,0,'venti',591,77,1,9),(1183,'https://image.istarbucks.co.kr/upload/store/skuimg/2021/04/[9200000002502]_20210426100408048.jpg','제주 유기농 말차로 만든 크림 프라푸치노',60,230,6300,0,'tall',355,28,1,9),(1184,'https://image.istarbucks.co.kr/upload/store/skuimg/2021/04/[9200000002502]_20210426100408048.jpg','제주 유기농 말차로 만든 크림 프라푸치노',90,320,6800,0,'grande',473,42,1,9),(1185,'https://image.istarbucks.co.kr/upload/store/skuimg/2021/04/[9200000002502]_20210426100408048.jpg','제주 유기농 말차로 만든 크림 프라푸치노',120,420,7300,0,'venti',591,55,1,9),(1186,'https://image.istarbucks.co.kr/upload/store/skuimg/2021/04/[168066]_20210415154429750.jpg','초콜릿 크림 칩 프라푸치노',10,300,6000,0,'tall',355,40,1,9),(1187,'https://image.istarbucks.co.kr/upload/store/skuimg/2021/04/[168066]_20210415154429750.jpg','초콜릿 크림 칩 프라푸치노',15,425,6500,0,'grande',473,56,1,9),(1188,'https://image.istarbucks.co.kr/upload/store/skuimg/2021/04/[168066]_20210415154429750.jpg','초콜릿 크림 칩 프라푸치노',20,550,7000,0,'venti',591,75,1,9),(1189,'https://image.istarbucks.co.kr/upload/store/skuimg/2021/04/[168010]_20210415154711116.jpg','카라멜 프라푸치노',85,300,5900,0,'tall',355,39,1,9),(1190,'https://image.istarbucks.co.kr/upload/store/skuimg/2021/04/[168010]_20210415154711116.jpg','카라멜 프라푸치노',110,380,6400,0,'grande',473,48,1,9),(1191,'https://image.istarbucks.co.kr/upload/store/skuimg/2021/04/[168010]_20210415154711116.jpg','카라멜 프라푸치노',155,500,6900,0,'venti',591,68,1,9),(1192,'https://image.istarbucks.co.kr/upload/store/skuimg/2021/04/[168013]_20210415155746379.jpg','화이트 초콜릿 모카 프라푸치노',85,245,6000,0,'tall',355,38,1,9),(1193,'https://image.istarbucks.co.kr/upload/store/skuimg/2021/04/[168013]_20210415155746379.jpg','화이트 초콜릿 모카 프라푸치노',110,340,6500,0,'grande',473,56,1,9),(1194,'https://image.istarbucks.co.kr/upload/store/skuimg/2021/04/[168013]_20210415155746379.jpg','화이트 초콜릿 모카 프라푸치노',155,440,7000,0,'venti',591,74,1,9),(1195,'https://image.istarbucks.co.kr/upload/store/skuimg/2022/04/[9200000002959]_20220411155904911.jpg','유자 민트 티 아이스 (ICE)',0,145,5900,0,'tall',355,37,0,9),(1196,'https://image.istarbucks.co.kr/upload/store/skuimg/2022/04/[9200000002959]_20220411155904911.jpg','유자 민트 티 아이스 (ICE)',0,200,6400,0,'grande',473,50,0,9),(1197,'https://image.istarbucks.co.kr/upload/store/skuimg/2022/04/[9200000002959]_20220411155904911.jpg','유자 민트 티 아이스 (ICE)',0,255,6900,0,'venti',591,64,0,9),(1198,'https://image.istarbucks.co.kr/upload/store/skuimg/2022/04/[9200000002956]_20220411155551915.jpg','유자 민트 티 핫 (HOT)',0,235,5900,0,'tall',355,58,0,9),(1199,'https://image.istarbucks.co.kr/upload/store/skuimg/2022/04/[9200000002956]_20220411155551915.jpg','유자 민트 티 핫 (HOT)',0,320,6400,0,'grande',473,80,0,9),(1200,'https://image.istarbucks.co.kr/upload/store/skuimg/2022/04/[9200000002956]_20220411155551915.jpg','유자 민트 티 핫 (HOT)',0,415,6900,0,'venti',591,103,0,9),(1201,'https://image.istarbucks.co.kr/upload/store/skuimg/2021/04/[9200000000190]_20210419131723532.jpg','자몽 허니 블랙 티 아이스 (ICE)',30,125,5700,0,'tall',355,30,0,9),(1202,'https://image.istarbucks.co.kr/upload/store/skuimg/2021/04/[9200000000190]_20210419131723532.jpg','자몽 허니 블랙 티 아이스 (ICE)',45,175,6200,0,'grande',473,41,0,9),(1203,'https://image.istarbucks.co.kr/upload/store/skuimg/2021/04/[9200000000190]_20210419131723532.jpg','자몽 허니 블랙 티 아이스 (ICE)',55,220,6700,0,'venti',591,52,0,9),(1204,'https://image.istarbucks.co.kr/upload/store/skuimg/2021/04/[9200000000187]_20210419131229539.jpg','자몽 허니 블랙 티 핫 (HOT)',70,80,5200,0,'short',237,19,0,9),(1205,'https://image.istarbucks.co.kr/upload/store/skuimg/2021/04/[9200000000187]_20210419131229539.jpg','자몽 허니 블랙 티 핫 (HOT)',70,125,5700,0,'tall',355,30,0,9),(1206,'https://image.istarbucks.co.kr/upload/store/skuimg/2021/04/[9200000000187]_20210419131229539.jpg','자몽 허니 블랙 티 핫 (HOT)',95,175,6200,0,'grande',473,41,0,9),(1207,'https://image.istarbucks.co.kr/upload/store/skuimg/2021/04/[9200000000187]_20210419131229539.jpg','자몽 허니 블랙 티 핫 (HOT)',150,220,6700,0,'venti',591,52,0,9),(1208,'https://image.istarbucks.co.kr/upload/store/skuimg/2021/04/[9200000002487]_20210426091745467.jpg','나이트로 바닐라 크림',193,50,5600,0,'short',237,5,0,9),(1209,'https://image.istarbucks.co.kr/upload/store/skuimg/2021/04/[9200000002487]_20210426091745467.jpg','나이트로 바닐라 크림',232,80,6100,0,'tall',355,10,0,9),(1210,'https://image.istarbucks.co.kr/upload/store/skuimg/2021/04/[9200000002487]_20210426091745467.jpg','나이트로 바닐라 크림',309,110,6600,0,'grande',473,14,0,9),(1211,'https://image.istarbucks.co.kr/upload/store/skuimg/2021/04/[9200000000479]_20210426091843897.jpg','나이트로 콜드 브루',195,5,5500,0,'short',237,0,0,9),(1212,'https://image.istarbucks.co.kr/upload/store/skuimg/2021/04/[9200000000479]_20210426091843897.jpg','나이트로 콜드 브루',245,5,6000,0,'tall',355,0,0,9),(1213,'https://image.istarbucks.co.kr/upload/store/skuimg/2021/04/[9200000000479]_20210426091843897.jpg','나이트로 콜드 브루',335,5,6500,0,'grande',473,0,0,9),(1214,'https://image.istarbucks.co.kr/upload/store/skuimg/2021/04/[9200000002081]_20210415133656839.jpg','돌체 콜드 브루',155,265,6000,0,'tall',355,29,0,9),(1215,'https://image.istarbucks.co.kr/upload/store/skuimg/2021/04/[9200000002081]_20210415133656839.jpg','돌체 콜드 브루',205,375,6500,0,'grande',473,42,0,9),(1216,'https://image.istarbucks.co.kr/upload/store/skuimg/2021/04/[9200000002081]_20210415133656839.jpg','돌체 콜드 브루',250,465,7000,0,'venti',591,53,0,9),(1217,'https://image.istarbucks.co.kr/upload/store/skuimg/2021/04/[9200000000487]_20210430112319040.jpg','바닐라 크림 콜드 브루',155,125,5800,0,'tall',355,11,0,9),(1218,'https://image.istarbucks.co.kr/upload/store/skuimg/2021/04/[9200000000487]_20210430112319040.jpg','바닐라 크림 콜드 브루',205,185,6300,0,'grande',473,18,0,9),(1219,'https://image.istarbucks.co.kr/upload/store/skuimg/2021/04/[9200000000487]_20210430112319040.jpg','바닐라 크림 콜드 브루',250,200,6800,0,'venti',591,22,0,9),(1220,'https://image.istarbucks.co.kr/upload/store/skuimg/2021/04/[110612]_20210415133425373.jpg','바닐라 스타벅스 더블 샷 (ICE)',150,125,5100,2,'기본',207,14,0,9),(1221,'https://image.istarbucks.co.kr/upload/store/skuimg/2021/04/[9200000000487]_20210430112319040.jpg','바닐라 크림 콜드 브루',155,125,5800,0,'tall',355,11,0,9),(1222,'https://image.istarbucks.co.kr/upload/store/skuimg/2021/04/[9200000000487]_20210430112319040.jpg','바닐라 크림 콜드 브루',205,185,6300,0,'grande',473,18,0,9),(1223,'https://image.istarbucks.co.kr/upload/store/skuimg/2021/04/[9200000000487]_20210430112319040.jpg','바닐라 크림 콜드 브루',250,200,6800,0,'venti',591,22,0,9),(1224,'https://image.istarbucks.co.kr/upload/store/skuimg/2021/04/[9200000002406]_20210415135507733.jpg','바닐라 플랫 화이트 (HOT)',195,145,5400,3,'short',237,15,0,9),(1225,'https://image.istarbucks.co.kr/upload/store/skuimg/2021/04/[9200000002406]_20210415135507733.jpg','바닐라 플랫 화이트 (HOT)',260,220,5900,4,'tall',355,23,0,9),(1226,'https://image.istarbucks.co.kr/upload/store/skuimg/2021/04/[9200000002953]_20210427132718157.jpg','블론드 바닐라 더블 샷 마키아또 아이스 (ICE)',170,195,5900,2,'tall',355,22,0,9),(1227,'https://image.istarbucks.co.kr/upload/store/skuimg/2021/04/[9200000002953]_20210427132718157.jpg','블론드 바닐라 더블 샷 마키아또 아이스 (ICE)',255,265,6400,3,'grande',473,30,0,9),(1228,'https://image.istarbucks.co.kr/upload/store/skuimg/2021/04/[9200000002953]_20210427132718157.jpg','블론드 바닐라 더블 샷 마키아또 아이스 (ICE)',340,315,6900,4,'venti',591,36,0,9),(1229,'https://image.istarbucks.co.kr/upload/store/skuimg/2021/04/[9200000002950]_20210426150654756.jpg','블론드 바닐라 더블 샷 마키아또 핫 (HOT)',170,315,5900,2,'tall',355,31,0,9),(1230,'https://image.istarbucks.co.kr/upload/store/skuimg/2021/04/[9200000002950]_20210426150654756.jpg','블론드 바닐라 더블 샷 마키아또 핫 (HOT)',255,405,6400,3,'grande',473,40,0,9),(1231,'https://image.istarbucks.co.kr/upload/store/skuimg/2021/04/[9200000002950]_20210426150654756.jpg','블론드 바닐라 더블 샷 마키아또 핫 (HOT)',340,515,6900,4,'venti',591,50,0,9),(1232,'https://image.istarbucks.co.kr/upload/store/skuimg/2021/04/[128695]_20210426092031969.jpg','스타벅스 돌체 라떼 아이스 (ICE)',150,230,5900,2,'tall',355,35,0,9),(1233,'https://image.istarbucks.co.kr/upload/store/skuimg/2021/04/[128695]_20210426092031969.jpg','스타벅스 돌체 라떼 아이스 (ICE)',225,310,6400,3,'grande',473,47,0,9),(1234,'https://image.istarbucks.co.kr/upload/store/skuimg/2021/04/[128695]_20210426092031969.jpg','스타벅스 돌체 라떼 아이스 (ICE)',300,370,6900,4,'venti',591,57,0,9),(1235,'https://image.istarbucks.co.kr/upload/store/skuimg/2021/04/[128692]_20210426091933665.jpg','스타벅스 돌체 라떼 핫 (HOT)',75,175,5400,1,'short',237,26,0,9),(1236,'https://image.istarbucks.co.kr/upload/store/skuimg/2021/04/[128692]_20210426091933665.jpg','스타벅스 돌체 라떼 핫 (HOT)',150,255,5900,2,'tall',355,39,0,9),(1237,'https://image.istarbucks.co.kr/upload/store/skuimg/2021/04/[128692]_20210426091933665.jpg','스타벅스 돌체 라떼 핫 (HOT)',225,335,6400,3,'grande',473,51,0,9),(1238,'https://image.istarbucks.co.kr/upload/store/skuimg/2021/04/[128692]_20210426091933665.jpg','스타벅스 돌체 라떼 핫 (HOT)',300,420,6900,4,'venti',591,64,0,9),(1239,'https://image.istarbucks.co.kr/upload/store/skuimg/2021/08/[9200000003661]_20210819094346176.jpg','시그니처 더 블랙 콜드 브루 보틀',680,25,19600,0,'기본',500,0,0,9),(1240,'https://image.istarbucks.co.kr/upload/store/skuimg/2021/04/[20]_20210415144112678.jpg','에스프레소',75,5,4000,1,'Solo',22,0,0,9),(1241,'https://image.istarbucks.co.kr/upload/store/skuimg/2021/04/[20]_20210415144112678.jpg','에스프레소',150,10,4500,2,'Doppio',44,0,0,9),(1242,'https://image.istarbucks.co.kr/upload/store/skuimg/2021/04/[25]_20210415144211211.jpg','에스프레소 마키아또',75,10,4000,1,'Solo',22,0,0,9),(1243,'https://image.istarbucks.co.kr/upload/store/skuimg/2021/04/[25]_20210415144211211.jpg','에스프레소 마키아또',150,15,4500,2,'Doppio',44,0,0,9),(1244,'https://image.istarbucks.co.kr/upload/store/skuimg/2021/04/[30]_20210415144252244.jpg','에스프레소 콘 파나',75,30,4200,1,'Solo',22,1,1,9),(1245,'https://image.istarbucks.co.kr/upload/store/skuimg/2021/04/[30]_20210415144252244.jpg','에스프레소 콘 파나',150,35,4700,2,'Doppio',44,1,1,9),(1246,'https://image.istarbucks.co.kr/upload/store/skuimg/2021/04/[2]_20210430111934246.jpg','오늘의 커피 (HOT)',180,5,3700,0,'short',237,0,0,9),(1247,'https://image.istarbucks.co.kr/upload/store/skuimg/2021/04/[2]_20210430111934246.jpg','오늘의 커피 (HOT)',260,5,4200,0,'tall',355,0,0,9),(1248,'https://image.istarbucks.co.kr/upload/store/skuimg/2021/04/[2]_20210430111934246.jpg','오늘의 커피 (HOT)',330,5,4700,0,'grande',473,0,0,9),(1249,'https://image.istarbucks.co.kr/upload/store/skuimg/2021/04/[2]_20210430111934246.jpg','오늘의 커피 (HOT)',415,5,5200,0,'venti',591,0,0,9),(1250,'https://image.istarbucks.co.kr/upload/store/skuimg/2021/04/[106509]_20210430111852870.jpg','아이스 커피 (ICE)',140,5,4500,0,'tall',355,0,0,9),(1251,'https://image.istarbucks.co.kr/upload/store/skuimg/2021/04/[106509]_20210430111852870.jpg','아이스 커피 (ICE)',190,5,5000,0,'grande',473,0,0,9),(1252,'https://image.istarbucks.co.kr/upload/store/skuimg/2021/04/[106509]_20210430111852870.jpg','아이스 커피 (ICE)',220,5,5500,0,'venti',591,0,0,9),(1253,'https://image.istarbucks.co.kr/upload/store/skuimg/2021/04/[110582]_20210415142706078.jpg','카라멜 마키아또 아이스 (ICE)',75,190,5900,1,'tall',355,22,0,9),(1254,'https://image.istarbucks.co.kr/upload/store/skuimg/2021/04/[110582]_20210415142706078.jpg','카라멜 마키아또 아이스 (ICE)',150,260,6400,2,'grande',473,27,0,9),(1255,'https://image.istarbucks.co.kr/upload/store/skuimg/2021/04/[110582]_20210415142706078.jpg','카라멜 마키아또 아이스 (ICE)',150,360,6900,2,'venti',591,44,0,9),(1256,'https://image.istarbucks.co.kr/upload/store/skuimg/2021/04/[126197]_20210415154609863.jpg','카라멜 마키아또 핫 (HOT)',75,140,5400,1,'short',237,14,0,9),(1257,'https://image.istarbucks.co.kr/upload/store/skuimg/2021/04/[126197]_20210415154609863.jpg','카라멜 마키아또 핫 (HOT)',75,200,5900,1,'tall',355,22,0,9),(1258,'https://image.istarbucks.co.kr/upload/store/skuimg/2021/04/[126197]_20210415154609863.jpg','카라멜 마키아또 핫 (HOT)',150,270,6400,2,'grande',473,30,0,9),(1259,'https://image.istarbucks.co.kr/upload/store/skuimg/2021/04/[126197]_20210415154609863.jpg','카라멜 마키아또 핫 (HOT)',150,340,6900,2,'venti',591,38,0,9),(1260,'https://image.istarbucks.co.kr/upload/store/skuimg/2021/04/[110569]_20210415143035989.jpg','카페 라떼 아이스 (ICE)',75,110,5000,1,'tall',355,8,0,9),(1261,'https://image.istarbucks.co.kr/upload/store/skuimg/2021/04/[110569]_20210415143035989.jpg','카페 라떼 아이스 (ICE)',150,150,5500,2,'grande',473,10,0,9),(1262,'https://image.istarbucks.co.kr/upload/store/skuimg/2021/04/[110569]_20210415143035989.jpg','카페 라떼 아이스 (ICE)',150,210,6000,2,'venti',591,15,0,9),(1263,'https://image.istarbucks.co.kr/upload/store/skuimg/2021/04/[41]_20210415133833725.jpg','카페 라떼 핫 (HOT)',75,110,4500,1,'short',237,8,0,9),(1264,'https://image.istarbucks.co.kr/upload/store/skuimg/2021/04/[41]_20210415133833725.jpg','카페 라떼 핫 (HOT)',75,180,5000,1,'tall',355,13,0,9),(1265,'https://image.istarbucks.co.kr/upload/store/skuimg/2021/04/[41]_20210415133833725.jpg','카페 라떼 핫 (HOT)',150,220,5500,2,'grande',473,16,0,9),(1266,'https://image.istarbucks.co.kr/upload/store/skuimg/2021/04/[41]_20210415133833725.jpg','카페 라떼 핫 (HOT)',150,290,6000,2,'venti',591,21,0,9),(1267,'https://image.istarbucks.co.kr/upload/store/skuimg/2021/04/[110566]_20210415134334280.jpg','카페 모카 아이스 (ICE)',95,250,5500,1,'tall',355,21,1,9),(1268,'https://image.istarbucks.co.kr/upload/store/skuimg/2021/04/[110566]_20210415134334280.jpg','카페 모카 아이스 (ICE)',175,330,6000,2,'grande',473,28,1,9),(1269,'https://image.istarbucks.co.kr/upload/store/skuimg/2021/04/[110566]_20210415134334280.jpg','카페 모카 아이스 (ICE)',180,430,6500,2,'venti',591,39,1,9),(1270,'https://image.istarbucks.co.kr/upload/store/skuimg/2021/04/[46]_20210415134438165.jpg','카페 모카 핫 (HOT)',90,200,5000,1,'short',237,17,1,9),(1271,'https://image.istarbucks.co.kr/upload/store/skuimg/2021/04/[46]_20210415134438165.jpg','카페 모카 핫 (HOT)',95,290,5500,1,'tall',355,25,1,9),(1272,'https://image.istarbucks.co.kr/upload/store/skuimg/2021/04/[46]_20210415134438165.jpg','카페 모카 핫 (HOT)',175,360,6000,2,'grande',473,32,1,9),(1273,'https://image.istarbucks.co.kr/upload/store/skuimg/2021/04/[46]_20210415134438165.jpg','카페 모카 핫 (HOT)',180,450,6500,2,'venti',591,41,1,9),(1274,'https://image.istarbucks.co.kr/upload/store/skuimg/2021/04/[110563]_20210426095937808.jpg','카페 아메리카노 (ICE)',150,10,4500,2,'tall',355,0,0,9),(1275,'https://image.istarbucks.co.kr/upload/store/skuimg/2021/04/[110563]_20210426095937808.jpg','카페 아메리카노 (ICE)',225,15,5000,3,'grande',473,0,0,9),(1276,'https://image.istarbucks.co.kr/upload/store/skuimg/2021/04/[110563]_20210426095937808.jpg','카페 아메리카노 (ICE)',300,25,5500,4,'venti',591,0,0,9),(1277,'https://image.istarbucks.co.kr/upload/store/skuimg/2021/04/[94]_20210430103337006.jpg','카페 아메리카노 (HOT)',75,90,4000,1,'short',237,0,0,9),(1278,'https://image.istarbucks.co.kr/upload/store/skuimg/2021/04/[94]_20210430103337006.jpg','카페 아메리카노 (HOT)',150,110,4500,2,'tall',355,0,0,9),(1279,'https://image.istarbucks.co.kr/upload/store/skuimg/2021/04/[94]_20210430103337006.jpg','카페 아메리카노 (HOT)',225,140,5000,3,'grande',473,0,0,9),(1280,'https://image.istarbucks.co.kr/upload/store/skuimg/2021/04/[94]_20210430103337006.jpg','카페 아메리카노 (HOT)',300,180,5500,4,'venti',591,0,0,9),(1281,'https://image.istarbucks.co.kr/upload/store/skuimg/2021/04/[110601]_20210415143400773.jpg','카푸치노 아이스 (ICE)',75,115,5000,1,'tall',355,9,0,9),(1282,'https://image.istarbucks.co.kr/upload/store/skuimg/2021/04/[110601]_20210415143400773.jpg','카푸치노 아이스 (ICE)',150,150,5500,2,'grande',473,11,0,9),(1283,'https://image.istarbucks.co.kr/upload/store/skuimg/2021/04/[110601]_20210415143400773.jpg','카푸치노 아이스 (ICE)',150,165,6000,2,'venti',591,13,0,9),(1284,'https://image.istarbucks.co.kr/upload/store/skuimg/2021/04/[38]_20210415154821846.jpg','카푸치노 핫 (HOT)',75,90,4500,1,'short',237,7,0,9),(1285,'https://image.istarbucks.co.kr/upload/store/skuimg/2021/04/[38]_20210415154821846.jpg','카푸치노 핫 (HOT)',75,110,5000,1,'tall',355,8,0,9),(1286,'https://image.istarbucks.co.kr/upload/store/skuimg/2021/04/[38]_20210415154821846.jpg','카푸치노 핫 (HOT)',150,140,5500,2,'grande',473,9,0,9),(1287,'https://image.istarbucks.co.kr/upload/store/skuimg/2021/04/[38]_20210415154821846.jpg','카푸치노 핫 (HOT)',150,180,6000,2,'venti',591,13,0,9),(1288,'https://image.istarbucks.co.kr/upload/store/skuimg/2021/04/[110611]_20210415132507539.jpg','커피 스타벅스 더블 샷 (ICE)',150,125,5100,2,'기본',207,14,0,9),(1289,'https://image.istarbucks.co.kr/upload/store/skuimg/2021/04/[9200000000038]_20210430113202458.jpg','콜드 브루',155,5,4900,0,'tall',355,0,0,9),(1290,'https://image.istarbucks.co.kr/upload/store/skuimg/2021/04/[9200000000038]_20210430113202458.jpg','콜드 브루',205,5,5400,0,'grande',473,0,0,9),(1291,'https://image.istarbucks.co.kr/upload/store/skuimg/2021/04/[9200000000038]_20210430113202458.jpg','콜드 브루',250,5,5900,0,'venti',591,0,0,9),(1292,'https://image.istarbucks.co.kr/upload/store/skuimg/2021/04/[9200000003285]_20210416154437069.jpg','콜드 브루 오트 라떼',65,120,5800,0,'tall',355,14,0,9),(1293,'https://image.istarbucks.co.kr/upload/store/skuimg/2021/04/[9200000003285]_20210416154437069.jpg','콜드 브루 오트 라떼',85,160,6300,0,'grande',473,19,0,9),(1294,'https://image.istarbucks.co.kr/upload/store/skuimg/2021/04/[9200000003285]_20210416154437069.jpg','콜드 브루 오트 라떼',85,190,6800,0,'venti',591,23,0,9),(1295,'https://image.istarbucks.co.kr/upload/store/skuimg/2021/04/[110614]_20210415132333109.jpg','헤이즐넛 스타벅스 더블 샷 (ICE)',150,125,5100,2,'기본',207,14,0,9),(1296,'https://image.istarbucks.co.kr/upload/store/skuimg/2021/04/[110572]_20210415155545375.jpg','화이트 초콜릿 모카 아이스 (ICE)',75,260,5900,1,'tall',355,27,1,9),(1297,'https://image.istarbucks.co.kr/upload/store/skuimg/2021/04/[110572]_20210415155545375.jpg','화이트 초콜릿 모카 아이스 (ICE)',150,330,6400,2,'grande',473,36,1,9),(1298,'https://image.istarbucks.co.kr/upload/store/skuimg/2021/04/[110572]_20210415155545375.jpg','화이트 초콜릿 모카 아이스 (ICE)',150,380,6900,2,'venti',591,43,1,9),(1299,'https://image.istarbucks.co.kr/upload/store/skuimg/2021/04/[128192]_20210415155639126.jpg','화이트 초콜릿 모카 핫 (HOT)',75,230,5400,1,'short',237,22,1,9),(1300,'https://image.istarbucks.co.kr/upload/store/skuimg/2021/04/[128192]_20210415155639126.jpg','화이트 초콜릿 모카 핫 (HOT)',75,345,5900,1,'tall',355,35,1,9),(1301,'https://image.istarbucks.co.kr/upload/store/skuimg/2021/04/[128192]_20210415155639126.jpg','화이트 초콜릿 모카 핫 (HOT)',150,400,6400,2,'grande',473,41,1,9),(1302,'https://image.istarbucks.co.kr/upload/store/skuimg/2021/04/[128192]_20210415155639126.jpg','화이트 초콜릿 모카 핫 (HOT)',150,545,6900,2,'venti',591,57,1,9),(1303,'https://image.istarbucks.co.kr/upload/store/skuimg/2021/04/[110621]_20210415140901611.jpg','시그니처 초콜릿 아이스 (ICE)',15,325,5700,0,'tall',355,32,1,9),(1304,'https://image.istarbucks.co.kr/upload/store/skuimg/2021/04/[110621]_20210415140901611.jpg','시그니처 초콜릿 아이스 (ICE)',20,425,6200,0,'grande',473,41,1,9),(1305,'https://image.istarbucks.co.kr/upload/store/skuimg/2021/04/[110621]_20210415140901611.jpg','시그니처 초콜릿 아이스 (ICE)',25,560,6700,0,'venti',591,59,1,9),(1306,'https://image.istarbucks.co.kr/upload/store/skuimg/2021/04/[72]_20210415140949967.jpg','시그니처 초콜릿 핫 (HOT)',10,335,5200,0,'short',237,34,1,9),(1307,'https://image.istarbucks.co.kr/upload/store/skuimg/2021/04/[72]_20210415140949967.jpg','시그니처 초콜릿 핫 (HOT)',15,500,5700,0,'tall',355,52,1,9),(1308,'https://image.istarbucks.co.kr/upload/store/skuimg/2021/04/[72]_20210415140949967.jpg','시그니처 초콜릿 핫 (HOT)',20,665,6200,0,'grande',473,70,1,9),(1309,'https://image.istarbucks.co.kr/upload/store/skuimg/2021/04/[72]_20210415140949967.jpg','시그니처 초콜릿 핫 (HOT)',25,805,6700,0,'venti',591,84,1,9),(1310,'https://image.istarbucks.co.kr/upload/store/skuimg/2021/04/[107025]_20210419104756955.jpg','블랙 티 레모네이드 피지오',30,65,5400,0,'tall',355,17,0,9),(1311,'https://image.istarbucks.co.kr/upload/store/skuimg/2021/04/[107025]_20210419104756955.jpg','블랙 티 레모네이드 피지오',45,90,5900,0,'grande',473,23,0,9),(1312,'https://image.istarbucks.co.kr/upload/store/skuimg/2021/04/[107025]_20210419104756955.jpg','블랙 티 레모네이드 피지오',55,115,6400,0,'venti',591,30,0,9),(1313,'https://image.istarbucks.co.kr/upload/store/skuimg/2022/05/[9200000004121]_20220517102911610.jpg','유자 패션 피지오',0,145,5900,0,'tall',355,36,0,9),(1314,'https://image.istarbucks.co.kr/upload/store/skuimg/2022/05/[9200000004121]_20220517102911610.jpg','유자 패션 피지오',0,195,6400,0,'grande',473,48,0,9),(1315,'https://image.istarbucks.co.kr/upload/store/skuimg/2022/05/[9200000004121]_20220517102911610.jpg','유자 패션 피지오',0,230,6900,0,'venti',591,58,0,9),(1316,'https://image.istarbucks.co.kr/upload/store/skuimg/2021/04/[107051]_20210419112151972.jpg','쿨 라임 피지오',110,105,5900,0,'tall',355,25,0,9),(1317,'https://image.istarbucks.co.kr/upload/store/skuimg/2021/04/[107051]_20210419112151972.jpg','쿨 라임 피지오',135,130,6400,0,'grande',473,32,0,9),(1318,'https://image.istarbucks.co.kr/upload/store/skuimg/2021/04/[107051]_20210419112151972.jpg','쿨 라임 피지오',135,130,6900,0,'venti',591,32,0,9),(1319,'https://image.istarbucks.co.kr/upload/store/skuimg/2021/04/[107031]_20210419125349904.jpg','패션 탱고 티 레모네이드 피지오',0,65,5400,0,'tall',355,17,0,9),(1320,'https://image.istarbucks.co.kr/upload/store/skuimg/2021/04/[107031]_20210419125349904.jpg','패션 탱고 티 레모네이드 피지오',0,90,5900,0,'grande',473,23,0,9),(1321,'https://image.istarbucks.co.kr/upload/store/skuimg/2021/04/[107031]_20210419125349904.jpg','패션 탱고 티 레모네이드 피지오',0,115,6400,0,'venti',591,30,0,9),(1322,'https://image.istarbucks.co.kr/upload/store/skuimg/2021/04/[400400000094]_20210415230316469.jpg','제주 유기 녹차 (ICE)',16,0,5300,0,'tall',355,0,0,9),(1323,'https://image.istarbucks.co.kr/upload/store/skuimg/2021/04/[400400000094]_20210415230316469.jpg','제주 유기 녹차 (ICE)',32,0,6300,0,'venti',591,0,0,9),(1324,'https://image.istarbucks.co.kr/upload/store/skuimg/2021/04/[400400000091]_20210415132229904.jpg','제주 유기 녹차 (HOT)',0,0,5300,0,'tall',355,0,0,9),(1325,'https://image.istarbucks.co.kr/upload/store/skuimg/2021/04/[400400000091]_20210415132229904.jpg','제주 유기 녹차 (HOT)',0,0,6300,0,'venti',591,0,0,9),(1326,'https://image.istarbucks.co.kr/upload/store/skuimg/2021/04/[4004000000059]_20210415141656038.jpg','민트 블렌드 티 아이스 (ICE)',0,0,4500,0,'tall',355,0,0,9),(1327,'https://image.istarbucks.co.kr/upload/store/skuimg/2021/04/[4004000000059]_20210415141656038.jpg','민트 블렌드 티 아이스 (ICE)',0,0,5500,0,'venti',591,0,0,9),(1328,'https://image.istarbucks.co.kr/upload/store/skuimg/2021/04/[4004000000056]_20210415135215632.jpg','민트 블렌드 티 핫 (HOT)',0,0,4500,0,'tall',355,0,0,9),(1329,'https://image.istarbucks.co.kr/upload/store/skuimg/2021/04/[4004000000056]_20210415135215632.jpg','민트 블렌드 티 핫 (HOT)',0,0,5500,0,'venti',591,0,0,9),(1330,'https://image.istarbucks.co.kr/upload/store/skuimg/2021/04/[4004000000079]_20210415143641139.jpg','캐모마일 블렌드 티 아이스 (ICE)',0,0,4500,0,'tall',355,0,0,9),(1331,'https://image.istarbucks.co.kr/upload/store/skuimg/2021/04/[4004000000079]_20210415143641139.jpg','캐모마일 블렌드 티 아이스 (ICE)',0,0,5500,0,'venti',591,0,0,9),(1332,'https://image.istarbucks.co.kr/upload/store/skuimg/2021/04/[4004000000076]_20210415154920731.jpg','캐모마일 블렌드 티 핫 (HOT)',0,0,4500,0,'tall',355,0,0,9),(1333,'https://image.istarbucks.co.kr/upload/store/skuimg/2021/04/[4004000000076]_20210415154920731.jpg','캐모마일 블렌드 티 핫 (HOT)',0,0,5500,0,'venti',591,0,0,9),(1334,'https://image.istarbucks.co.kr/upload/store/skuimg/2021/04/[4004000000069]_20210415143811231.jpg','히비스커스 블렌드 티 아이스 (ICE)',0,0,4500,0,'tall',355,0,0,9),(1335,'https://image.istarbucks.co.kr/upload/store/skuimg/2021/04/[4004000000069]_20210415143811231.jpg','히비스커스 블렌드 티 아이스 (ICE)',0,0,5500,0,'venti',591,0,0,9),(1336,'https://image.istarbucks.co.kr/upload/store/skuimg/2021/04/[4004000000066]_20210415155836395.jpg','히비스커스 블렌드 티 핫 (HOT)',0,0,4500,0,'tall',355,0,0,9),(1337,'https://image.istarbucks.co.kr/upload/store/skuimg/2021/04/[4004000000066]_20210415155836395.jpg','히비스커스 블렌드 티 핫 (HOT)',0,0,5500,0,'venti',591,0,0,9),(1338,'https://image.istarbucks.co.kr/upload/store/skuimg/2021/04/[4004000000039]_20210415142055860.jpg','얼 그레이 티 아이스(ICE)',50,0,4500,0,'tall',355,0,0,9),(1339,'https://image.istarbucks.co.kr/upload/store/skuimg/2021/04/[4004000000039]_20210415142055860.jpg','얼 그레이 티 아이스(ICE)',115,0,5500,0,'venti',591,0,0,9),(1340,'https://image.istarbucks.co.kr/upload/store/skuimg/2021/04/[4004000000036]_20210415143933425.jpg','얼 그레이 티 핫 (HOT)',70,0,4500,0,'tall',355,0,0,9),(1341,'https://image.istarbucks.co.kr/upload/store/skuimg/2021/04/[4004000000036]_20210415143933425.jpg','얼 그레이 티 핫 (HOT)',120,0,5500,0,'venti',591,0,0,9),(1342,'https://image.istarbucks.co.kr/upload/store/skuimg/2021/04/[9200000000229]_20210415142219481.jpg','유스베리 티 아이스 (ICE)',20,0,4500,0,'tall',355,0,0,9),(1343,'https://image.istarbucks.co.kr/upload/store/skuimg/2021/04/[9200000000229]_20210415142219481.jpg','유스베리 티 아이스 (ICE)',40,0,5500,0,'venti',591,0,0,9),(1344,'https://image.istarbucks.co.kr/upload/store/skuimg/2021/04/[9200000000226]_20210415144434521.jpg','유스베리 티 핫 (HOT)',20,0,4500,0,'tall',355,0,0,9),(1345,'https://image.istarbucks.co.kr/upload/store/skuimg/2021/04/[9200000000226]_20210415144434521.jpg','유스베리 티 핫 (HOT)',40,0,5500,0,'venti',591,0,0,9),(1346,'https://image.istarbucks.co.kr/upload/store/skuimg/2021/04/[4004000000019]_20210415142323353.jpg','잉글리쉬 브렉퍼스트 티 아이스 (ICE)',40,0,4500,0,'tall',355,0,0,9),(1347,'https://image.istarbucks.co.kr/upload/store/skuimg/2021/04/[4004000000019]_20210415142323353.jpg','잉글리쉬 브렉퍼스트 티 아이스 (ICE)',115,0,5500,0,'venti',591,0,0,9),(1348,'https://image.istarbucks.co.kr/upload/store/skuimg/2021/04/[4004000000016]_20210415153648533.jpg','잉글리쉬 브렉퍼스트 티 핫 (HOT)',70,0,4500,0,'tall',355,0,0,9),(1349,'https://image.istarbucks.co.kr/upload/store/skuimg/2021/04/[4004000000016]_20210415153648533.jpg','잉글리쉬 브렉퍼스트 티 핫 (HOT)',150,0,5500,0,'venti',591,0,0,9),(1350,'https://image.istarbucks.co.kr/upload/store/skuimg/2022/09/[9200000004308]_20220916101121079.jpg','바닐라 아포가토',75,210,5900,1,'Solo',22,17,0,9),(1351,'https://image.istarbucks.co.kr/upload/store/skuimg/2022/09/[9200000004309]_20220916101221637.jpg','초코릿 아포가토',75,225,5900,1,'Solo',22,22,0,9),(1352,'https://image.istarbucks.co.kr/upload/store/skuimg/2022/09/[9200000004310]_20220916101314291.jpg','자바 칩 바닐라 아포가토',80,240,6600,1,'Solo',22,20,0,9),(1353,'https://image.istarbucks.co.kr/upload/store/skuimg/2022/09/[9200000004311]_20220916101359812.jpg','자바 칩 초콜릿 아포가토',80,255,6600,1,'Solo',22,25,0,9),(1354,'https://www.mmthcoffee.com/files/menu/f32901974928a36d3e5785397f94577e.png','아메리카노 (ICE)',243,15,2800,2,'20oz',591,0,0,10),(1355,'https://www.mmthcoffee.com/files/menu/f32901974928a36d3e5785397f94577e.png','아메리카노 (HOT)',243,15,2800,2,'16oz',473,0,0,10),(1356,'https://www.mmthcoffee.com/files/menu/19266e6e5120bd4187b76ad779ac5370.png','아몬드 아메리카노 (ICE)',243,161,3100,2,'20oz',591,35,0,10),(1357,'https://www.mmthcoffee.com/files/menu/19266e6e5120bd4187b76ad779ac5370.png','아몬드 아메리카노 (HOT)',243,161,3100,2,'16oz',473,35,0,10),(1358,'https://www.mmthcoffee.com/files/menu/cc9e578f88cbbc9734365b237b725fe8.png','꿀 커피 (ICE)',243,132,3100,2,'20oz',591,32,0,10),(1359,'https://www.mmthcoffee.com/files/menu/cc9e578f88cbbc9734365b237b725fe8.png','꿀 커피 (HOT)',243,132,3100,2,'16oz',473,32,0,10),(1360,'https://www.mmthcoffee.com/files/menu/9175b36f0b1c02c88619b195a4b6bec0.png','카페 라떼 (ICE)',243,171,3400,2,'20oz',591,11,0,10),(1361,'https://www.mmthcoffee.com/files/menu/9175b36f0b1c02c88619b195a4b6bec0.png','카페 라떼 (HOT)',243,223,3400,2,'16oz',473,14,0,10),(1362,'https://www.mmthcoffee.com/files/menu/dd889fd7d1265d386e18be6e1a2385a3.png','꿀 라떼 (ICE)',243,284,3700,2,'20oz',591,43,0,10),(1363,'https://www.mmthcoffee.com/files/menu/dd889fd7d1265d386e18be6e1a2385a3.png','꿀 라떼 (HOT)',243,334,3700,2,'16oz',473,46,0,10),(1364,'https://www.mmthcoffee.com/files/menu/1c1e9e247c1f007fe74c1431eaf4b62f.png','꿀바나 라떼 (ICE)',243,227,4000,2,'20oz',591,27,0,10),(1365,'https://www.mmthcoffee.com/files/menu/1c1e9e247c1f007fe74c1431eaf4b62f.png','꿀바나 라떼 (HOT)',243,279,4000,2,'16oz',473,30,0,10),(1366,'https://www.mmthcoffee.com/files/menu/1b506f99ed6a5ca7897df5dd9bd66817.png','카푸치노 (ICE)',243,171,3400,2,'20oz',591,11,0,10),(1367,'https://www.mmthcoffee.com/files/menu/1b506f99ed6a5ca7897df5dd9bd66817.png','카푸치노 (HOT)',243,184,3400,2,'16oz',473,12,0,10),(1368,'https://www.mmthcoffee.com/files/menu/92554d792c11d8c27de6a02cb8581215.png','아몬드 라떼 (ICE)',243,277,3700,2,'20oz',591,62,0,10),(1369,'https://www.mmthcoffee.com/files/menu/92554d792c11d8c27de6a02cb8581215.png','아몬드 라떼 (HOT)',243,329,3700,2,'16oz',473,66,0,10),(1370,'https://www.mmthcoffee.com/files/menu/ffd8924505c0e07b51bd3312129a3b5d.png','바닐라 라떼 (ICE)',243,332,3700,2,'20oz',591,33,0,10),(1371,'https://www.mmthcoffee.com/files/menu/ffd8924505c0e07b51bd3312129a3b5d.png','바닐라 라떼 (HOT)',243,384,3700,2,'16oz',473,37,0,10),(1372,'https://www.mmthcoffee.com/files/menu/dff91edf2b9e2d8fc0bf775dcf021a66.png','카라멜 마키아토 (ICE)',243,324,4000,2,'20oz',591,44,0,10),(1373,'https://www.mmthcoffee.com/files/menu/dff91edf2b9e2d8fc0bf775dcf021a66.png','카라멜 마키아토 (HOT)',243,376,4000,2,'16oz',473,48,0,10),(1374,'https://www.mmthcoffee.com/files/menu/939b184079acc4f48e5a46d420ba2104.png','카페 모카 (ICE)',243,272,3700,2,'20oz',591,33,0,10),(1375,'https://www.mmthcoffee.com/files/menu/939b184079acc4f48e5a46d420ba2104.png','카페 모카 (HOT)',243,324,3700,2,'16oz',473,37,0,10),(1376,'https://www.mmthcoffee.com/files/menu/7c6642abcaa65ac69420708541273250.png','티라미수 라떼 (ICE)',243,451,4300,2,'20oz',591,52,0,10),(1377,'https://www.mmthcoffee.com/files/menu/7c6642abcaa65ac69420708541273250.png','티라미수 라떼 (HOT)',243,503,4300,2,'16oz',473,56,0,10),(1378,'https://www.mmthcoffee.com/files/menu/9fc04e0320170934c5eed41248bbdbe6.png','헤이즐넛 커피 (ICE)',244,172,3700,2,'20oz',591,19,0,10),(1379,'https://www.mmthcoffee.com/files/menu/9fc04e0320170934c5eed41248bbdbe6.png','헤이즐넛 커피 (HOT)',244,172,3700,2,'16oz',473,19,0,10),(1380,'https://www.mmthcoffee.com/files/menu/2f0159d810332d749f90cc761a8e8893.png','헤이즐넛 모카 (ICE)',244,431,4300,2,'20oz',591,40,0,10),(1381,'https://www.mmthcoffee.com/files/menu/2f0159d810332d749f90cc761a8e8893.png','헤이즐넛 모카 (HOT)',244,483,4300,2,'16oz',473,43,0,10),(1382,'https://www.mmthcoffee.com/files/menu/0c0bb9c8709eb9d3ffcfc6aaeb2203a6.png','코코넛 사이공 라떼 (ICE)',243,385,4000,2,'20oz',591,36,0,10),(1383,'https://www.mmthcoffee.com/files/menu/0c0bb9c8709eb9d3ffcfc6aaeb2203a6.png','코코넛 사이공 라떼 (HOT)',243,437,4000,2,'16oz',473,40,0,10),(1384,'https://www.mmthcoffee.com/files/menu/d3d58dca9be42cfbd8af8cbf15763a2d.png','돌체 라떼 (ICE)',243,435,4000,2,'20oz',591,48,0,10),(1385,'https://www.mmthcoffee.com/files/menu/d3d58dca9be42cfbd8af8cbf15763a2d.png','돌체 라떼 (HOT)',243,480,4000,2,'16oz',473,52,0,10),(1386,'https://www.mmthcoffee.com/files/menu/c1575ebdf8c3d19e6a5bede61f3f228d.png','달고나 카페 라떼 (ICE)',243,381,4800,2,'20oz',591,54,0,10),(1387,'https://www.mmthcoffee.com/files/menu/3d16f286fe5ff786b7ae501f71c31cda.png','콜드브루 (ICE)',115,9,2600,0,'20oz',591,0,0,10),(1388,'https://www.mmthcoffee.com/files/menu/3d16f286fe5ff786b7ae501f71c31cda.png','콜드브루 (HOT)',115,9,2600,0,'16oz',473,0,0,10),(1389,'https://www.mmthcoffee.com/files/menu/3d5b685fc8185ec4eeecb856f5fe4f50.png','콜드브루 라떼 (ICE)',154,155,3300,0,'20oz',591,0,0,10),(1390,'https://www.mmthcoffee.com/files/menu/439eb54e009db65f3ba770224e63023e.png','돌체 콜드브루 라떼 (ICE)',154,343,3800,0,'20oz',591,43,0,10),(1391,'https://www.mmthcoffee.com/files/menu/ffbfa26d0a19c85c516b0b7bcb634fdf.png','레몬토닉 콜드브루 (ICE)',115,173,4000,0,'20oz',591,40,0,10),(1392,'https://www.mmthcoffee.com/files/menu/f3aea45bb2e80b9ac8e9a4e2c3114128.png','코코넛 크림 콜드브루 라떼 (ICE)',115,279,4000,0,'20oz',591,28,0,10),(1393,'https://www.mmthcoffee.com/files/menu/62f3e73de55fa8d2ef87c64fcf2ec74b.png','아몬드 크림 콜드브루 (ICE)',115,283,3400,0,'20oz',591,40,0,10),(1394,'https://www.mmthcoffee.com/files/menu/c1693c215949f4e61a1ab5d2cb03da58.png','디카페인 콜드브루 (ICE)',2,5,3100,0,'20oz',591,0,0,10),(1395,'https://www.mmthcoffee.com/files/menu/c1693c215949f4e61a1ab5d2cb03da58.png','디카페인 콜드브루 (HOT)',3,7,3100,0,'16oz',473,0,0,10),(1396,'https://www.mmthcoffee.com/files/menu/71b528ca56cd4e4674bab75ee220278e.png','디카페인 콜드브루 라떼 (ICE)',3,150,3800,0,'20oz',591,10,0,10),(1397,'https://www.mmthcoffee.com/files/menu/f5c151abc0ac0f777bf3561e1904fc42.png','디카페인 돌체 콜드브루 라떼 (ICE)',3,338,4300,0,'20oz',591,43,0,10),(1398,'https://www.mmthcoffee.com/files/menu/5d7162936be240b85ac33eb59695723a.png','디카페인 레몬토닉 콜드브루 (ICE)',2,169,4500,0,'20oz',591,41,0,10),(1399,'https://www.mmthcoffee.com/files/menu/2a450db698bb910f87c43f63a71650c6.png','디카페인 코코넛 크림 콜드브루 라떼 (ICE)',2,275,4500,0,'20oz',591,28,1,10),(1400,'https://www.mmthcoffee.com/files/menu/90fe25d5ea54f5817a2a796fc8cd895a.png','디카페인 아몬드크림 콜드브루 (ICE)',2,279,3900,0,'20oz',591,40,1,10),(1401,'https://www.mmthcoffee.com/files/menu/5049ff29374c47a6e96ada2694a83227.png','초코 라떼 (ICE)',0,341,3400,0,'20oz',591,37,0,10),(1402,'https://www.mmthcoffee.com/files/menu/5049ff29374c47a6e96ada2694a83227.png','초코 라떼 (HOT)',0,393,3400,0,'16oz',473,41,0,10),(1403,'https://www.mmthcoffee.com/files/menu/00e6d8754cbbe9595a8c79eb2a8a6b0f.png','콩가루 라떼 (ICE)',0,324,3400,0,'20oz',591,18,0,10),(1404,'https://www.mmthcoffee.com/files/menu/00e6d8754cbbe9595a8c79eb2a8a6b0f.png','콩가루 라떼 (HOT)',0,345,3400,0,'16oz',473,18,0,10),(1405,'https://www.mmthcoffee.com/files/menu/7b635b2814e4f18d06f8b64e1c9c1a3d.png','그린티 라떼 (ICE)',88,335,3700,0,'20oz',591,49,0,10),(1406,'https://www.mmthcoffee.com/files/menu/7b635b2814e4f18d06f8b64e1c9c1a3d.png','그린티 라떼 (HOT)',88,387,3700,0,'16oz',473,52,0,10),(1407,'https://www.mmthcoffee.com/files/menu/a2c45f96177e57bfe70d812075f83e40.png','차이티 라떼 (ICE)',45,356,3700,0,'20oz',591,40,0,10),(1408,'https://www.mmthcoffee.com/files/menu/a2c45f96177e57bfe70d812075f83e40.png','차이티 라떼 (HOT)',45,408,3700,0,'16oz',473,44,0,10),(1409,'https://www.mmthcoffee.com/files/menu/7c4f45669da7f9792914cfe0fcb5aeec.png','메론바나 라떼 (ICE)',0,369,3700,0,'20oz',591,58,0,10),(1410,'https://www.mmthcoffee.com/files/menu/7c4f45669da7f9792914cfe0fcb5aeec.png','메론바나 라떼 (HOT)',0,421,3700,0,'16oz',473,61,0,10),(1411,'https://www.mmthcoffee.com/files/menu/6d15003fc017fe670661c971a2f591dc.png','옥수수 라떼 (ICE)',0,342,3400,0,'20oz',591,35,0,10),(1412,'https://www.mmthcoffee.com/files/menu/6d15003fc017fe670661c971a2f591dc.png','옥수수 라떼 (HOT)',0,394,3400,0,'16oz',473,39,0,10),(1413,'https://www.mmthcoffee.com/files/menu/70cfe628d7662a26375529a3fc2a1e1c.png','고구마 라떼 (ICE)',0,476,3400,0,'20oz',591,33,0,10),(1414,'https://www.mmthcoffee.com/files/menu/70cfe628d7662a26375529a3fc2a1e1c.png','고구마 라떼 (HOT)',0,464,3400,0,'16oz',473,32,0,10),(1415,'https://www.mmthcoffee.com/files/menu/30160bc22bc433b8edb521605859e00f.png','딸기 크림 라떼 (ICE)',0,442,3900,0,'20oz',591,54,1,10),(1416,'https://www.mmthcoffee.com/files/menu/aa565cf1f6fe218a5caa86bde9040c02.png','달고나 밀크티 (ICE)',22,401,4500,0,'20oz',591,62,0,10),(1417,'https://www.mmthcoffee.com/files/menu/aa565cf1f6fe218a5caa86bde9040c02.png','달고나 밀크티 (HOT)',22,453,4500,0,'16oz',473,66,0,10),(1418,'https://www.mmthcoffee.com/files/menu/d101c2f9a1589fd4f228c689d37f94a0.png','밀크티 (HOT)',21,196,4000,0,'16oz',473,21,0,10),(1419,'https://www.mmthcoffee.com/files/menu/71b1c14603820a7816d85036d6211d5f.png','우롱 밀크티 (ICE)',45,320,4000,0,'20oz',591,48,0,10),(1420,'https://www.mmthcoffee.com/files/menu/71b1c14603820a7816d85036d6211d5f.png','우롱 밀크티 (HOT)',45,372,4000,0,'16oz',473,51,0,10),(1421,'https://www.mmthcoffee.com/files/menu/8bd516310db2c369c5b35b847361938e.png','오렌지 아일랜드티 (ICE)',0,155,4000,0,'20oz',591,37,0,10),(1422,'https://www.mmthcoffee.com/files/menu/8bd516310db2c369c5b35b847361938e.png','오렌지 아일랜드티 (HOT)',0,155,4000,0,'16oz',473,37,0,10),(1423,'https://www.mmthcoffee.com/files/menu/7d5f45197c8a990680002a40312d0c28.png','페퍼민트 라임티 (ICE)',0,105,4500,0,'20oz',591,25,0,10),(1424,'https://www.mmthcoffee.com/files/menu/7d5f45197c8a990680002a40312d0c28.png','페퍼민트 라임티 (HOT)',0,106,4500,0,'16oz',473,25,0,10),(1425,'https://www.mmthcoffee.com/files/menu/06bc077b51d9bfd97e3db91ca9a2c7b6.png','리얼 레몬티 (ICE)',12,161,4000,0,'20oz',591,36,0,10),(1426,'https://www.mmthcoffee.com/files/menu/06bc077b51d9bfd97e3db91ca9a2c7b6.png','리얼 레몬티 (HOT)',21,167,4000,0,'16oz',473,36,0,10),(1427,'https://www.mmthcoffee.com/files/menu/6f05fe998b83a037d4f4cdb84347c0ed.png','페퍼민트티 (ICE)',0,5,3700,0,'20oz',591,0,0,10),(1428,'https://www.mmthcoffee.com/files/menu/6f05fe998b83a037d4f4cdb84347c0ed.png','페퍼민트티 (HOT)',0,7,3700,0,'16oz',473,0,0,10),(1429,'https://www.mmthcoffee.com/files/menu/5db721802768bfa14fc4ef7c590c91fc.png','캐모마일티 (ICE)',0,3,3700,0,'20oz',591,0,0,10),(1430,'https://www.mmthcoffee.com/files/menu/5db721802768bfa14fc4ef7c590c91fc.png','캐모마일티 (HOT)',0,5,3700,0,'16oz',473,0,0,10),(1431,'https://www.mmthcoffee.com/files/menu/f045b1be010802d7d94ed71c76f8a59a.png','레몬&오렌지티 (ICE)',88,5,3700,0,'20oz',591,0,0,10),(1432,'https://www.mmthcoffee.com/files/menu/f045b1be010802d7d94ed71c76f8a59a.png','레몬&오렌지티 (HOT)',208,7,3700,0,'16oz',473,0,0,10),(1433,'https://www.mmthcoffee.com/files/menu/0bb367a1b346d908019a8fc672a79ea0.png','얼그레이티 (ICE)',56,3,3700,0,'20oz',591,0,0,10),(1434,'https://www.mmthcoffee.com/files/menu/0bb367a1b346d908019a8fc672a79ea0.png','얼그레이티 (HOT)',132,5,3700,0,'16oz',473,0,0,10),(1435,'https://www.mmthcoffee.com/files/menu/9764a11cd4cbd18cd8496de20d461575.png','레몬 착즙주스 (ICE)',0,79,3400,0,'20oz',591,18,0,10),(1436,'https://www.mmthcoffee.com/files/menu/63f2deb936273b32de18f9a1f4c74067.png','자몽 착즙주스 (ICE)',0,107,4500,0,'20oz',591,27,0,10),(1437,'https://www.mmthcoffee.com/files/menu/6cd992a2d4c96921cdbe5f32e3302e20.png','오렌지 착즙주스 (ICE)',0,122,4500,0,'20oz',591,29,0,10),(1438,'https://www.mmthcoffee.com/files/menu/d1b26fd2a2ea839e59e4f8ea8c7464a3.png','라임 착즙주스 (ICE)',0,72,4500,0,'20oz',591,16,0,10),(1439,'https://www.mmthcoffee.com/files/menu/6f3da9bd80ebfcd0ac23e110e8598572.png','블루레몬 티 / 에이드 (ICE)',0,409,3700,0,'20oz',591,97,0,10),(1440,'https://www.mmthcoffee.com/files/menu/6f3da9bd80ebfcd0ac23e110e8598572.png','블루레몬 티 / 에이드 (HOT)',0,264,3700,0,'16oz',473,63,0,10),(1441,'https://www.mmthcoffee.com/files/menu/f6589c4eca1fe16c8963322f91e03e69.png','자몽 티 / 에이드 (ICE)',0,270,4800,0,'20oz',591,64,0,10),(1442,'https://www.mmthcoffee.com/files/menu/f6589c4eca1fe16c8963322f91e03e69.png','자몽 티 / 에이드 (HOT)',0,172,4800,0,'16oz',473,42,0,10),(1443,'https://www.mmthcoffee.com/files/menu/fe1e7c8efe8b515d57004eb9cdc43792.png','오렌지 티 / 에이드 (ICE)',0,289,4800,0,'20oz',591,66,0,10),(1444,'https://www.mmthcoffee.com/files/menu/fe1e7c8efe8b515d57004eb9cdc43792.png','오렌지 티 / 에이드 (HOT)',0,192,4800,0,'16oz',473,43,0,10),(1445,'https://www.mmthcoffee.com/files/menu/d6dcb261fee4df03cc1ae5a00cf54442.png','라임 티 / 에이드 (ICE)',0,287,4800,0,'20oz',591,68,0,10),(1446,'https://www.mmthcoffee.com/files/menu/d6dcb261fee4df03cc1ae5a00cf54442.png','라임 티 / 에이드 (HOT)',0,142,4800,0,'16oz',473,34,0,10),(1447,'https://www.mmthcoffee.com/files/menu/85f48e9da36861d4323824df0c5e654c.png','청포도 에이드 (ICE)',0,363,4800,0,'20oz',591,68,0,10),(1448,'https://www.mmthcoffee.com/files/menu/08059fd01be6c467aba472f086e74f80.png','오미자 크랜베리 티 / 에이드 (ICE)',0,388,4800,0,'20oz',591,292,0,10),(1449,'https://www.mmthcoffee.com/files/menu/08059fd01be6c467aba472f086e74f80.png','오미자 크랜베리 티 / 에이드 (HOT)',0,187,4800,0,'16oz',473,242,0,10),(1450,'https://www.mmthcoffee.com/files/menu/9bdf25a4f5753d939a53651b56083ca4.png','라임 레몬 깔라만시 티 / 에이드 (ICE)',0,217,4800,0,'20oz',591,52,0,10),(1451,'https://www.mmthcoffee.com/files/menu/9bdf25a4f5753d939a53651b56083ca4.png','라임 레몬 깔라만시 티 / 에이드 (HOT)',0,28,4800,0,'16oz',473,5,0,10),(1452,'https://www.mmthcoffee.com/files/menu/2ed7f2b5b094c6fb3bf915a6bd8b9695.png','유자 티 / 에이드 (ICE)',0,329,3400,0,'20oz',591,70,0,10),(1453,'https://www.mmthcoffee.com/files/menu/2ed7f2b5b094c6fb3bf915a6bd8b9695.png','유자 티 / 에이드 (HOT)',0,280,3400,0,'16oz',473,55,0,10),(1454,'https://www.mmthcoffee.com/files/menu/ad6881d775fc47e0ccba3be172dfaaae.png','인크레드불 (ICE)',62,184,3000,0,'20oz',591,41,0,10),(1455,'https://www.mmthcoffee.com/files/menu/98c64c1d3e058efb08ecf0e11112fa22.png','인크레드불 화이트 (ICE)',62,201,3000,0,'20oz',591,45,0,10),(1456,'https://www.mmthcoffee.com/files/menu/ce57f026da2a5da9a56c9e1bf415faf2.png','코코넛 커피 스무디 (ICE)',243,723,4800,2,'20oz',591,80,0,10),(1457,'https://www.mmthcoffee.com/files/menu/313533c897603f9fa71e06a5ce5aa7c1.png','자바칩 프라페 (ICE)',86,496,4800,0,'20oz',591,63,1,10),(1458,'https://www.mmthcoffee.com/files/menu/f0717259e9b060be6bb2008170aad6dd.png','쿠앤크 프라페 (ICE)',0,612,4800,0,'20oz',591,53,1,10),(1459,'https://www.mmthcoffee.com/files/menu/fef1a2d0205394fe8bf020ab808356b9.png','플레인 요거트 스무디 (ICE)',0,368,4500,0,'20oz',591,52,0,10),(1460,'https://www.mmthcoffee.com/files/menu/3a3e0405ca37731e94f9e90423784df3.png','블루베리 요거트 스무디 (ICE)',0,471,4800,0,'20oz',591,71,0,10),(1461,'https://www.mmthcoffee.com/files/menu/b4c682027524e83ac853ffc2d6c95746.png','복숭아 요거트 스무디 (ICE)',0,340,4800,0,'20oz',591,55,0,10),(1462,'https://www.mmthcoffee.com/files/menu/d2d25ee1074aced4b5b3be0b4e851d25.png','딸기 요거트 스무디 (ICE)',0,440,4800,0,'20oz',591,69,0,10),(1463,'https://www.mmthcoffee.com/files/menu/b6e99a20a8407676de8167d5582c93c0.png','딸기 스무디 (ICE)',0,484,4500,0,'20oz',591,86,0,10),(1464,'https://www.mmthcoffee.com/files/menu/f6f251bb72d4c03fec21556e39a05e97.png','복숭아 스무디 (ICE)',0,482,4500,0,'20oz',591,85,0,10),(1465,'https://www.mmthcoffee.com/files/menu/e19ba6c753becd1054d46035093baec5.png','솜사탕 쉐이크 (ICE)',0,599,3900,0,'20oz',591,76,0,10),(1466,'https://www.mmthcoffee.com/files/menu/7724fb682fc6866206ef6be043fa8752.png','달고나 밀크 스무디 (ICE)',0,571,5300,0,'20oz',591,87,0,10),(1467,'https://www.mmthcoffee.com/files/menu/c32b6eb3e893b65d8efd80c572d8b74c.png','그린티 프라페 (ICE)',147,429,4800,0,'20oz',591,72,1,10),(1468,'https://www.mmthcoffee.com/files/menu/d6ae6cac2b90ef0a40fe3ab93f8dd69d.png','스트로베리 바닐라 프라페 (ICE)',0,582,4800,0,'20oz',591,72,1,10),(1469,'https://www.mmthcoffee.com/files/menu/5881127d8d20fd1c1f1441fe55555cdc.png','피스타치오 프라페 (ICE)',0,608,4800,0,'20oz',591,58,1,10),(1470,'https://www.mmthcoffee.com/files/menu/fd27e541252a22afbcd5432fdd372f34.png','매머드 커피',486,30,4000,4,'32oz',946,0,0,10),(1471,'https://www.mmthcoffee.com/files/menu/cc7b52754c7ed81b8eed9c91c362f41f.png','스노우 매머드 커피',243,426,4800,2,'32oz',946,55,0,10),(1472,'https://www.mmthcoffee.com/files/menu/290c2692e89f2fa4050f3356c5d97429.png','허니베리 홍초 에이드',0,309,4800,0,'32oz',946,70,0,10),(1473,'https://www.mmthcoffee.com/files/menu/da1e46e45e20db20f83b80aa9dfee0a4.png','패션 오렌지 아이스티',0,205,4800,0,'32oz',946,47,0,10),(1474,'https://admin.hollys.co.kr/upload/menu/etc/menuEtc_202205100950406030.png','사과 비트 착즙 주스',0,123,5600,0,'Regular',354,25,0,11),(1475,'https://admin.hollys.co.kr/upload/menu/etc/menuEtc_202210310252098460.png','오렌지 당근 착즙 주스',0,120,5600,0,'Regular',354,23,0,11),(1476,'https://admin.hollys.co.kr/upload/menu/etc/menuEtc_202205100951325540.png','청포도케일 착즙주스',0,127,5600,0,'Regular',354,27,0,11),(1477,'https://admin.hollys.co.kr/upload/menu/etc/menuEtc_202210110501230160.png','제주 한라봉감귤차 아이스(ICED)',0,198,4900,0,'Regular',354,48,0,11),(1478,'https://admin.hollys.co.kr/upload/menu/etc/menuEtc_202210110501230160.png','제주 한라봉감귤차 핫(HOT)',0,198,4900,0,'Regular',354,48,0,11),(1479,'https://admin.hollys.co.kr/upload/menu/etc/menuEtc_202211230143139820.png','해남 녹차 아이스(ICED)',25,3,4500,0,'Regular',354,0,0,11),(1480,'https://admin.hollys.co.kr/upload/menu/etc/menuEtc_202211230143139820.png','해남 녹차 핫(HOT)',25,3,4500,0,'Regular',354,0,0,11),(1481,'https://admin.hollys.co.kr/upload/menu/etc/menuEtc_201704140253086290.png','그린티라떼 아이스(ICED)',50,198,5800,1,'Regular',354,27,0,11),(1482,'https://admin.hollys.co.kr/upload/menu/etc/menuEtc_201704140253086290.png','그린티라떼 아이스(ICED)',66,198,6300,1,'Grande',472,35,0,11),(1483,'https://admin.hollys.co.kr/upload/menu/etc/menuEtc_201704140253086290.png','그린티라떼 핫(HOT)',50,258,5800,1,'Regular',354,31,0,11),(1484,'https://admin.hollys.co.kr/upload/menu/etc/menuEtc_201704140253086290.png','그린티라떼 핫(HOT)',66,343,6300,1,'Grande',472,41,0,11),(1485,'https://admin.hollys.co.kr/upload/menu/etc/menuEtc_202110010932090340.png','민트초코 아이스(ICED)',1,315,5600,0,'Regular',354,46,1,11),(1486,'https://admin.hollys.co.kr/upload/menu/etc/menuEtc_202110010932090340.png','민트초코 아이스(ICED)',1,418,6100,0,'Grande',472,61,1,11),(1487,'https://admin.hollys.co.kr/upload/menu/etc/menuEtc_202110010932090340.png','민트초코 핫(HOT)',1,417,5600,0,'Regular',354,54,1,11),(1488,'https://admin.hollys.co.kr/upload/menu/etc/menuEtc_202110010932090340.png','민트초코 핫(HOT)',1,554,6100,0,'Grande',472,71,1,11),(1489,'https://admin.hollys.co.kr/upload/menu/etc/menuEtc_202210310244244210.png','밀크티라떼 아이스(ICED)',72,198,5800,1,'Regular',354,27,0,11),(1490,'https://admin.hollys.co.kr/upload/menu/etc/menuEtc_202210310244244210.png','밀크티라떼 아이스(ICED)',95,263,6300,1,'Grande',472,35,0,11),(1491,'https://admin.hollys.co.kr/upload/menu/etc/menuEtc_202210310244244210.png','밀크티라떼 핫(HOT)',72,254,5800,1,'Regular',354,32,0,11),(1492,'https://admin.hollys.co.kr/upload/menu/etc/menuEtc_202210310244244210.png','밀크티라떼 핫(HOT)',95,337,6300,1,'Grande',472,42,0,11),(1493,'https://admin.hollys.co.kr/upload/menu/etc/menuEtc_202211030915507170.png','우리 고구마 라떼 아이스(ICED)',0,237,5500,0,'Regular',354,26,0,11),(1494,'https://admin.hollys.co.kr/upload/menu/etc/menuEtc_202211030915507170.png','우리 고구마 라떼 아이스(ICED)',0,315,6000,0,'Grande',472,34,0,11),(1495,'https://admin.hollys.co.kr/upload/menu/etc/menuEtc_202211030915507170.png','우리 고구마 라떼 핫(HOT)',0,329,5500,0,'Regular',354,36,0,11),(1496,'https://admin.hollys.co.kr/upload/menu/etc/menuEtc_202211030915507170.png','우리 고구마 라떼 핫(HOT)',0,437,6000,0,'Grande',472,47,0,11),(1497,'https://admin.hollys.co.kr/upload/menu/etc/menuEtc_202211220637225060.png','복숭아 얼그레이 아이스(ICED)',33,109,5500,0,'Regular',354,26,0,11),(1498,'https://admin.hollys.co.kr/upload/menu/etc/menuEtc_202211220637225060.png','복숭아 얼그레이 아이스(ICED)',43,144,6000,0,'Grande',472,34,0,11),(1499,'https://admin.hollys.co.kr/upload/menu/etc/menuEtc_202211220637225060.png','복숭아 얼그레이 핫(HOT)',33,109,5500,0,'Regular',354,26,0,11),(1500,'https://admin.hollys.co.kr/upload/menu/etc/menuEtc_202211220637225060.png','복숭아 얼그레이 핫(HOT)',43,144,6000,0,'Grande',472,34,0,11),(1501,'https://admin.hollys.co.kr/upload/menu/etc/menuEtc_202205100935530520.png','그린티 할리치노(ICED)',99,279,6100,2,'Regular',354,56,1,11),(1502,'https://admin.hollys.co.kr/upload/menu/etc/menuEtc_202205100935530520.png','그린티 할리치노(ICED)',131,371,6600,2,'Grande',472,74,1,11),(1503,'https://admin.hollys.co.kr/upload/menu/etc/menuEtc_202205100937026020.png','다크초코칩 할리치노(ICED)',13,545,6300,0,'Regular',354,47,1,11),(1504,'https://admin.hollys.co.kr/upload/menu/etc/menuEtc_202205100937026020.png','다크초코칩 할리치노(ICED)',17,724,6800,0,'Grande',472,62,1,11),(1505,'https://admin.hollys.co.kr/upload/menu/etc/menuEtc_202205100937335850.png','딸기 스무디(ICED)',0,247,6000,0,'Regular',354,44,0,11),(1506,'https://admin.hollys.co.kr/upload/menu/etc/menuEtc_202210110502160930.png','딸기 치즈케익 할리치노',0,315,6100,0,'Regular',354,35,1,11),(1507,'https://admin.hollys.co.kr/upload/menu/etc/menuEtc_202210110502160930.png','딸기 치즈케익 할리치노',0,418,6600,0,'Grande',472,46,1,11),(1508,'https://admin.hollys.co.kr/upload/menu/etc/menuEtc_202110010931501660.png','민트 초코칩 할리치노',1,375,6100,0,'Regular',354,57,1,11),(1509,'https://admin.hollys.co.kr/upload/menu/etc/menuEtc_202110010931501660.png','민트 초코칩 할리치노',1,498,6600,0,'Grande',472,75,1,11),(1510,'https://admin.hollys.co.kr/upload/menu/etc/menuEtc_202210110502441180.png','애플망고 스무디',0,258,6000,0,'Regular',354,49,0,11),(1511,'https://admin.hollys.co.kr/upload/menu/etc/menuEtc_202205100953397860.png','콜드브루 할리치노',91,208,5900,2,'Regular',354,32,1,11),(1512,'https://admin.hollys.co.kr/upload/menu/etc/menuEtc_202205100953397860.png','콜드브루 할리치노',121,276,6400,2,'Grande',472,42,1,11),(1513,'https://admin.hollys.co.kr/upload/menu/etc/menuEtc_202205100951097770.png','플레인 요거트 할리치노(ICED)',0,290,5900,0,'Regular',354,58,0,11),(1514,'https://admin.hollys.co.kr/upload/menu/etc/menuEtc_202205100951097770.png','플레인 요거트 할리치노(ICED)',0,385,6400,0,'Grande',472,77,0,11),(1515,'https://admin.hollys.co.kr/upload/menu/etc/menuEtc_202210310252296410.png','피치 딸기 크러쉬(ICED)',0,194,5900,0,'Regular',354,47,0,11),(1516,'https://admin.hollys.co.kr/upload/menu/etc/menuEtc_202210110458408540.png','복숭아 자두 스파클링(ICED)',0,179,5800,0,'Grande',472,43,0,11),(1517,'https://admin.hollys.co.kr/upload/menu/etc/menuEtc_202210110458199040.png','자몽 파인 스파클링',0,212,5800,0,'Grande',472,51,0,11),(1518,'https://admin.hollys.co.kr/upload/menu/etc/menuEtc_202210110458315470.png','청포도 스파클링',0,202,5800,0,'Grande',472,46,0,11),(1519,'https://admin.hollys.co.kr/upload/menu/etc/menuEtc_202211230139439940.png','고흥 유자차 아이스(ICED)',0,219,4900,0,'Regular',354,51,0,11),(1520,'https://admin.hollys.co.kr/upload/menu/etc/menuEtc_202211230139439940.png','고흥 유자차 핫(HOT)',0,219,4900,0,'Regular',354,51,0,11),(1521,'https://admin.hollys.co.kr/upload/menu/etc/menuEtc_202211220639114810.png','유자 캐모마일 아이스(ICED)',0,155,5500,0,'Regular',354,34,0,11),(1522,'https://admin.hollys.co.kr/upload/menu/etc/menuEtc_202211220639114810.png','유자 캐모마일 아이스(ICED)',0,206,6000,0,'Grande',472,45,0,11),(1523,'https://admin.hollys.co.kr/upload/menu/etc/menuEtc_202211220639114810.png','유자 캐모마일 핫(HOT)',0,155,5500,0,'Regular',354,34,0,11),(1524,'https://admin.hollys.co.kr/upload/menu/etc/menuEtc_202211220639114810.png','유자 캐모마일 핫(HOT)',0,206,6000,0,'Grande',472,45,0,11),(1525,'https://admin.hollys.co.kr/upload/menu/etc/menuEtc_202211230142517210.png','홍자몽차 아이스(ICED)',0,134,5300,0,'Regular',354,32,0,11),(1526,'https://admin.hollys.co.kr/upload/menu/etc/menuEtc_202211230142517210.png','홍자몽차 핫(HOT)',0,134,5300,0,'Regular',354,32,0,11),(1527,'https://admin.hollys.co.kr/upload/menu/etc/menuEtc_202003021038314320.png','더블샷 바닐라 딜라이트 아이스(ICED)',169,223,5900,2,'Regular',354,25,0,11),(1528,'https://admin.hollys.co.kr/upload/menu/etc/menuEtc_202003021038314320.png','더블샷 바닐라 딜라이트 핫(HOT)',169,279,5900,2,'Regular',354,31,0,11),(1529,'https://admin.hollys.co.kr/upload/menu/etc/menuEtc_202210310249534340.png','디카페인 아메리카노 아이스(ICED)',3,10,4900,0,'Regular',354,0,0,11),(1530,'https://admin.hollys.co.kr/upload/menu/etc/menuEtc_202210310249534340.png','디카페인 아메리카노 핫(HOT)',3,10,4900,0,'Regular',354,0,0,11),(1531,'https://admin.hollys.co.kr/upload/menu/etc/menuEtc_202205100952274340.png','디카페인 카페라떼 아이스(ICED)',3,120,5400,0,'Regular',354,9,0,11),(1532,'https://admin.hollys.co.kr/upload/menu/etc/menuEtc_202205100952274340.png','디카페인 카페라떼 핫(HOT)',3,187,5400,0,'Regular',354,14,0,11),(1533,'https://admin.hollys.co.kr/upload/menu/etc/menuEtc_202210310250218710.png','리스트레또 딜라이트 아이스(ICED)',93,166,5800,2,'Regular',354,18,0,11),(1534,'https://admin.hollys.co.kr/upload/menu/etc/menuEtc_202210310250218710.png','리스트레또 딜라이트 아이스(ICED)',123,220,6300,3,'Grande',472,23,0,11),(1535,'https://admin.hollys.co.kr/upload/menu/etc/menuEtc_202210310250218710.png','리스트레또 딜라이트 핫(HOT)',93,311,5800,2,'Regular',354,34,0,11),(1536,'https://admin.hollys.co.kr/upload/menu/etc/menuEtc_202210310250218710.png','리스트레또 딜라이트 핫(HOT)',123,413,6300,3,'Grande',472,45,0,11),(1537,'https://admin.hollys.co.kr/upload/menu/etc/menuEtc_202210110500272440.png','바닐라딜라이트 아이스(ICED)',80,208,5800,2,'Regular',354,25,0,11),(1538,'https://admin.hollys.co.kr/upload/menu/etc/menuEtc_202210110500272440.png','바닐라딜라이트 아이스(ICED)',106,276,6300,3,'Grande',472,33,0,11),(1539,'https://admin.hollys.co.kr/upload/menu/etc/menuEtc_202210110500272440.png','바닐라딜라이트 아이스(ICED)',132,345,6800,4,'Venti',591,41,0,11),(1540,'https://admin.hollys.co.kr/upload/menu/etc/menuEtc_202210110500272440.png','바닐라딜라이트 핫(HOT)',80,254,5800,2,'Regular',354,31,0,11),(1541,'https://admin.hollys.co.kr/upload/menu/etc/menuEtc_202210110500272440.png','바닐라딜라이트 핫(HOT)',106,337,6300,3,'Grande',472,41,0,11),(1542,'https://admin.hollys.co.kr/upload/menu/etc/menuEtc_202210110500272440.png','바닐라딜라이트 핫(HOT)',132,421,6800,4,'Venti',591,51,0,11),(1543,'https://admin.hollys.co.kr/upload/menu/etc/menuEtc_202208310252263900.png','아메리카노 아이스(ICED)',114,10,4500,2,'Regular',354,0,0,11),(1544,'https://admin.hollys.co.kr/upload/menu/etc/menuEtc_202208310252263900.png','아메리카노 아이스(ICED)',151,11,5000,3,'Grande',472,0,0,11),(1545,'https://admin.hollys.co.kr/upload/menu/etc/menuEtc_202208310252263900.png','아메리카노 아이스(ICED)',189,12,5500,4,'Venti',591,0,0,11),(1546,'https://admin.hollys.co.kr/upload/menu/etc/menuEtc_202208310252263900.png','아메리카노 핫(HOT)',114,10,4500,2,'Regular',354,0,0,11),(1547,'https://admin.hollys.co.kr/upload/menu/etc/menuEtc_202208310252263900.png','아메리카노 핫(HOT)',151,11,5000,3,'Grande',472,0,0,11),(1548,'https://admin.hollys.co.kr/upload/menu/etc/menuEtc_202208310252263900.png','아메리카노 핫(HOT)',189,12,5500,4,'Venti',591,0,0,11),(1549,'https://admin.hollys.co.kr/upload/menu/etc/coffee_img19.png','아포가토(ICED)',93,207,6200,2,'Regular',150,15,0,11),(1550,'https://admin.hollys.co.kr/upload/menu/etc/menuEtc_202210310250489580.png','카라멜 마키아또 아이스(ICED)',127,166,5900,2,'Regular',354,19,0,11),(1551,'https://admin.hollys.co.kr/upload/menu/etc/menuEtc_202210310250489580.png','카라멜 마키아또 아이스(ICED)',168,220,6400,3,'Grande',472,25,0,11),(1552,'https://admin.hollys.co.kr/upload/menu/etc/menuEtc_202210310250489580.png','카라멜 마키아또 핫(HOT)',127,240,5900,2,'Regular',354,24,0,11),(1553,'https://admin.hollys.co.kr/upload/menu/etc/menuEtc_202210310250489580.png','카라멜 마키아또 핫(HOT)',168,319,6400,3,'Grande',472,31,0,11),(1554,'https://admin.hollys.co.kr/upload/menu/etc/menuEtc_202208310252574560.png','카페라떼 아이스(ICED)',127,102,5000,2,'Regular',354,7,0,11),(1555,'https://admin.hollys.co.kr/upload/menu/etc/menuEtc_202208310252574560.png','카페라떼 아이스(ICED)',168,135,5500,3,'Grande',472,9,0,11),(1556,'https://admin.hollys.co.kr/upload/menu/etc/menuEtc_202208310252574560.png','카페라떼 아이스(ICED)',210,169,6000,4,'Venti',591,11,0,11),(1557,'https://admin.hollys.co.kr/upload/menu/etc/menuEtc_202208310252574560.png','카페라떼 핫(HOT)',127,180,5000,2,'Regular',354,13,0,11),(1558,'https://admin.hollys.co.kr/upload/menu/etc/menuEtc_202208310252574560.png','카페라떼 핫(HOT)',168,239,5500,3,'Grande',472,17,0,11),(1559,'https://admin.hollys.co.kr/upload/menu/etc/menuEtc_202208310252574560.png','카페라떼 핫(HOT)',210,298,6000,4,'Venti',591,21,0,11),(1560,'https://admin.hollys.co.kr/upload/menu/etc/menuEtc_202210310251043970.png','카페모카 아이스(ICED)',132,180,5500,2,'Regular',354,23,1,11),(1561,'https://admin.hollys.co.kr/upload/menu/etc/menuEtc_202210310251043970.png','카페모카 아이스(ICED)',175,239,6000,3,'Grande',472,30,1,11),(1562,'https://admin.hollys.co.kr/upload/menu/etc/menuEtc_202210310251043970.png','카페모카 핫(HOT)',132,251,5500,2,'Regular',354,28,1,11),(1563,'https://admin.hollys.co.kr/upload/menu/etc/menuEtc_202210310251043970.png','카페모카 핫(HOT)',175,333,6000,3,'Grande',472,37,1,11),(1564,'https://admin.hollys.co.kr/upload/menu/etc/menuEtc_201905220134475420.png','카푸치노 핫(HOT)',127,166,5000,2,'Regular',354,12,0,11),(1565,'https://admin.hollys.co.kr/upload/menu/etc/menuEtc_201905220134475420.png','카푸치노 핫(HOT)',168,220,5500,3,'Grande',472,15,0,11),(1566,'https://admin.hollys.co.kr/upload/menu/etc/menuEtc_202209050523340280.png','콜드브루 딜라이트 아이스(ICED)',183,205,6200,3,'Regular',354,24,0,11),(1567,'https://admin.hollys.co.kr/upload/menu/etc/menuEtc_202209050523340280.png','콜드브루 딜라이트 아이스(ICED)',243,272,6700,4,'Grande',472,31,0,11),(1568,'https://admin.hollys.co.kr/upload/menu/etc/menuEtc_202205100953196550.png','콜드브루 라떼 아이스(ICED)',183,123,5400,3,'Regular',354,9,0,11),(1569,'https://admin.hollys.co.kr/upload/menu/etc/menuEtc_202205100953196550.png','콜드브루 라떼 아이스(ICED)',243,163,5900,4,'Grande',472,11,0,11),(1570,'https://admin.hollys.co.kr/upload/menu/etc/menuEtc_202205100953196550.png','콜드브루 라떼 아이스(ICED)',303,204,6400,5,'Venti',591,14,0,11),(1571,'https://admin.hollys.co.kr/upload/menu/etc/menuEtc_202211210948287330.png','콜드브루 아이스(ICED)',183,10,4900,3,'Regular',354,0,0,11),(1572,'https://admin.hollys.co.kr/upload/menu/etc/menuEtc_202211210948287330.png','콜드브루 아이스(ICED)',243,11,5400,4,'Grande',472,0,0,11),(1573,'https://admin.hollys.co.kr/upload/menu/etc/menuEtc_202211210948287330.png','콜드브루 아이스(ICED)',303,12,5900,5,'Venti',591,0,0,11),(1574,'https://admin.hollys.co.kr/upload/menu/etc/menuEtc_202210110501025020.png','프리미엄 블렌드 딥라떼 아이스(ICED)',111,109,5400,2,'Regular',354,8,0,11),(1575,'https://admin.hollys.co.kr/upload/menu/etc/menuEtc_202210110501025020.png','프리미엄 블렌드 딥라떼 아이스(ICED)',147,144,5900,3,'Grande',472,10,0,11),(1576,'https://admin.hollys.co.kr/upload/menu/etc/menuEtc_202210110501025020.png','프리미엄 블렌드 딥라떼 아이스(ICED)',184,180,6400,4,'Venti',591,13,0,11),(1577,'https://admin.hollys.co.kr/upload/menu/etc/menuEtc_202210110501025020.png','프리미엄 블렌드 딥라떼 핫(HOT)',111,141,5400,2,'Regular',354,10,0,11),(1578,'https://admin.hollys.co.kr/upload/menu/etc/menuEtc_202210110501025020.png','프리미엄 블렌드 딥라떼 핫(HOT)',147,187,5900,3,'Grande',472,13,0,11),(1579,'https://admin.hollys.co.kr/upload/menu/etc/menuEtc_202210110501025020.png','프리미엄 블렌드 딥라떼 핫(HOT)',184,234,6400,4,'Venti',591,16,0,11),(1580,'https://admin.hollys.co.kr/upload/menu/etc/menuEtc_202205100954143020.png','프리미엄 블렌드 아메리카노 아이스(ICED)',233,14,4900,2,'Regular',354,0,0,11),(1581,'https://admin.hollys.co.kr/upload/menu/etc/menuEtc_202205100954143020.png','프리미엄 블렌드 아메리카노 아이스(ICED)',309,15,5400,3,'Grande',472,0,0,11),(1582,'https://admin.hollys.co.kr/upload/menu/etc/menuEtc_202205100954143020.png','프리미엄 블렌드 아메리카노 아이스(ICED)',386,16,5900,4,'Venti',591,0,0,11),(1583,'https://admin.hollys.co.kr/upload/menu/etc/menuEtc_202205100954143020.png','프리미엄 블렌드 아메리카노 핫(HOT)',233,14,4900,2,'Regular',354,0,0,11),(1584,'https://admin.hollys.co.kr/upload/menu/etc/menuEtc_202205100954143020.png','프리미엄 블렌드 아메리카노 핫(HOT)',309,15,5400,3,'Grande',472,0,0,11),(1585,'https://admin.hollys.co.kr/upload/menu/etc/menuEtc_202205100954143020.png','프리미엄 블렌드 아메리카노 핫(HOT)',386,16,5900,4,'Venti',591,0,0,11),(1586,'https://admin.hollys.co.kr/upload/menu/etc/menuEtc_202210310245157280.png','핫초코 아이스(ICED)',8,251,5400,0,'Regular',354,34,1,11),(1587,'https://admin.hollys.co.kr/upload/menu/etc/menuEtc_202210310245157280.png','핫초코 아이스(ICED)',10,333,5900,0,'Grande',472,45,1,11),(1588,'https://admin.hollys.co.kr/upload/menu/etc/menuEtc_202210310245157280.png','핫초코 핫(HOT)',8,315,5400,0,'Regular',354,39,1,11),(1589,'https://admin.hollys.co.kr/upload/menu/etc/menuEtc_202210310245157280.png','핫초코 핫(HOT)',10,418,5900,0,'Grande',472,51,1,11),(1590,'https://admin.hollys.co.kr/upload/menu/etc/menuEtc_202210310246124330.png','화이트초코 아이스(ICED)',23,258,5400,0,'Regular',354,35,1,11),(1591,'https://admin.hollys.co.kr/upload/menu/etc/menuEtc_202210310246124330.png','화이트초코 아이스(ICED)',30,343,5900,0,'Grande',472,46,1,11),(1592,'https://admin.hollys.co.kr/upload/menu/etc/menuEtc_202210310246124330.png','화이트초코 핫(HOT)',23,322,5400,0,'Regular',354,40,1,11),(1593,'https://admin.hollys.co.kr/upload/menu/etc/menuEtc_202210310246124330.png','화이트초코 핫(HOT)',30,428,5900,0,'Grande',472,53,1,11),(1594,'https://admin.hollys.co.kr/upload/menu/etc/menuEtc_202211230144001840.png','캐모마일 아이스(ICED)',0,3,4500,0,'Regular',354,0,0,11),(1595,'https://admin.hollys.co.kr/upload/menu/etc/menuEtc_202211230144001840.png','캐모마일 핫(HOT)',0,3,4500,0,'Regular',354,0,0,11),(1596,'https://admin.hollys.co.kr/upload/menu/etc/menuEtc_202211230143370070.png','페퍼민트 아이스(ICED)',0,3,4500,0,'Regular',354,0,0,11),(1597,'https://admin.hollys.co.kr/upload/menu/etc/menuEtc_202211230143370070.png','페퍼민트 핫(HOT)',0,3,4500,0,'Regular',354,0,0,11),(1598,'https://admin.hollys.co.kr/upload/menu/etc/menuEtc_202211230143470320.png','얼그레이 아이스(ICED)',17,3,4500,0,'Regular',354,0,0,11),(1599,'https://admin.hollys.co.kr/upload/menu/etc/menuEtc_202211230143470320.png','얼그레이 핫(HOT)',17,3,4500,0,'Regular',354,0,0,11),(1600,'https://coffeebanhada.com/data/menu/2022/12/05/1670200024.png','HOT 그샷추',130,301,3500,3,'Tall',355,47,0,12),(1601,'https://coffeebanhada.com/data/menu/2022/12/05/1670199888.png','ICE 그샷추',130,259,4000,3,'Tall',355,44,0,12),(1602,'https://coffeebanhada.com/data/menu/2022/11/08/1667864261.png','HOT 버터크림라떼',48,676,3500,1,'Tall',355,38,0,12),(1603,'https://coffeebanhada.com/data/menu/2022/11/08/1667864214.png','ICE 버터크림라떼',48,676,4000,1,'Tall',355,38,0,12),(1604,'https://coffeebanhada.com/data/menu/2022/07/27/1658895353.png','ICE 돌체라떼',97,190,4500,2,'Tall',355,24,0,12),(1605,'https://coffeebanhada.com/data/menu/2022/07/27/1658895362.png','HOT 돌체라떼',97,220,4000,2,'Tall',355,26,0,12),(1606,'https://coffeebanhada.com/data/menu/2022/07/27/1658895473.png','HOT 흑임자크림라떼',97,451,3500,2,'Tall',355,202,0,12),(1607,'https://coffeebanhada.com/data/menu/2022/07/27/1658895485.png','ICE 흑임자크림라떼',97,649,4000,2,'Tall',355,359,0,12),(1608,'https://coffeebanhada.com/data/menu/2022/07/27/1658895529.png','HOT 카라멜라떼',194,214,4000,4,'Tall',355,25,0,12),(1609,'https://coffeebanhada.com/data/menu/2022/07/27/1658895543.png','ICE 카라멜라떼',194,172,4500,4,'Tall',355,22,0,12),(1610,'https://coffeebanhada.com/data/menu/2022/08/05/1659673546.png','HOT 토피넛라떼',97,294,3500,2,'Tall',355,14,1,12),(1611,'https://coffeebanhada.com/data/menu/2022/07/27/1658895600.png','HOT 아메리카노',97,10,2500,2,'Tall',355,0,0,12),(1612,'https://coffeebanhada.com/data/menu/2022/07/27/1658895609.png','ICE 아메리카노',97,10,3000,2,'Tall',355,0,0,12),(1613,'https://coffeebanhada.com/data/menu/2022/07/27/1658895621.png','HOT 카페라떼',194,152,3500,4,'Tall',355,10,0,12),(1614,'https://coffeebanhada.com/data/menu/2022/07/27/1658895630.png','ICE 카페라떼',194,110,4000,4,'Tall',355,7,0,12),(1615,'https://coffeebanhada.com/data/menu/2022/07/27/1658895640.png','HOT 카푸치노',194,146,3500,4,'Tall',355,9,0,12),(1616,'https://coffeebanhada.com/data/menu/2022/07/27/1658895649.png','ICE 카푸치노',194,98,4000,4,'Tall',355,6,0,12),(1617,'https://coffeebanhada.com/data/menu/2022/07/27/1658895661.png','HOT 바닐라라떼',194,215,4000,4,'Tall',355,25,0,12),(1618,'https://coffeebanhada.com/data/menu/2022/07/27/1658895672.png','ICE 바닐라라떼',194,173,4500,4,'Tall',355,22,0,12),(1619,'https://coffeebanhada.com/data/menu/2022/08/05/1659673555.png','HOT 카페모카',194,168,4000,4,'Tall',355,34,1,12),(1620,'https://coffeebanhada.com/data/menu/2022/07/27/1658895699.png','ICE 카페모카',194,232,4500,4,'Tall',355,31,1,12),(1621,'https://coffeebanhada.com/data/menu/2022/08/05/1659673584.png','HOT 카라멜모카',194,247,4000,4,'Tall',355,32,1,12),(1622,'https://coffeebanhada.com/data/menu/2022/07/27/1658895735.png','ICE 카라멜모카',194,211,4500,4,'Tall',355,29,1,12),(1623,'https://coffeebanhada.com/data/menu/2022/07/27/1658895751.png','HOT 카라멜 마끼아또',194,245,4000,4,'Tall',355,33,0,12),(1624,'https://coffeebanhada.com/data/menu/2022/07/27/1658895760.png','ICE 카라멜 마끼아또',194,209,4500,4,'Tall',355,30,0,12),(1625,'https://coffeebanhada.com/data/menu/2022/07/27/1658895774.png','HOT 콜드브루',205,48,3000,4,'Tall',355,0,0,12),(1626,'https://coffeebanhada.com/data/menu/2022/07/27/1658895781.png','ICE 콜드브루',205,48,3500,4,'Tall',355,0,0,12),(1627,'https://coffeebanhada.com/data/menu/2022/07/27/1658895790.png','HOT 콜드브루라떼',273,196,4000,4,'Tall',355,10,0,12),(1628,'https://coffeebanhada.com/data/menu/2022/07/27/1658895798.png','ICE 콜드브루라떼',273,154,4500,4,'Tall',355,7,0,12),(1629,'https://coffeebanhada.com/data/menu/2022/07/27/1658898288.png','ICE 아몬드코코넛라떼',0,260,4500,0,'Tall',355,30,0,12),(1630,'https://coffeebanhada.com/data/menu/2022/07/27/1658898296.png','HOT 아몬드코코넛라떼',0,284,4000,0,'Tall',355,32,0,12),(1631,'https://coffeebanhada.com/data/menu/2022/07/27/1658898379.png','스트로베리 라떼',0,680,4500,0,'Tall',355,144,0,12),(1632,'https://coffeebanhada.com/data/menu/2022/07/27/1658898388.png','ICE 초코베리라떼',0,293,3500,0,'Tall',355,44,0,12),(1633,'https://coffeebanhada.com/data/menu/2022/07/27/1658898398.png','HOT 초코베리라떼',0,305,4000,0,'Tall',355,45,0,12),(1634,'https://coffeebanhada.com/data/menu/2022/07/27/1658898452.png','HOT 초당옥수수라떼',0,186,3500,0,'Tall',355,18,0,12),(1635,'https://coffeebanhada.com/data/menu/2022/07/27/1658898466.png','ICE 초당옥수수라떼',0,162,4000,0,'Tall',355,16,0,12),(1636,'https://coffeebanhada.com/data/menu/2022/07/27/1658898483.png','HOT 흑임자크림밀크',0,453,3500,0,'Tall',355,203,0,12),(1637,'https://coffeebanhada.com/data/menu/2022/07/27/1658898492.png','ICE 흑임자크림밀크',0,654,4000,0,'Tall',355,360,0,12),(1638,'https://coffeebanhada.com/data/menu/2022/07/27/1658898852.png','흑당라떼',0,407,4500,0,'Tall',355,48,0,12),(1639,'https://coffeebanhada.com/data/menu/2022/07/27/1658898891.png','HOT 초코라떼',6,290,3500,0,'Tall',355,39,0,12),(1640,'https://coffeebanhada.com/data/menu/2022/07/27/1658898903.png','ICE 초코라떼',6,266,4000,0,'Tall',355,37,0,12),(1641,'https://coffeebanhada.com/data/menu/2022/07/27/1658898924.png','HOT 그린티라떼',29,232,3500,0,'Tall',355,32,0,12),(1642,'https://coffeebanhada.com/data/menu/2022/07/27/1658898935.png','ICE 그린티라떼',29,208,4000,0,'Tall',355,30,0,12),(1643,'https://coffeebanhada.com/data/menu/2022/07/27/1658898945.png','HOT 검은콩라떼',0,224,3500,0,'Tall',355,25,0,12),(1644,'https://coffeebanhada.com/data/menu/2022/07/27/1658898954.png','ICE 검은콩라떼',0,200,4000,0,'Tall',355,23,0,12),(1645,'https://coffeebanhada.com/data/menu/2022/07/27/1658898963.png','HOT 단호박라떼',0,205,3500,0,'Tall',355,18,0,12),(1646,'https://coffeebanhada.com/data/menu/2022/07/27/1658898975.png','ICE 단호박라떼',0,193,4000,0,'Tall',355,17,0,12),(1647,'https://coffeebanhada.com/data/menu/2022/07/27/1658898986.png','HOT 고구마라떼',0,218,3500,0,'Tall',355,21,0,12),(1648,'https://coffeebanhada.com/data/menu/2022/07/27/1658898996.png','ICE 고구마라떼',0,206,4000,0,'Tall',355,20,0,12),(1649,'https://coffeebanhada.com/data/menu/2022/07/27/1658899013.png','HOT 밤라떼',0,219,3500,0,'Tall',355,23,0,12),(1650,'https://coffeebanhada.com/data/menu/2022/07/27/1658899019.png','ICE 밤라떼',0,207,4000,0,'Tall',355,23,0,12),(1651,'https://coffeebanhada.com/data/menu/2022/08/01/1659333219.png','HOT 민트초코라떼',3,250,3500,0,'Tall',355,30,0,12),(1652,'https://coffeebanhada.com/data/menu/2022/07/27/1658899040.png','ICE 민트초코라떼',3,250,4000,0,'Tall',355,30,0,12),(1653,'https://coffeebanhada.com/data/menu/2022/07/27/1658899051.png','HOT 초코바나나라떼',1,322,3500,0,'Tall',355,38,0,12),(1654,'https://coffeebanhada.com/data/menu/2022/07/27/1658899065.png','ICE 초코바나나라떼',1,298,4000,0,'Tall',355,37,0,12),(1655,'https://coffeebanhada.com/data/menu/2022/07/27/1658899098.png','HOT 헤이즐넛자바칩라떼',8,276,3500,0,'Tall',355,31,0,12),(1656,'https://coffeebanhada.com/data/menu/2022/07/27/1658899075.png','ICE 헤이즐넛자바칩라떼',8,252,4000,0,'Tall',355,29,0,12),(1657,'https://coffeebanhada.com/data/menu/2022/07/27/1658899109.png','냉 미숫가루',0,492,4000,0,'Tall',355,33,0,12),(1658,'https://coffeebanhada.com/data/menu/2022/07/27/1658899119.png','블랙버블 밀크티',0,372,4000,0,'Tall',355,35,0,12),(1659,'https://coffeebanhada.com/data/menu/2022/07/27/1658899126.png','타로버블 밀크티',0,375,4000,0,'Tall',355,36,0,12),(1660,'https://coffeebanhada.com/data/menu/2022/07/27/1658895967.png','깔라만시 에이드',0,114,3500,0,'Tall',355,26,0,12),(1661,'https://coffeebanhada.com/data/menu/2022/07/27/1658896177.png','레몬에이드',0,120,3500,0,'Tall',355,28,0,12),(1662,'https://coffeebanhada.com/data/menu/2022/07/27/1658896188.png','리얼 에이드 자몽',0,69,3500,0,'Tall',355,17,0,12),(1663,'https://coffeebanhada.com/data/menu/2022/07/27/1658896197.png','리얼 에이드 청포도',0,75,3500,0,'Tall',355,19,0,12),(1664,'https://coffeebanhada.com/data/menu/2022/07/27/1658896208.png','리얼 에이드 레몬',0,68,3500,0,'Tall',355,17,0,12),(1665,'https://coffeebanhada.com/data/menu/2022/07/27/1658896218.png','리얼 에이드 복숭아',0,131,3500,0,'Tall',355,32,0,12),(1666,'https://coffeebanhada.com/data/menu/2022/07/27/1658896235.png','라임민트에이드',0,157,3500,0,'Tall',355,36,0,12),(1667,'https://coffeebanhada.com/data/menu/2022/07/27/1658896243.png','한라봉에이드',0,110,3500,0,'Tall',355,26,0,12),(1668,'https://coffeebanhada.com/data/menu/2022/07/27/1658896994.png','HOT 꿀과실차 대추',0,78,3500,0,'Tall',355,17,0,12),(1669,'https://coffeebanhada.com/data/menu/2022/07/27/1658896979.png','ICE 꿀과실차 대추',0,78,4000,0,'Tall',355,17,0,12),(1670,'https://coffeebanhada.com/data/menu/2022/07/27/1658896935.png','HOT 꿀과실차 생강',0,80,3500,0,'Tall',355,17,0,12),(1671,'https://coffeebanhada.com/data/menu/2022/07/27/1658896920.png','ICE 꿀과실차 생강',0,80,4000,0,'Tall',355,17,0,12),(1672,'https://coffeebanhada.com/data/menu/2022/07/27/1658896884.png','HOT 꿀과실차 모과',0,77,3500,0,'Tall',355,19,0,12),(1673,'https://coffeebanhada.com/data/menu/2022/07/27/1658896862.png','ICE 꿀과실차 모과',0,77,4000,0,'Tall',355,19,0,12),(1674,'https://coffeebanhada.com/data/menu/2022/07/27/1658896818.png','HOT 꿀과실차 유자',0,75,3500,0,'Tall',355,17,0,12),(1675,'https://coffeebanhada.com/data/menu/2022/07/27/1658896803.png','ICE 꿀과실차 유자',0,75,4000,0,'Tall',355,17,0,12),(1676,'https://coffeebanhada.com/data/menu/2022/07/27/1658896780.png','HOT 꿀과실차 자몽',0,77,3500,0,'Tall',355,17,0,12),(1677,'https://coffeebanhada.com/data/menu/2022/07/27/1658896763.png','ICE 꿀과실차 자몽',0,77,4000,0,'Tall',355,37,0,12),(1678,'https://coffeebanhada.com/data/menu/2022/07/27/1658896727.png','HOT 꿀과실차 레몬',0,74,3500,0,'Tall',355,18,0,12),(1679,'https://coffeebanhada.com/data/menu/2022/07/27/1658896738.png','ICE 꿀과실차 레몬',0,74,4000,0,'Tall',355,18,0,12),(1680,'https://coffeebanhada.com/data/menu/2022/07/27/1658896328.png','HOT 루이보스오렌지',0,0,3500,0,'Tall',355,0,0,12),(1681,'https://coffeebanhada.com/data/menu/2022/07/27/1658896338.png','ICE 루이보스오렌지',0,0,4000,0,'Tall',355,0,0,12),(1682,'https://coffeebanhada.com/data/menu/2022/07/27/1658896380.png','히비스커스엘더티',0,168,4000,0,'Tall',355,39,0,12),(1683,'https://coffeebanhada.com/data/menu/2022/07/27/1658896431.png','HOT 페퍼민트',0,0,3500,0,'Tall',355,0,0,12),(1684,'https://coffeebanhada.com/data/menu/2022/07/27/1658896441.png','ICE 페퍼민트',0,0,4000,0,'Tall',355,0,0,12),(1685,'https://coffeebanhada.com/data/menu/2022/07/27/1658896487.png','HOT 캐모마일',0,0,3500,0,'Tall',355,0,0,12),(1686,'https://coffeebanhada.com/data/menu/2022/07/27/1658896458.png','ICE 캐모마일',0,0,4000,0,'Tall',355,0,0,12),(1687,'https://coffeebanhada.com/data/menu/2022/07/27/1658896507.png','HOT 얼그레이',6,0,3500,0,'Tall',355,0,0,12),(1688,'https://coffeebanhada.com/data/menu/2022/07/27/1658896518.png','ICE 얼그레이',6,0,4000,0,'Tall',355,0,0,12),(1689,'https://coffeebanhada.com/data/menu/2022/07/27/1658896526.png','HOT 그린티',1,0,3500,0,'Tall',355,0,0,12),(1690,'https://coffeebanhada.com/data/menu/2022/07/27/1658896535.png','ICE 그린티',1,0,4000,0,'Tall',355,0,0,12),(1691,'https://coffeebanhada.com/data/menu/2022/07/27/1658896557.png','아이스티 레몬',35,119,2500,0,'Tall',355,29,0,12),(1692,'https://coffeebanhada.com/data/menu/2022/07/27/1658896565.png','아이스티 복숭아',35,123,2500,0,'Tall',355,29,0,12),(1693,'https://coffeebanhada.com/data/menu/2022/12/05/1670200084.png','그샷추 프라페',130,355,4500,2,'Tall',355,47,1,12),(1694,'https://coffeebanhada.com/data/menu/2022/07/27/1658897655.png','코코넛 더치',171,435,4000,2,'Tall',355,51,0,12),(1695,'https://coffeebanhada.com/data/menu/2022/07/27/1658897665.png','코코넛 그린티',0,505,3500,0,'Tall',355,73,0,12),(1696,'https://coffeebanhada.com/data/menu/2022/07/27/1658897674.png','코코넛 쿠앤크',0,509,3500,0,'Tall',355,57,0,12),(1697,'https://coffeebanhada.com/data/menu/2022/07/27/1658897974.png','요거트 스무디',0,308,4000,0,'Tall',355,56,0,12),(1698,'https://coffeebanhada.com/data/menu/2022/07/27/1658897984.png','레몬 요거트 스무디',0,374,4000,0,'Tall',355,71,0,12),(1699,'https://coffeebanhada.com/data/menu/2022/07/27/1658897999.png','딸기 요거트 스무디',0,376,4000,0,'Tall',355,65,0,12),(1700,'https://coffeebanhada.com/data/menu/2022/07/27/1658898008.png','블루베리 요거트 스무디',0,355,4000,0,'Tall',355,67,0,12),(1701,'https://coffeebanhada.com/data/menu/2022/07/27/1658898017.png','복숭아 스무디',0,175,4000,0,'Tall',355,43,0,12),(1702,'https://coffeebanhada.com/data/menu/2022/07/27/1658898031.png','리얼 과일스무디 망고',0,235,4000,0,'Tall',355,39,0,12),(1703,'https://coffeebanhada.com/data/menu/2022/07/27/1658898053.png','리얼 과일스무디 딸기바나나',0,235,4000,0,'Tall',355,38,0,12),(1704,'https://coffeebanhada.com/data/menu/2022/07/27/1658898075.png','민트초코 프라페',7,372,4000,0,'Tall',355,52,1,12),(1705,'https://coffeebanhada.com/data/menu/2022/07/27/1658898094.png','자바칩 프라페',21,389,4000,0,'Tall',355,49,1,12),(1706,'https://coffeebanhada.com/data/menu/2022/07/27/1658898103.png','그린티 프라페',58,331,4000,0,'Tall',355,64,1,12),(1707,'https://coffeebanhada.com/data/menu/2022/07/27/1658898114.png','쿠앤크 프라페',0,637,4000,0,'Tall',355,51,1,12),(1708,'https://coffeebanhada.com/data/menu/2022/07/27/1658898138.png','모카 프라페',194,284,4000,4,'Tall',355,35,1,12),(1709,'https://coffeebanhada.com/data/menu/2022/07/27/1658898150.png','카라멜 프라페',194,291,4000,4,'Tall',355,43,1,12),(1710,'https://coffeebanhada.com/data/menu/2022/07/27/1658898170.png','흑당버블스무디',0,508,4500,0,'Tall',355,70,0,12),(1711,'https://coffeebanhada.com/data/menu/2022/07/27/1658898180.png','딸기 프라페',0,766,4500,0,'Tall',355,158,1,12),(1712,'https://coffeebanhada.com/data/menu/2022/07/27/1658898189.png','초코바나나 프라페',0,421,4500,0,'Tall',355,54,1,12),(1713,'https://coffeebanhada.com/data/menu/2022/07/27/1658898197.png','파인애플망고스무디',0,172,4000,0,'Tall',355,38,0,12);
/*!40000 ALTER TABLE `drink` ENABLE KEYS */;
UNLOCK TABLES;

--
-- Table structure for table `franchise`
--

DROP TABLE IF EXISTS `franchise`;
/*!40101 SET @saved_cs_client     = @@character_set_client */;
/*!50503 SET character_set_client = utf8mb4 */;
CREATE TABLE `franchise` (
  `id` int unsigned NOT NULL AUTO_INCREMENT,
  `image` varchar(255) NOT NULL,
  `franchise_name` varchar(255) DEFAULT NULL,
  PRIMARY KEY (`id`)
) ENGINE=InnoDB AUTO_INCREMENT=13 DEFAULT CHARSET=utf8mb4 COLLATE=utf8mb4_0900_ai_ci;
/*!40101 SET character_set_client = @saved_cs_client */;

--
-- Dumping data for table `franchise`
--

LOCK TABLES `franchise` WRITE;
/*!40000 ALTER TABLE `franchise` DISABLE KEYS */;
INSERT INTO `franchise` VALUES (1,'test','폴바셋'),(2,'test','컴포즈커피'),(3,'test','투썸플레이스'),(4,'test','빽다방'),(5,'test','바나프레소'),(6,'test','파스쿠찌'),(7,'test','메가MGC커피'),(8,'test','이디야'),(9,'test','스타벅스'),(10,'test','매머드커피'),(11,'test','할리스'),(12,'test','커피에반하다');
/*!40000 ALTER TABLE `franchise` ENABLE KEYS */;
UNLOCK TABLES;

--
-- Table structure for table `options`
--

DROP TABLE IF EXISTS `options`;
/*!40101 SET @saved_cs_client     = @@character_set_client */;
/*!50503 SET character_set_client = utf8mb4 */;
CREATE TABLE `options` (
  `type` varchar(50) NOT NULL,
  `id` int unsigned NOT NULL AUTO_INCREMENT,
  `cal` int unsigned NOT NULL,
  `price` int unsigned NOT NULL,
  `sugar` int unsigned DEFAULT NULL,
  `caffeine` int unsigned DEFAULT NULL,
  `franchise_id` int unsigned NOT NULL,
  PRIMARY KEY (`id`),
  KEY `franchise_id` (`franchise_id`),
  CONSTRAINT `options_ibfk_1` FOREIGN KEY (`franchise_id`) REFERENCES `franchise` (`id`) ON DELETE CASCADE
) ENGINE=InnoDB AUTO_INCREMENT=75 DEFAULT CHARSET=utf8mb4 COLLATE=utf8mb4_0900_ai_ci;
/*!40101 SET character_set_client = @saved_cs_client */;

--
-- Dumping data for table `options`
--

LOCK TABLES `options` WRITE;
/*!40000 ALTER TABLE `options` DISABLE KEYS */;
INSERT INTO `options` VALUES ('Shot',5,7,500,NULL,113,1),('Syrup',6,28,500,8,NULL,1),('Hazelnut',7,26,500,8,NULL,1),('Vanilla',8,32,500,5,NULL,1),('Caramel',9,32,500,6,NULL,1),('Whip',10,173,500,50,NULL,2),('Shot',11,15,500,NULL,104,2),('Syrup',12,28,500,8,NULL,2),('Hazelnut',13,26,500,8,NULL,2),('Vanilla',14,32,500,5,NULL,2),('Caramel',15,32,500,6,NULL,2),('Whip',16,173,500,50,NULL,3),('Shot',17,5,500,NULL,77,3),('Syrup',18,28,500,8,NULL,3),('Hazelnut',19,26,500,8,NULL,3),('Vanilla',20,32,500,5,NULL,3),('Caramel',21,32,500,6,NULL,3),('Shot',22,11,500,NULL,119,4),('Syrup',23,28,500,8,NULL,4),('Hazelnut',24,26,500,8,NULL,4),('Vanilla',25,32,500,5,NULL,4),('Caramel',26,32,500,6,NULL,4),('Whip',27,173,500,50,NULL,5),('Shot',28,2,500,NULL,100,5),('Syrup',29,28,500,8,NULL,5),('Hazelnut',30,26,500,8,NULL,5),('Vanilla',31,32,500,5,NULL,5),('Caramel',32,32,500,6,NULL,5),('Whip',33,173,500,50,NULL,6),('Shot',34,7,500,NULL,120,6),('Syrup',35,28,500,8,NULL,6),('Hazelnut',36,26,500,8,NULL,6),('Vanilla',37,32,500,5,NULL,6),('Caramel',38,32,500,6,NULL,6),('Whip',39,173,500,50,NULL,7),('Shot',40,8,500,NULL,105,7),('Syrup',41,28,500,8,NULL,7),('Hazelnut',42,26,500,8,NULL,7),('Vanilla',43,32,500,5,NULL,7),('Caramel',44,32,500,6,NULL,7),('Whip',45,104,500,30,NULL,8),('Shot',46,8,500,NULL,115,8),('Syrup',47,28,300,8,NULL,8),('Hazelnut',48,26,300,8,NULL,8),('Vanilla',49,32,300,5,NULL,8),('Caramel',50,32,300,6,NULL,8),('Whip',51,173,600,50,NULL,9),('Shot',52,5,600,NULL,75,9),('Syrup',53,28,600,8,NULL,9),('Hazelnut',54,26,600,8,NULL,9),('Vanilla',55,32,600,5,NULL,9),('Caramel',56,32,600,6,NULL,9),('Whip',57,173,300,50,NULL,10),('Shot',58,5,300,NULL,120,10),('Syrup',59,28,300,8,NULL,10),('Hazelnut',60,26,300,8,NULL,10),('Vanilla',61,32,300,5,NULL,10),('Caramel',62,32,300,6,NULL,10),('Whip',63,173,500,50,NULL,11),('Shot',64,5,500,NULL,61,11),('Syrup',65,28,500,8,NULL,11),('Hazelnut',66,26,500,8,NULL,11),('Vanilla',67,32,500,5,NULL,11),('Caramel',68,32,500,6,NULL,11),('Whip',69,173,500,50,NULL,12),('Shot',70,5,500,NULL,48,12),('Syrup',71,28,500,8,NULL,12),('Hazelnut',72,26,500,8,NULL,12),('Vanilla',73,32,500,5,NULL,12),('Caramel',74,32,500,6,NULL,12);
/*!40000 ALTER TABLE `options` ENABLE KEYS */;
UNLOCK TABLES;

--
-- Table structure for table `orders`
--

DROP TABLE IF EXISTS `orders`;
/*!40101 SET @saved_cs_client     = @@character_set_client */;
/*!50503 SET character_set_client = utf8mb4 */;
CREATE TABLE `orders` (
  `id` int unsigned NOT NULL AUTO_INCREMENT,
  `reg_date` datetime NOT NULL DEFAULT (now()),
  `caffeine` int unsigned NOT NULL DEFAULT '0',
  `cal` int unsigned NOT NULL DEFAULT '0',
  `sugar` int unsigned NOT NULL DEFAULT '0',
  `price` int unsigned NOT NULL,
  `shot` int unsigned DEFAULT NULL,
  `whip` tinyint(1) DEFAULT NULL,
  `sugar_content` varchar(10) DEFAULT 'BASIC',
  `syrup` int unsigned DEFAULT NULL,
  `vanilla` int unsigned DEFAULT NULL,
  `hazelnut` int unsigned DEFAULT NULL,
  `caramel` int unsigned DEFAULT NULL,
  `is_public` tinyint(1) NOT NULL DEFAULT '1',
  `memo` varchar(500) DEFAULT NULL,
  `photo` varchar(255) DEFAULT NULL,
  `order_status` varchar(50) DEFAULT NULL,
  `store_name` varchar(100) DEFAULT NULL,
  `drink_id` int unsigned NOT NULL,
  `store_id` int unsigned DEFAULT NULL,
  `user_id` int unsigned NOT NULL,
  PRIMARY KEY (`id`),
  KEY `drink_id` (`drink_id`),
  KEY `user_id` (`user_id`),
  KEY `orders_ibfk_2` (`store_id`),
  CONSTRAINT `orders_ibfk_1` FOREIGN KEY (`drink_id`) REFERENCES `drink` (`id`),
  CONSTRAINT `orders_ibfk_2` FOREIGN KEY (`store_id`) REFERENCES `store` (`id`),
  CONSTRAINT `orders_ibfk_3` FOREIGN KEY (`user_id`) REFERENCES `user` (`id`) ON DELETE CASCADE
) ENGINE=InnoDB AUTO_INCREMENT=657 DEFAULT CHARSET=utf8mb4 COLLATE=utf8mb4_0900_ai_ci;
/*!40101 SET character_set_client = @saved_cs_client */;

--
-- Dumping data for table `orders`
--

LOCK TABLES `orders` WRITE;
/*!40000 ALTER TABLE `orders` DISABLE KEYS */;
INSERT INTO `orders` VALUES (13,'2023-02-13 01:13:49',50,0,0,4500,0,0,'LESS',0,1,0,0,1,NULL,NULL,NULL,'스타벅스 역삼대로점',1338,1,4),(117,'2023-02-13 16:15:36',225,0,0,5000,3,0,'BASIC',0,0,0,0,1,NULL,'https://image.istarbucks.co.kr/upload/store/skuimg/2021/04/[110563]_20210426095937808.jpg',NULL,'스타벅스 역삼대로',1180,1,4),(120,'2023-02-13 16:36:00',225,0,0,5000,3,0,'BASIC',0,0,0,0,1,NULL,'https://image.istarbucks.co.kr/upload/store/skuimg/2021/04/[110563]_20210426095937808.jpg',NULL,'스타벅스 역삼대로',1180,1,4),(121,'2023-02-13 16:37:58',225,0,0,5000,3,0,'BASIC',0,0,0,0,1,NULL,'https://image.istarbucks.co.kr/upload/store/skuimg/2021/04/[110563]_20210426095937808.jpg',NULL,'스타벅스 역삼대로',1180,1,4),(132,'2023-02-13 17:28:19',225,0,0,5000,3,0,'BASIC',0,0,0,0,1,NULL,'https://image.istarbucks.co.kr/upload/store/skuimg/2021/04/[110563]_20210426095937808.jpg',NULL,'스타벅스 역삼대로',1180,1,4),(145,'2023-02-13 17:57:38',225,0,0,5000,3,0,'BASIC',0,0,0,0,1,NULL,'https://image.istarbucks.co.kr/upload/store/skuimg/2021/04/[110563]_20210426095937808.jpg',NULL,'스타벅스 역삼대로',1180,1,4),(146,'2023-02-13 19:46:20',225,0,0,5000,3,0,'BASIC',0,0,0,0,1,NULL,'https://image.istarbucks.co.kr/upload/store/skuimg/2021/04/[110563]_20210426095937808.jpg',NULL,'스타벅스 역삼대로',1180,1,4),(152,'2023-02-13 20:21:26',225,0,0,5000,3,0,'BASIC',0,0,0,0,1,NULL,'https://image.istarbucks.co.kr/upload/store/skuimg/2021/04/[110563]_20210426095937808.jpg','CANCEL','스타벅스 역삼대로',1275,1,2),(153,'2023-02-13 20:21:42',225,0,0,5000,3,0,'BASIC',0,0,0,0,1,NULL,'https://image.istarbucks.co.kr/upload/store/skuimg/2021/04/[110563]_20210426095937808.jpg','CANCEL','스타벅스 역삼대로',1275,1,2),(154,'2023-02-13 20:24:31',225,0,0,5000,3,0,'BASIC',0,0,0,0,1,NULL,'https://image.istarbucks.co.kr/upload/store/skuimg/2021/04/[110563]_20210426095937808.jpg','CANCEL','스타벅스 역삼대로',1275,1,2),(155,'2023-02-13 20:24:42',225,0,0,5000,3,0,'BASIC',0,0,0,0,1,NULL,'https://image.istarbucks.co.kr/upload/store/skuimg/2021/04/[110563]_20210426095937808.jpg','CANCEL','스타벅스 역삼대로',1275,1,2),(156,'2023-02-13 20:44:31',225,0,0,5000,3,0,'BASIC',0,0,0,0,1,NULL,'https://image.istarbucks.co.kr/upload/store/skuimg/2021/04/[110563]_20210426095937808.jpg','PICKUP','스타벅스 역삼대로',1275,1,2),(157,'2023-02-13 20:44:52',225,0,0,5000,3,0,'BASIC',0,0,0,0,1,NULL,'https://image.istarbucks.co.kr/upload/store/skuimg/2021/04/[110563]_20210426095937808.jpg','CANCEL','스타벅스 역삼대로',1275,1,2),(158,'2023-02-13 20:45:01',225,0,0,5000,3,0,'BASIC',0,0,0,0,1,NULL,'https://image.istarbucks.co.kr/upload/store/skuimg/2021/04/[110563]_20210426095937808.jpg','CANCEL','스타벅스 역삼대로',1275,1,2),(166,'2023-02-13 21:08:26',225,0,0,5000,3,0,'BASIC',0,0,0,0,1,NULL,'https://image.istarbucks.co.kr/upload/store/skuimg/2021/04/[110563]_20210426095937808.jpg',NULL,'스타벅스 역삼대로',1180,1,4),(168,'2023-02-13 21:11:12',225,0,0,5000,3,0,'BASIC',0,0,0,0,1,NULL,'https://image.istarbucks.co.kr/upload/store/skuimg/2021/04/[110563]_20210426095937808.jpg',NULL,'스타벅스 역삼대로',1180,1,4),(256,'2023-02-14 09:21:41',225,0,0,5000,3,0,'BASIC',0,0,0,0,1,NULL,'https://image.istarbucks.co.kr/upload/store/skuimg/2021/04/[110563]_20210426095937808.jpg',NULL,'스타벅스 역삼대로',1335,1,4),(261,'2023-02-14 00:00:00',210,244,20,3400,2,0,'BASIC',0,0,0,0,0,NULL,'https://img.79plus.co.kr/megahp/manager/upload/menu/20220630165146_1656575506210_0DJPVTvDIa.jpg','PICKUP',NULL,891,NULL,8),(269,'2023-02-14 00:00:00',60,230,28,6300,0,1,'BASIC',0,0,0,0,1,NULL,'http://i8a808.p.ssafy.io/images/94206122-be64-467c-8145-a1ad1c08e28b_logo.png','RECORD',NULL,1183,NULL,2),(272,'2023-02-14 00:00:00',83,415,49,6300,0,0,'BASIC',0,0,0,0,0,NULL,'https://mcdn.twosome.co.kr/menu_image/P_MA_Z_TSPLC_MENU_REG/1000/1000/PITEM/161.png?width=600&height=600&q=100','RECORD',NULL,423,NULL,2),(273,'2023-02-14 16:40:40',225,0,0,5000,3,0,'BASIC',0,0,0,0,1,NULL,'https://image.istarbucks.co.kr/upload/store/skuimg/2021/04/[110563]_20210426095937808.jpg','PICKUP','스타벅스 역삼대로',1335,1,2),(278,'2023-02-14 00:00:00',32,0,0,6300,0,0,'BASIC',0,0,0,0,0,NULL,'https://image.istarbucks.co.kr/upload/store/skuimg/2021/04/[400400000094]_20210415230316469.jpg','RECORD',NULL,1323,NULL,2),(305,'2023-02-14 23:22:48',225,0,0,5000,3,0,'BASIC',0,0,0,0,1,NULL,'https://image.istarbucks.co.kr/upload/store/skuimg/2021/04/[110563]_20210426095937808.jpg','PICKUP','스타벅스 역삼대로',1338,1,10),(387,'2023-02-15 00:00:00',0,277,67,3500,0,NULL,'BASIC',0,0,0,0,0,NULL,'https://paikdabang.com/wp-content/uploads/2018/06/ICED-%EB%A0%88%EB%AA%AC%ED%8B%B0-450x588.png','RECORD',NULL,528,NULL,8),(446,'2023-02-15 15:45:24',225,0,0,5000,3,0,'BASIC',0,0,0,0,1,NULL,'https://image.istarbucks.co.kr/upload/store/skuimg/2021/04/[110563]_20210426095937808.jpg','CANCEL','스타벅스 역삼대로',1338,1,4),(469,'2023-02-15 21:26:02',225,0,0,5000,3,0,'BASIC',0,0,0,0,1,NULL,'https://image.istarbucks.co.kr/upload/store/skuimg/2021/04/[110563]_20210426095937808.jpg','CANCEL','스타벅스 역삼대로',1338,1,4),(470,'2023-02-15 21:44:29',225,0,0,5000,3,0,'BASIC',0,0,0,0,1,NULL,'https://image.istarbucks.co.kr/upload/store/skuimg/2021/04/[110563]_20210426095937808.jpg','CANCEL','스타벅스 역삼대로',1338,1,4),(472,'2023-02-15 21:51:29',225,0,0,5000,3,0,'BASIC',0,0,0,0,1,NULL,'https://image.istarbucks.co.kr/upload/store/skuimg/2021/04/[110563]_20210426095937808.jpg','CANCEL','스타벅스 역삼대로',1338,1,4),(473,'2023-02-15 21:51:32',225,0,0,5000,3,0,'BASIC',0,0,0,0,1,NULL,'https://image.istarbucks.co.kr/upload/store/skuimg/2021/04/[110563]_20210426095937808.jpg','CANCEL','스타벅스 역삼대로',1338,1,4),(474,'2023-02-15 21:51:39',225,0,0,5000,3,0,'BASIC',0,0,0,0,1,NULL,'https://image.istarbucks.co.kr/upload/store/skuimg/2021/04/[110563]_20210426095937808.jpg','CANCEL','스타벅스 역삼대로',1338,1,4),(475,'2023-02-15 00:00:00',83,415,49,6300,0,0,'BASIC',0,0,0,0,0,NULL,'https://mcdn.twosome.co.kr/menu_image/P_MA_Z_TSPLC_MENU_REG/1000/1000/PITEM/161.png?width=600&height=600&q=100','RECORD',NULL,423,NULL,10),(501,'2023-02-16 09:20:18',250,5,0,0,0,0,'BASIC',0,0,0,0,1,NULL,'https://image.istarbucks.co.kr/upload/store/skuimg/2021/04/[9200000000038]_20210430113202458.jpg','CANCEL','스타벅스 역삼대로',1291,1,4),(502,'2023-02-16 09:32:21',250,5,0,0,0,0,'BASIC',0,0,0,0,1,NULL,'https://image.istarbucks.co.kr/upload/store/skuimg/2021/04/[9200000000038]_20210430113202458.jpg','CANCEL','스타벅스 역삼대로',1291,1,1),(503,'2023-02-16 09:32:43',250,5,0,0,0,0,'BASIC',0,0,0,0,1,NULL,'https://image.istarbucks.co.kr/upload/store/skuimg/2021/04/[9200000000038]_20210430113202458.jpg','CANCEL','스타벅스 역삼대로',1291,1,1),(504,'2023-02-16 09:36:14',250,5,0,0,0,0,'BASIC',0,0,0,0,1,NULL,'https://image.istarbucks.co.kr/upload/store/skuimg/2021/04/[9200000000038]_20210430113202458.jpg','CANCEL','스타벅스 역삼대로',1291,1,1),(505,'2023-02-16 09:36:18',250,5,0,0,0,0,'BASIC',0,0,0,0,1,NULL,'https://image.istarbucks.co.kr/upload/store/skuimg/2021/04/[9200000000038]_20210430113202458.jpg','CANCEL','스타벅스 역삼대로',1291,1,1),(506,'2023-02-16 09:39:29',250,5,0,0,0,0,'BASIC',0,0,0,0,1,NULL,'https://image.istarbucks.co.kr/upload/store/skuimg/2021/04/[9200000000038]_20210430113202458.jpg','CANCEL','스타벅스 역삼대로',1291,1,4),(507,'2023-02-16 09:43:55',250,5,0,0,0,0,'BASIC',0,0,0,0,1,NULL,'https://image.istarbucks.co.kr/upload/store/skuimg/2021/04/[9200000000038]_20210430113202458.jpg','CANCEL','스타벅스 역삼대로',1291,1,4),(511,'2023-02-16 12:14:54',250,5,0,0,0,0,'BASIC',0,0,0,0,1,NULL,'https://image.istarbucks.co.kr/upload/store/skuimg/2021/04/[9200000000038]_20210430113202458.jpg','CANCEL','스타벅스 역삼대로',1291,1,5),(518,'2023-02-16 12:41:21',250,5,0,0,0,0,'BASIC',0,0,0,0,1,NULL,'https://image.istarbucks.co.kr/upload/store/skuimg/2021/04/[9200000000038]_20210430113202458.jpg','CANCEL','스타벅스 역삼대로',1291,1,10),(519,'2023-02-16 12:41:36',250,5,0,0,0,0,'BASIC',0,0,0,0,1,NULL,'https://image.istarbucks.co.kr/upload/store/skuimg/2021/04/[9200000000038]_20210430113202458.jpg','CANCEL','스타벅스 역삼대로',1291,1,10),(523,'2023-02-16 13:05:40',250,5,0,0,0,0,'BASIC',0,0,0,0,1,NULL,'https://image.istarbucks.co.kr/upload/store/skuimg/2021/04/[9200000000038]_20210430113202458.jpg','CANCEL','스타벅스 역삼대로',1291,1,10),(527,'2023-02-16 13:07:56',250,5,0,0,0,0,'BASIC',0,0,0,0,1,NULL,'https://image.istarbucks.co.kr/upload/store/skuimg/2021/04/[9200000000038]_20210430113202458.jpg','PICKUP','스타벅스 역삼대로',1291,1,5),(528,'2023-02-16 13:08:52',250,5,0,0,0,0,'BASIC',0,0,0,0,1,NULL,'https://image.istarbucks.co.kr/upload/store/skuimg/2021/04/[9200000000038]_20210430113202458.jpg','PICKUP','스타벅스 역삼대로',1291,1,5),(530,'2023-02-16 13:12:24',250,5,0,0,0,0,'BASIC',0,0,0,0,1,NULL,'https://image.istarbucks.co.kr/upload/store/skuimg/2021/04/[9200000000038]_20210430113202458.jpg','CANCEL','스타벅스 역삼대로',1291,1,4),(531,'2023-02-16 13:19:57',250,5,0,0,0,0,'BASIC',0,0,0,0,1,NULL,'https://image.istarbucks.co.kr/upload/store/skuimg/2021/04/[9200000000038]_20210430113202458.jpg','CANCEL','스타벅스 역삼대로',1291,1,10),(532,'2023-02-16 13:20:19',250,5,0,0,0,0,'BASIC',0,0,0,0,1,NULL,'https://image.istarbucks.co.kr/upload/store/skuimg/2021/04/[9200000000038]_20210430113202458.jpg','CANCEL','스타벅스 역삼대로',1291,1,10),(533,'2023-02-16 13:21:35',250,5,0,0,0,0,'BASIC',0,0,0,0,1,NULL,'https://image.istarbucks.co.kr/upload/store/skuimg/2021/04/[9200000000038]_20210430113202458.jpg','CANCEL','스타벅스 역삼대로',1291,1,10),(535,'2023-02-16 13:22:04',250,5,0,0,0,0,'BASIC',0,0,0,0,1,NULL,'https://image.istarbucks.co.kr/upload/store/skuimg/2021/04/[9200000000038]_20210430113202458.jpg','CANCEL','스타벅스 역삼대로',1291,1,10),(537,'2023-02-16 13:25:03',250,5,0,0,0,0,'BASIC',0,0,0,0,1,NULL,'https://image.istarbucks.co.kr/upload/store/skuimg/2021/04/[9200000000038]_20210430113202458.jpg','CANCEL','스타벅스 역삼대로',1291,1,10),(538,'2023-02-16 13:25:46',250,5,0,0,0,0,'BASIC',0,0,0,0,1,NULL,'https://image.istarbucks.co.kr/upload/store/skuimg/2021/04/[9200000000038]_20210430113202458.jpg','CANCEL','스타벅스 역삼대로',1291,1,10),(540,'2023-02-16 13:27:17',250,5,0,0,0,0,'BASIC',0,0,0,0,1,NULL,'https://image.istarbucks.co.kr/upload/store/skuimg/2021/04/[9200000000038]_20210430113202458.jpg','CANCEL','스타벅스 역삼대로',1291,1,10),(542,'2023-02-16 13:29:06',250,5,0,0,0,0,'BASIC',0,0,0,0,1,NULL,'https://image.istarbucks.co.kr/upload/store/skuimg/2021/04/[9200000000038]_20210430113202458.jpg','CANCEL','스타벅스 역삼대로',1291,1,10),(543,'2023-02-16 13:29:31',250,5,0,0,0,0,'BASIC',0,0,0,0,1,NULL,'https://image.istarbucks.co.kr/upload/store/skuimg/2021/04/[9200000000038]_20210430113202458.jpg','CANCEL','스타벅스 역삼대로',1291,1,10),(545,'2023-02-16 00:00:00',80,208,25,5800,2,0,'BASIC',0,0,0,0,1,NULL,'http://i8a808.p.ssafy.io/images/31f53a59-7186-431e-a0b3-1792cf51d38f_KakaoTalk_20230216_142407328.jpg','RECORD',NULL,1537,NULL,32),(546,'2023-02-02 00:00:00',120,346,37,3700,1,0,'BASIC',0,0,0,0,1,NULL,'https://www.mmthcoffee.com/files/menu/5049ff29374c47a6e96ada2694a83227.png','RECORD',NULL,1401,NULL,32),(547,'2023-02-03 00:00:00',418,312,15,4700,3,0,'BASIC',0,0,0,0,1,NULL,'https://img.79plus.co.kr/megahp/manager/upload/menu/20220630170153_1656576113197_DlT_PINcn9.jpg','RECORD',NULL,901,NULL,32),(548,'2023-02-04 00:00:00',0,410,63,4000,0,0,'BASIC',0,0,0,0,1,NULL,'https://www.banapresso.com/from_open_storage?ws=fprocess&file=banapresso/menu/img_60516dc2a766.png','RECORD',NULL,653,NULL,32),(549,'2023-02-05 00:00:00',237,394,54,3700,2,NULL,'BASIC',0,0,0,0,1,NULL,'https://paikdabang.com/wp-content/uploads/2018/05/ICED-%EB%8B%AC%EB%8B%AC%EC%97%B0%EC%9C%A0%EB%9D%BC%EB%96%BC_-450x588.png','RECORD',NULL,466,NULL,32),(550,'2023-02-06 00:00:00',30,125,30,5700,0,0,'BASIC',0,0,0,0,1,NULL,'https://image.istarbucks.co.kr/upload/store/skuimg/2021/04/[9200000000190]_20210419131723532.jpg','RECORD',NULL,1201,NULL,32),(551,'2023-02-07 00:00:00',143,409,34,5900,1,0,'BASIC',0,0,0,0,1,NULL,'https://www.ediya.com/files/menu/IMG_1647319934174.png','RECORD',NULL,998,NULL,32),(552,'2023-02-08 00:00:00',0,176,42,3500,0,0,'BASIC',0,0,0,0,1,NULL,'https://composecoffee.com/files/thumbnails/281/384x530.crop.jpg?20220905114122','RECORD',NULL,172,NULL,32),(553,'2023-02-16 00:00:00',108,545,63,6800,0,0,'BASIC',0,0,0,0,1,NULL,'http://i8a808.p.ssafy.io/images/cfd773c6-ff4f-4892-bc96-da44390ad54e_KakaoTalk_20230216_142213663.jpg','RECORD',NULL,424,NULL,32),(554,'2023-02-08 00:00:00',225,335,33,7000,2,NULL,'BASIC',0,0,0,0,1,NULL,'https://www.baristapaulbassett.co.kr/upload/product/A/thumbnail_1_201903211048508581.jpg','RECORD',NULL,22,NULL,32),(555,'2023-02-08 00:00:00',276,14,0,4300,2,0,'BASIC',0,0,0,0,1,NULL,'https://www.caffe-pascucci.co.kr/upload/product/%EC%97%90%EC%8A%A4%ED%94%84%EB%A0%88%EC%86%8C%EB%8F%84%ED%94%BC%EC%98%A4_161018.jpg','RECORD',NULL,701,NULL,32),(556,'2023-02-15 00:00:00',0,329,70,3400,0,0,'BASIC',0,0,0,0,1,NULL,'http://i8a808.p.ssafy.io/images/622764f3-644b-4664-82d5-3f12612fa611_KakaoTalk_20230216_141901759.jpg','RECORD',NULL,1452,NULL,32),(557,'2023-02-16 14:28:36',250,5,0,0,0,0,'BASIC',0,0,0,0,1,NULL,'https://image.istarbucks.co.kr/upload/store/skuimg/2021/04/[9200000000038]_20210430113202458.jpg','CANCEL','스타벅스 역삼대로',1291,1,4),(558,'2023-02-16 14:30:55',250,5,0,0,0,0,'BASIC',0,0,0,0,1,NULL,'https://image.istarbucks.co.kr/upload/store/skuimg/2021/04/[9200000000038]_20210430113202458.jpg','CANCEL','스타벅스 역삼대로',1291,1,4),(559,'2023-02-13 00:00:00',208,301,34,3900,2,0,'BASIC',0,0,0,0,1,NULL,'http://i8a808.p.ssafy.io/images/567bd432-1532-47b5-ae52-2290c883039b_KakaoTalk_20230216_142344860.jpg','RECORD',NULL,135,NULL,32),(560,'2023-02-12 00:00:00',365,481,49,2500,0,NULL,'BASIC',0,0,0,0,1,NULL,'https://paikdabang.com/wp-content/uploads/2018/05/HOT-%EC%9B%90%EC%A1%B0%EC%BB%A4%ED%94%BC-450x588.png','RECORD',NULL,474,NULL,32),(561,'2023-02-11 00:00:00',33,0,0,5100,0,0,'BASIC',0,0,0,0,1,NULL,'https://mcdn.twosome.co.kr/menu_image/P_MA_Z_TSPLC_MENU_REG/1000/1000/PITEM/10200028_01_01_20210610.jpg?width=600&height=600&q=100','RECORD',NULL,354,NULL,32),(562,'2023-02-10 00:00:00',75,300,18,6300,1,0,'BASIC',0,0,0,0,1,NULL,'https://image.istarbucks.co.kr/upload/store/skuimg/2022/11/[9200000004317]_20221121145819216.jpg','RECORD',NULL,1123,NULL,32),(563,'2023-02-09 00:00:00',0,622,47,4900,0,0,'BASIC',0,0,0,0,1,NULL,'https://www.ediya.com/files/menu/IMG_1647322366389.png','RECORD',NULL,1015,NULL,32),(564,'2023-02-08 00:00:00',201,10,0,4800,0,0,'BASIC',0,0,0,0,1,NULL,'https://www.caffe-pascucci.co.kr/upload/product/%EC%BD%9C%EB%93%9C%EB%B8%8C%EB%A3%A8%EC%95%84%EB%A9%94%EB%A6%AC%EC%B9%B4%EB%85%B8_155132.jpg','RECORD',NULL,739,NULL,32),(565,'2023-02-07 00:00:00',0,378,43,3500,0,0,'BASIC',0,0,0,0,1,NULL,'https://www.banapresso.com/from_open_storage?ws=fprocess&file=banapresso/menu/img_3becda51fb3a.png','RECORD',NULL,636,NULL,32),(566,'2023-02-06 00:00:00',42,175,23,6000,0,NULL,'BASIC',0,0,0,0,1,NULL,'https://www.baristapaulbassett.co.kr/upload/product/B/thumbnail_2_201904120720348180.jpg','RECORD',NULL,59,NULL,32),(567,'2023-02-02 00:00:00',33,109,26,5500,0,0,'BASIC',0,0,0,0,1,NULL,'https://admin.hollys.co.kr/upload/menu/etc/menuEtc_202211220637225060.png','RECORD',NULL,1497,NULL,32),(568,'2023-02-02 00:00:00',80,208,25,5800,2,0,'BASIC',0,0,0,0,0,NULL,'https://admin.hollys.co.kr/upload/menu/etc/menuEtc_202210110500272440.png','RECORD',NULL,1537,NULL,32),(569,'2023-02-16 14:51:01',250,5,0,0,0,0,'BASIC',0,0,0,0,1,NULL,'https://image.istarbucks.co.kr/upload/store/skuimg/2021/04/[9200000000038]_20210430113202458.jpg','PICKUP','스타벅스 역삼대로',1291,1,32),(570,'2023-02-16 15:02:13',250,5,0,0,0,0,'BASIC',0,0,0,0,1,NULL,'https://image.istarbucks.co.kr/upload/store/skuimg/2021/04/[9200000000038]_20210430113202458.jpg','PICKUP','스타벅스 역삼대로',1291,1,32),(574,'2023-02-16 15:54:21',250,5,0,0,0,0,'BASIC',0,0,0,0,1,NULL,'https://image.istarbucks.co.kr/upload/store/skuimg/2021/04/[9200000000038]_20210430113202458.jpg','CANCEL','스타벅스 역삼대로',1291,1,4),(575,'2023-02-16 00:00:00',243,334,46,3700,2,0,'BASIC',0,0,0,0,0,NULL,'https://www.mmthcoffee.com/files/menu/dd889fd7d1265d386e18be6e1a2385a3.png','RECORD',NULL,1363,NULL,10),(576,'2023-02-16 16:26:22',250,5,0,0,0,0,'BASIC',0,0,0,0,1,NULL,'https://image.istarbucks.co.kr/upload/store/skuimg/2021/04/[9200000000038]_20210430113202458.jpg','CANCEL','스타벅스 역삼대로',1291,1,4),(577,'2023-02-16 16:26:22',250,5,0,0,0,0,'BASIC',0,0,0,0,1,NULL,'https://image.istarbucks.co.kr/upload/store/skuimg/2021/04/[9200000000038]_20210430113202458.jpg','PICKUP','스타벅스 역삼대로',1291,1,3),(578,'2023-02-16 16:31:00',418,312,15,4700,3,0,'BASIC',0,0,0,0,1,NULL,'https://img.79plus.co.kr/megahp/manager/upload/menu/20220630170153_1656576113197_DlT_PINcn9.jpg','PICKUP','스타벅스 역삼대로',901,1,3),(579,'2023-02-08 00:00:00',154,350,47,5800,2,0,'BASIC',0,0,0,0,0,NULL,'https://mcdn.twosome.co.kr/menu_image/P_MA_Z_TSPLC_MENU_REG/1000/1000/PITEM/118.png?width=600&height=600&q=100','RECORD',NULL,277,NULL,10),(581,'2023-02-16 00:00:00',75,136,16,5600,1,0,'BASIC',0,0,1,0,0,NULL,'https://image.istarbucks.co.kr/upload/store/skuimg/2021/04/[110569]_20210415143035989.jpg','RECORD',NULL,1260,NULL,10),(583,'2023-02-16 00:00:00',106,276,33,6300,3,0,'BASIC',0,0,0,0,1,'바닐라 딜라이트 맛있다','http://i8a808.p.ssafy.io/images/adf9850c-70f9-47da-a50b-69ae8a9aa161_KakaoTalk_20230216_142407328.jpg','RECORD',NULL,1538,NULL,10),(585,'2023-02-14 00:00:00',70,190,31,5500,0,0,'BASIC',0,0,0,0,1,NULL,'https://image.istarbucks.co.kr/upload/store/skuimg/2021/04/[135612]_20210415142512793.jpg','RECORD',NULL,1144,NULL,9),(586,'2023-02-16 00:00:00',243,15,0,2800,2,0,'BASIC',0,0,0,0,0,NULL,'https://www.mmthcoffee.com/files/menu/f32901974928a36d3e5785397f94577e.png','RECORD',NULL,1354,NULL,5),(587,'2023-02-16 00:00:00',0,366,47,3700,0,0,'BASIC',0,0,0,0,1,'딸기라떼 맛있군','https://img.79plus.co.kr/megahp/manager/upload/menu/20221230094422_1672361062230_87sPxjFZnL.jpg','RECORD',NULL,833,NULL,5),(588,'2023-02-16 17:13:52',250,5,0,0,0,0,'BASIC',0,0,0,0,1,NULL,'https://image.istarbucks.co.kr/upload/store/skuimg/2021/04/[9200000000038]_20210430113202458.jpg','CANCEL','스타벅스 역삼대로',1291,1,9),(590,'2023-02-13 00:00:00',341,394,38,2500,0,NULL,'BASIC',0,0,0,0,1,'제발요부탁합니당툐요요용ㄹㄹㄹ','http://i8a808.p.ssafy.io/images/679aa736-133d-46ab-a045-6a457dd2633c_image-removebg-preview.png','RECORD',NULL,465,NULL,9),(591,'2023-02-05 00:00:00',0,189,44,4000,0,0,'BASIC',0,0,0,0,1,'ㅇㅇㅇ','http://i8a808.p.ssafy.io/images/8d3b7554-e477-4246-9f6c-cd37223deac0_image-removebg-preview (3).png','RECORD',NULL,835,NULL,9),(592,'2023-02-16 00:00:00',75,300,18,6300,1,0,'BASIC',0,0,0,0,1,NULL,'http://i8a808.p.ssafy.io/images/eaa12ed9-c5ef-47a1-9285-f71186e2b511_blob','RECORD','스타벅스 역삼대로점',1123,1,9),(593,'2023-02-16 00:00:00',243,15,0,2800,2,0,'BASIC',0,0,0,0,0,NULL,'https://www.mmthcoffee.com/files/menu/f32901974928a36d3e5785397f94577e.png','RECORD',NULL,1355,NULL,5),(594,'2023-02-16 19:31:29',250,5,0,0,0,0,'BASIC',0,0,0,0,1,NULL,'https://image.istarbucks.co.kr/upload/store/skuimg/2021/04/[9200000000038]_20210430113202458.jpg','CANCEL','스타벅스 역삼대로',1291,1,10),(595,'2023-02-16 19:32:59',250,5,0,0,0,0,'BASIC',0,0,0,0,1,NULL,'https://image.istarbucks.co.kr/upload/store/skuimg/2021/04/[9200000000038]_20210430113202458.jpg','PICKUP','스타벅스 역삼대로',1291,1,10),(596,'2023-02-16 19:33:12',250,5,0,0,0,0,'BASIC',0,0,0,0,1,NULL,'https://image.istarbucks.co.kr/upload/store/skuimg/2021/04/[9200000000038]_20210430113202458.jpg','CANCEL','스타벅스 역삼대로',1291,1,10),(597,'2023-02-16 19:33:20',250,5,0,0,0,0,'BASIC',0,0,0,0,1,NULL,'https://image.istarbucks.co.kr/upload/store/skuimg/2021/04/[9200000000038]_20210430113202458.jpg','CANCEL','스타벅스 역삼대로',1291,1,10),(598,'2023-02-16 19:33:38',250,5,0,0,0,0,'BASIC',0,0,0,0,1,NULL,'https://image.istarbucks.co.kr/upload/store/skuimg/2021/04/[9200000000038]_20210430113202458.jpg','CANCEL','스타벅스 역삼대로',1291,1,10),(599,'2023-02-16 19:34:40',250,5,0,0,0,0,'BASIC',0,0,0,0,1,NULL,'https://image.istarbucks.co.kr/upload/store/skuimg/2021/04/[9200000000038]_20210430113202458.jpg','CANCEL','스타벅스 역삼대로',1291,1,10),(600,'2023-02-16 19:35:07',250,5,0,0,0,0,'BASIC',0,0,0,0,1,NULL,'https://image.istarbucks.co.kr/upload/store/skuimg/2021/04/[9200000000038]_20210430113202458.jpg','PICKUP','스타벅스 역삼대로',1291,1,10),(602,'2023-02-16 20:29:26',250,5,0,0,0,0,'BASIC',0,0,0,0,1,NULL,'https://image.istarbucks.co.kr/upload/store/skuimg/2021/04/[9200000000038]_20210430113202458.jpg','CANCEL','스타벅스 역삼대로',1291,1,37),(603,'2023-02-16 00:00:00',0,212,41,3800,0,0,'BASIC',0,0,0,0,0,NULL,'https://img.79plus.co.kr/megahp/manager/upload/menu/20230102154133_1672641693373_VjO6HMWWre.jpg','RECORD',NULL,834,NULL,37),(604,'2023-02-16 00:00:00',237,357,32,3700,2,NULL,'BASIC',0,0,0,0,1,'ㅇㅇㅇㅇㅇㅇ','http://i8a808.p.ssafy.io/images/b7d68c9b-1c14-47d4-b88b-0714e6ad1696_마실까말까.png','RECORD',NULL,484,NULL,3),(605,'2023-02-16 21:50:25',50,165,23,5400,0,0,'BASIC',0,0,0,0,1,NULL,'https://image.istarbucks.co.kr/upload/store/skuimg/2022/02/[9200000002963]_20220203082330683.jpg','CANCEL','스타벅스 역삼대로점',1154,1,4),(606,'2023-02-16 21:53:13',90,265,60,6600,0,0,'BASIC',0,0,0,0,1,NULL,'https://image.istarbucks.co.kr/upload/store/skuimg/2021/04/[9200000002496]_20210419131039350.jpg','REQUEST','스타벅스 센터필드R',1143,10,4),(607,'2023-02-16 21:54:19',90,265,60,6600,0,0,'BASIC',0,0,0,0,1,NULL,'https://image.istarbucks.co.kr/upload/store/skuimg/2021/04/[9200000002496]_20210419131039350.jpg','REQUEST','스타벅스 센터필드R',1143,10,4),(608,'2023-02-16 21:54:54',60,130,12,5600,0,0,'BASIC',0,0,0,0,1,NULL,'https://image.istarbucks.co.kr/upload/store/skuimg/2021/04/[9200000002496]_20210419131039350.jpg','REQUEST','스타벅스 센터필드R',1141,10,4),(609,'2023-02-16 21:55:50',60,130,12,5600,0,0,'BASIC',0,0,0,0,1,NULL,'https://image.istarbucks.co.kr/upload/store/skuimg/2021/04/[9200000002496]_20210419131039350.jpg','REQUEST','스타벅스 센터필드R',1141,10,4),(610,'2023-02-16 21:56:26',0,0,0,5500,0,0,'BASIC',0,0,0,0,1,NULL,'https://image.istarbucks.co.kr/upload/store/skuimg/2021/04/[4004000000069]_20210415143811231.jpg','REQUEST','스타벅스 센터필드R',1335,10,4),(611,'2023-02-16 21:57:32',150,125,14,5100,2,0,'BASIC',0,0,0,0,1,NULL,'https://image.istarbucks.co.kr/upload/store/skuimg/2021/04/[110612]_20210415133425373.jpg','PICKUP','스타벅스 역삼대로점',1220,1,4),(612,'2023-02-16 00:00:00',93,265,64,2500,1,NULL,'BASIC',0,0,0,0,1,'ㅇㅇㅇ','https://paikdabang.com/wp-content/uploads/2018/01/%EC%95%84%EC%83%B7%EC%B6%94-450x588.png','RECORD',NULL,494,NULL,3),(613,'2023-02-16 22:09:35',205,185,18,6300,0,0,'BASIC',0,0,0,0,1,NULL,'https://image.istarbucks.co.kr/upload/store/skuimg/2021/04/[9200000000487]_20210430112319040.jpg','PICKUP','스타벅스 역삼대로점',1218,1,4),(615,'2023-02-16 22:34:54',0,0,0,4500,0,0,'BASIC',0,0,0,0,1,NULL,'https://image.istarbucks.co.kr/upload/store/skuimg/2021/04/[4004000000076]_20210415154920731.jpg','CANCEL','스타벅스 역삼대로점',1332,1,3),(616,'2023-02-16 22:40:30',180,5,0,3700,0,0,'BASIC',0,0,0,0,1,NULL,'https://image.istarbucks.co.kr/upload/store/skuimg/2021/04/[2]_20210430111934246.jpg','REQUEST','스타벅스 도곡역점',1246,72,38),(617,'2023-02-16 22:43:07',250,5,0,0,0,0,'BASIC',0,0,0,0,1,NULL,'https://image.istarbucks.co.kr/upload/store/skuimg/2021/04/[9200000000038]_20210430113202458.jpg','CANCEL','스타벅스 역삼대로',1291,1,4),(618,'2023-02-16 22:45:45',180,5,0,3700,0,0,'BASIC',0,0,0,0,1,NULL,'https://image.istarbucks.co.kr/upload/store/skuimg/2021/04/[2]_20210430111934246.jpg','REQUEST','스타벅스 센터필드R',1246,10,37),(619,'2023-02-16 22:47:28',0,0,0,4500,0,0,'BASIC',0,0,0,0,1,NULL,'https://image.istarbucks.co.kr/upload/store/skuimg/2021/04/[4004000000059]_20210415141656038.jpg','PICKUP','스타벅스 역삼대로점',1326,1,37),(620,'2023-02-16 23:33:26',0,530,83,6800,0,0,'BASIC',0,0,0,0,1,NULL,'https://image.istarbucks.co.kr/upload/store/skuimg/2021/04/[9200000003276]_20210416154001403.jpg','CANCEL','스타벅스 역삼대로점',1162,1,4),(621,'2023-02-16 00:00:00',203,191,19,3300,2,0,'MORE',0,0,0,0,0,NULL,'https://www.banapresso.com/from_open_storage?ws=fprocess&file=banapresso/menu/img_0a2935abe540.png','RECORD',NULL,589,NULL,9),(622,'2023-02-16 23:49:51',0,0,0,4500,0,0,'BASIC',0,0,0,0,1,NULL,'https://image.istarbucks.co.kr/upload/store/skuimg/2021/04/[4004000000059]_20210415141656038.jpg','PICKUP','스타벅스 역삼대로점',1326,1,32),(623,'2023-02-16 23:57:27',0,0,0,4500,0,0,'BASIC',0,0,0,0,1,NULL,'https://image.istarbucks.co.kr/upload/store/skuimg/2021/04/[4004000000079]_20210415143641139.jpg','PICKUP','스타벅스 역삼대로점',1330,1,32),(624,'2023-02-17 00:00:06',0,0,0,6300,0,0,'BASIC',0,0,0,0,1,NULL,'https://image.istarbucks.co.kr/upload/store/skuimg/2021/04/[400400000091]_20210415132229904.jpg','CANCEL','스타벅스 역삼대로점',1325,1,4),(625,'2023-02-17 00:05:12',0,173,50,5100,0,1,'MORE',0,0,0,0,1,NULL,'https://image.istarbucks.co.kr/upload/store/skuimg/2021/04/[4004000000069]_20210415143811231.jpg','REQUEST','스타벅스 GS타워점',1334,9,9),(626,'2023-02-17 00:00:00',203,2,0,2500,2,0,'BASIC',0,0,0,0,0,NULL,'https://www.banapresso.com/from_open_storage?ws=fprocess&file=banapresso/menu/img_aa618eecef95.png','RECORD',NULL,583,NULL,9),(627,'2023-02-17 00:11:05',0,0,0,5500,0,0,'BASIC',0,0,0,0,1,NULL,'https://image.istarbucks.co.kr/upload/store/skuimg/2021/04/[4004000000059]_20210415141656038.jpg','PICKUP','스타벅스 역삼대로점',1327,1,4),(628,'2023-02-17 00:00:00',100,340,42,6300,0,1,'BASIC',0,0,0,0,0,NULL,'https://image.istarbucks.co.kr/upload/store/skuimg/2021/04/[168016]_20210415154152122.jpg','RECORD',NULL,1180,NULL,10),(629,'2023-02-17 00:00:00',243,227,27,4000,2,0,'BASIC',0,0,0,0,0,NULL,'https://www.mmthcoffee.com/files/menu/1c1e9e247c1f007fe74c1431eaf4b62f.png','RECORD',NULL,1364,NULL,10),(630,'2023-02-17 00:29:01',0,402,91,6900,0,0,'MORE',0,0,0,0,1,NULL,'https://image.istarbucks.co.kr/upload/store/skuimg/2021/04/[9200000003276]_20210416154001403.jpg','PICKUP','스타벅스 역삼대로점',1161,1,9),(631,'2023-02-17 00:29:15',0,402,91,6900,0,0,'MORE',0,0,0,0,1,NULL,'https://image.istarbucks.co.kr/upload/store/skuimg/2021/04/[9200000003276]_20210416154001403.jpg','PICKUP','스타벅스 역삼대로점',1161,1,9),(632,'2023-02-17 00:31:41',0,370,57,6300,0,0,'BASIC',0,0,0,0,1,NULL,'https://image.istarbucks.co.kr/upload/store/skuimg/2021/04/[9200000003276]_20210416154001403.jpg','PICKUP','스타벅스 역삼대로점',1161,1,10),(633,'2023-02-17 00:33:58',50,165,23,5400,0,0,'BASIC',0,0,0,0,1,NULL,'https://image.istarbucks.co.kr/upload/store/skuimg/2022/02/[9200000002963]_20220203082330683.jpg','PICKUP','스타벅스 역삼대로점',1154,1,10),(634,'2023-02-17 00:34:31',50,165,23,5400,0,0,'BASIC',0,0,0,0,1,NULL,'https://image.istarbucks.co.kr/upload/store/skuimg/2022/02/[9200000002963]_20220203082330683.jpg','CANCEL','스타벅스 역삼대로점',1154,1,10),(635,'2023-02-17 00:37:03',0,65,17,5400,0,0,'BASIC',0,0,0,0,1,NULL,'https://image.istarbucks.co.kr/upload/store/skuimg/2021/04/[107031]_20210419125349904.jpg','PICKUP','스타벅스 역삼대로점',1319,1,10),(636,'2023-02-17 00:38:26',0,0,0,4500,0,0,'BASIC',0,0,0,0,1,NULL,'https://image.istarbucks.co.kr/upload/store/skuimg/2021/04/[4004000000076]_20210415154920731.jpg','CANCEL','스타벅스 역삼대로점',1332,1,10),(637,'2023-02-17 00:39:45',0,0,0,4500,0,0,'BASIC',0,0,0,0,1,NULL,'https://image.istarbucks.co.kr/upload/store/skuimg/2021/04/[4004000000076]_20210415154920731.jpg','PICKUP','스타벅스 역삼대로점',1332,1,10),(638,'2023-02-17 00:40:34',0,90,23,5900,0,0,'BASIC',0,0,0,0,1,NULL,'https://image.istarbucks.co.kr/upload/store/skuimg/2021/04/[107031]_20210419125349904.jpg','CANCEL','스타벅스 역삼대로점',1320,1,4),(639,'2023-02-17 00:41:14',0,0,0,5500,0,0,'BASIC',0,0,0,0,1,NULL,'https://image.istarbucks.co.kr/upload/store/skuimg/2021/04/[4004000000069]_20210415143811231.jpg','CANCEL','스타벅스 역삼대로점',1335,1,4),(640,'2023-02-17 00:58:24',45,280,42,6400,0,0,'BASIC',0,0,0,0,1,NULL,'https://image.istarbucks.co.kr/upload/store/skuimg/2022/02/[9200000002966]_20220203082502987.jpg','CANCEL','스타벅스 역삼대로점',1152,1,4),(642,'2023-02-17 01:12:48',150,346,48,8200,2,0,'BASIC',0,0,0,0,1,NULL,'https://image.istarbucks.co.kr/upload/store/skuimg/2021/04/[110582]_20210415142706078.jpg','PICKUP','스타벅스 역삼대로점',1254,1,4),(643,'2023-02-17 01:17:22',150,459,41,8000,2,0,'BASIC',0,0,0,0,1,NULL,'https://image.istarbucks.co.kr/upload/store/skuimg/2022/11/[9200000004317]_20221121145819216.jpg','PICKUP','스타벅스 역삼대로점',1124,1,32),(646,'2023-02-17 00:00:00',341,394,38,2500,0,NULL,'BASIC',0,0,0,0,0,NULL,'https://paikdabang.com/wp-content/uploads/2018/05/ICED-%EC%9B%90%EC%A1%B0%EC%BB%A4%ED%94%BC-450x588.png','RECORD',NULL,465,NULL,37),(647,'2023-02-17 02:11:59',0,0,0,6300,0,0,'BASIC',0,0,0,0,1,NULL,'https://image.istarbucks.co.kr/upload/store/skuimg/2021/04/[400400000091]_20210415132229904.jpg','PICKUP','스타벅스 역삼대로점',1325,1,4),(648,'2023-02-17 03:01:20',0,0,0,5300,0,0,'BASIC',0,0,0,0,1,NULL,'https://image.istarbucks.co.kr/upload/store/skuimg/2021/04/[400400000091]_20210415132229904.jpg','CANCEL','스타벅스 역삼대로점',1324,1,4),(649,'2023-02-17 03:01:21',0,0,0,5300,0,0,'BASIC',0,0,0,0,1,NULL,'https://image.istarbucks.co.kr/upload/store/skuimg/2021/04/[400400000091]_20210415132229904.jpg','CANCEL','스타벅스 역삼대로점',1324,1,4),(650,'2023-02-17 03:01:21',0,0,0,5300,0,0,'BASIC',0,0,0,0,1,NULL,'https://image.istarbucks.co.kr/upload/store/skuimg/2021/04/[400400000091]_20210415132229904.jpg','CANCEL','스타벅스 역삼대로점',1324,1,4),(651,'2023-02-17 03:01:22',0,0,0,5300,0,0,'BASIC',0,0,0,0,1,NULL,'https://image.istarbucks.co.kr/upload/store/skuimg/2021/04/[400400000091]_20210415132229904.jpg','CANCEL','스타벅스 역삼대로점',1324,1,4),(652,'2023-02-17 03:01:22',0,0,0,5300,0,0,'BASIC',0,0,0,0,1,NULL,'https://image.istarbucks.co.kr/upload/store/skuimg/2021/04/[400400000091]_20210415132229904.jpg','CANCEL','스타벅스 역삼대로점',1324,1,4),(653,'2023-02-17 03:02:11',0,0,0,5500,0,0,'BASIC',0,0,0,0,1,NULL,'https://image.istarbucks.co.kr/upload/store/skuimg/2021/04/[4004000000059]_20210415141656038.jpg','CANCEL','스타벅스 역삼대로점',1327,1,4),(654,'2023-02-17 03:09:47',75,320,77,8700,1,0,'BASIC',0,0,0,0,1,NULL,'https://image.istarbucks.co.kr/upload/store/skuimg/2022/04/[9200000002959]_20220411155904911.jpg','CANCEL','스타벅스 역삼대로점',1197,1,9),(655,'2023-02-17 00:00:00',203,2,0,6500,2,0,'BASIC',0,0,0,0,0,NULL,'https://www.banapresso.com/from_open_storage?ws=fprocess&file=banapresso/menu/img_aa618eecef95.png','RECORD',NULL,583,NULL,9),(656,'2023-02-17 03:56:05',0,393,89,6700,0,1,'MORE',0,0,0,0,1,NULL,'https://image.istarbucks.co.kr/upload/store/skuimg/2021/04/[168054]_20210415135751840.jpg','REQUEST','스타벅스 선릉로점',1176,80,9);
/*!40000 ALTER TABLE `orders` ENABLE KEYS */;
UNLOCK TABLES;

--
-- Table structure for table `store`
--

DROP TABLE IF EXISTS `store`;
/*!40101 SET @saved_cs_client     = @@character_set_client */;
/*!50503 SET character_set_client = utf8mb4 */;
CREATE TABLE `store` (
  `id` int unsigned NOT NULL AUTO_INCREMENT,
  `store_name` varchar(100) DEFAULT NULL,
  `franchise_id` int unsigned NOT NULL,
  PRIMARY KEY (`id`),
  KEY `franchise_id` (`franchise_id`),
  CONSTRAINT `store_ibfk_1` FOREIGN KEY (`franchise_id`) REFERENCES `franchise` (`id`) ON DELETE CASCADE
) ENGINE=InnoDB AUTO_INCREMENT=81 DEFAULT CHARSET=utf8mb4 COLLATE=utf8mb4_0900_ai_ci;
/*!40101 SET character_set_client = @saved_cs_client */;

--
-- Dumping data for table `store`
--

LOCK TABLES `store` WRITE;
/*!40000 ALTER TABLE `store` DISABLE KEYS */;
INSERT INTO `store` VALUES (1,'스타벅스 역삼대로점',9),(2,'폴바셋 GFC점',1),(3,'빽다방 역삼GS점',4),(4,'바나프레소 테헤란로점',5),(5,'컴포즈커피 역삼점',2),(6,'투썸플레이스 역삼역점',3),(7,'파스쿠찌 역삼테헤란점',6),(8,'스타벅스 큰길타워',9),(9,'스타벅스 GS타워점',9),(10,'스타벅스 센터필드R',9),(11,'할리스 역삼스타점',11),(70,'스타벅스 강남점',9),(71,'폴바셋 봉천점',1),(72,'스타벅스 도곡역점',9),(73,'투썸플레이스 테헤란선릉역점',3),(74,'메가MGC커피 낙성대역점',7),(75,'메가MGC커피 역삼중앙점',7),(76,'빽다방 보광점',4),(77,'스타벅스 역삼아레나빌딩점',9),(78,'빽다방 역삼역GS점',4),(79,'투썸플레이스 선릉로점',3),(80,'스타벅스 선릉로점',9);
/*!40000 ALTER TABLE `store` ENABLE KEYS */;
UNLOCK TABLES;

--
-- Table structure for table `user`
--

DROP TABLE IF EXISTS `user`;
/*!40101 SET @saved_cs_client     = @@character_set_client */;
/*!50503 SET character_set_client = utf8mb4 */;
CREATE TABLE `user` (
  `id` int unsigned NOT NULL AUTO_INCREMENT,
  `user_name` varchar(16) NOT NULL,
  `member_id` varchar(15) NOT NULL,
  `password` varchar(255) NOT NULL,
  `email` varchar(100) NOT NULL,
  `nickname` varchar(16) NOT NULL,
  `img_url` varchar(255) DEFAULT 'profile/default_image.png',
  `caffe_goal` int unsigned NOT NULL DEFAULT '400',
  `sugar_goal` int unsigned NOT NULL DEFAULT '25',
  `last_updated` timestamp NULL DEFAULT NULL,
  `refresh_token` varchar(200) DEFAULT NULL,
  `authorities` varchar(100) DEFAULT NULL,
  PRIMARY KEY (`id`),
  UNIQUE KEY `member_id` (`member_id`),
  UNIQUE KEY `email` (`email`)
) ENGINE=InnoDB AUTO_INCREMENT=39 DEFAULT CHARSET=utf8mb4 COLLATE=utf8mb4_0900_ai_ci;
/*!40101 SET character_set_client = @saved_cs_client */;

--
-- Dumping data for table `user`
--

LOCK TABLES `user` WRITE;
/*!40000 ALTER TABLE `user` DISABLE KEYS */;
INSERT INTO `user` VALUES (1,'스타벅스역삼대로','starbucks','$2a$10$R0qB5gphPQbv2CfCwFqlB.3CpXNCs13pIDCoXSspJQgYCD.j/jtq.','gkh4302@naver.com','스타벅스역삼대로점','default_image.png',400,25,NULL,NULL,'ROLE_USER'),(2,'임소정','sjsjlim','$2a$10$8G6APg.hlZ1DO6.00jiA4./nV0lqXxwnOcgMZG6mxAwxbg4RfUjV6','sjjj.lim@gmail.com','커스텀멈춰!!!!!!','d77172b8-59ae-4fc1-b951-cd12e0a8f522.png',400,100,NULL,NULL,'ROLE_USER'),(3,'지강훈','ghunji','$2a$10$bV3Nt4odwn8WF8xYRpBj9OJGTVBoPPh7eOjxrTmUaCvMfKfL8t07u','wlqus2020@gmail.com','내피에흐르는카페인','566c2058-cf85-4fb4-8483-88448c0b05ad.png',1000,251,NULL,NULL,'ROLE_USER'),(4,'이소민','esom735','$2a$10$mUoJ7pG5e1fn/gctE5tWZuGc2laYIGkfcSWfUurLZPZiL7cZLon3a','esom735@gmail.com','som1004','63208621-3934-4b8a-ace2-01304913056f.JPG',400,25,NULL,NULL,'ROLE_USER'),(5,'정재영','wjdwodud11','$2a$10$8m7CvgWWGi3LEWeABJT8L.r68.8.TG0zVqQsqOZdp1LZNlmWcwHYW','jaywjd@gmail.com','쟁이','883862e5-e462-4b34-8bf1-66e5179d3a68.jpg',100,200,NULL,NULL,'ROLE_USER'),(7,'커피사냥꾼','test1234','$2a$10$C/SAJ7R3YLe/9icbqtcBQuG.iwieEJ.umF7U8SrLmgnBolwk9kGWe','cfdw011@gmail.com','진실의방커피','27fac36d-e439-4fe9-9ac8-71b2e6c2c0c1.jpeg',400,25,NULL,NULL,'ROLE_USER'),(8,'박세희','park6938','$2a$10$tGnYNs74DaB7mDwY/r.EjOh0YVPgg.lDGF7mXRKLM8jpbOAW2jH9K','park6938@naver.com','졸령','67d196ad-e44a-4d96-ad93-e8e94dd7dc35.jpg',400,100,NULL,NULL,'ROLE_USER'),(9,'임소종','customIsMyLife','$2a$10$9frhnNYamVUFSFYYCbbEsuyN8kQN0H1.jU6bf2D3p2FwoiBfqLqAK','sssjjj.lim@gmail.com','끄ㅏ아악','default_image.png',500,400,NULL,NULL,'ROLE_USER'),(10,'이윤경','yxxnkxx','$2a$10$VhqXTgFhwAOPjlJj0jk46.aq.M4XR/rXUgJGwK1AU9rXVQbogOqwK','yxxnkxx@gmail.com','윤경22','f792ddfb-47a1-4d30-841d-7262d99b23a6.jpg',400,150,NULL,NULL,'ROLE_USER'),(12,'윤성도','sdyoon94','$2a$10$oUGri28JISUs2Dn2UtCUMuM1Tz9VVo5.xGkl.6ttMdKI07Fvb5y..','sdyoon94@gmail.com','귀여운아치','235092c6-5075-4e89-8fa3-e109ffe4e6a8.jpg',400,25,NULL,NULL,'ROLE_USER'),(13,'박싸피','ssafypark','$2a$10$D5NEfvRDAZSMwkCqY9qZauGJU0siukeLkkRsuLyNZLyT3PglFQH5a','caralim0119@naver.com','박싸피','default_image.png',400,25,NULL,NULL,'ROLE_USER'),(14,'튜브','qwer1234','$2a$10$DH2WTqK/xyv/nlB.3uf1XOnpEiNBmsTvaa4J9FdmF5.uD9.57HsBm','wrd4000@naver.com','리틀튜브','14ec42e7-2a93-4d66-a337-be9ac30caa79.jfif',400,25,NULL,NULL,'ROLE_USER'),(32,'이소민','drinkornot','$2a$10$cXK/oc.oStpY4mni83IPNeN559yOA4qLtVMRkriiyTNELJT4V4Zp6','parksh6552@naver.com','솜솜','8e113936-923e-4fef-ad84-13e815ee46ae.gif',400,70,NULL,NULL,'ROLE_USER'),(33,'이승진','ssafySJ','$2a$10$1Am7j3ENsf9bLDbe6u/oPezwgUc5QrCktJkORsfsMUOWG.Wagzr4O','sjinzzang21@naver.com','이승진','default_image.png',400,25,NULL,NULL,'ROLE_USER'),(34,'손흥민','caffeine','$2a$10$iioy/rHv1LR6i.PHzQHKluseLwyXODkC7YMxZKX1YCZHxxtKatniG','ghunji@nate.com','건강을지킵시다','default_image.png',500,30,NULL,NULL,'ROLE_USER'),(37,'박세희','abab1234','$2a$10$hV9yK5gkJroOAJ8VCg7g/eK3Zfoemv/JD.ZcrDiGxhQzPZ27Aokw2','parksehee6938@gmail.com','오늘밤샘각','589c7d65-5d32-4069-9c56-d3aa3dc7df81.jpg',400,25,NULL,NULL,'ROLE_USER'),(38,'김민찬','kimjih94','$2a$10$OYgYHwlDhqlXaliAMR9iC.2wxiaFeNsYcPkw.UxcJ6iAcx3Di2Do6','kimjih94@naver.com','김민찬','default_image.png',400,25,NULL,NULL,'ROLE_USER');
/*!40000 ALTER TABLE `user` ENABLE KEYS */;
UNLOCK TABLES;
/*!40103 SET TIME_ZONE=@OLD_TIME_ZONE */;

/*!40101 SET SQL_MODE=@OLD_SQL_MODE */;
/*!40014 SET FOREIGN_KEY_CHECKS=@OLD_FOREIGN_KEY_CHECKS */;
/*!40014 SET UNIQUE_CHECKS=@OLD_UNIQUE_CHECKS */;
/*!40101 SET CHARACTER_SET_CLIENT=@OLD_CHARACTER_SET_CLIENT */;
/*!40101 SET CHARACTER_SET_RESULTS=@OLD_CHARACTER_SET_RESULTS */;
/*!40101 SET COLLATION_CONNECTION=@OLD_COLLATION_CONNECTION */;
/*!40111 SET SQL_NOTES=@OLD_SQL_NOTES */;

-- Dump completed on 2023-02-17  9:25:47
